-333335
562860
-1476507
-298627
640641
-144247
-230646
-708316
-793115
2072489
1356590
-57500
-94175
-114074
-621281
1229513
482056
-284846
-1092281
-13617
514458
-645158
141036
-812350
-935093
425842
224258
-84224
-877708
-473426
218985
-76027
65695
-297664
200691
267646
-1551553
994509
-1007221
-1250874
1534350
-1016732
-1099620
-399280
-770373
-185224
279668
-385533
133090
-585572
-187761
314711
-558064
326858
-766635
-82331
-320403
462534
-299201
-282224
-785156
-46475
676109
54283
-1632657
1041686
-701971
364433
-34873
208526
634005
-461194
124175
1184498
-1151387
156363
-923164
329577
-651027
-605750
-1376317
493601
175265
606338
-605850
816957
767167
-220399
1997617
-340666
1435770
819631
1434982
614500
2982
-265950
-135999
1102430
-1152875
-208707
720126
438010
-951351
-1173648
-719012
920645
-800660
44579
1745040
-54817
1107923
1435266
107708
663816
-244379
11809
-742652
192474
-529180
-733851
183518
305913
935142
-249763
-215749
-716963
1131821
-476847
104601
-635424
-298639
-29033
241675
90071
130843
-182001
-755749
349029
-254500
-269272
757019
-1082161
-717104
824039
896142
375728
-1348689
-530167
-523790
-419637
-348678
1328038
99612
269655
-990517
1239289
1357722
-209637
774797
518235
990506
-380287
315340
609517
-300363
390450
-370608
-183193
-101611
-1376743
385426
-1220445
600490
800296
-546744
828737
178743
-551847
-39199
-37832
72587
300168
1784649
368813
1700536
-724701
37240
547678
-458430
-454757
-856050
108868
86368
225439
-9043
-98746
-639736
11675
209037
-1036312
-434407
495882
-130096
-993851
-940635
-323010
371763
-1021620
295414
530846
479697
-434846
-536054
-212786
154572
180995
-640759
953785
628916
12357
787789
-265105
284426
-931720
-968767
399544
1085538
365570
-1283965
453155
-29039
-452800
1515880
-1637436
158664
894024
199890
314091
129348
720116
-173428
45597
-1404495
1245274
-122682
1183612
-1737310
26681
895775
-438043
1363883
-172690
-123175
456831
-1193401
-148704
332496
-143146
-262287
285175
-65306
-619532
-1772452
434551
-988363
-438109
223046
1056957
28751
1406427
912414
-893324
252883
-179673
-1220730
2450363
-739176
598770
151885
1357525
-1622770
-535848
363518
153106
199359
-725909
-556507
-241152
-476608
660059
4860
-834727
153858
-282298
905146
71377
-731447
380082
-1188148
97663
1103829
-1355453
-453899
490864
-12837
-1306563
-910941
-649425
828655
335267
638120
-333912
-212834
112734
-2075859
-589733
2533
254769
1719042
-27354
284178
-1851626
358941
-215299
-148795
267965
-1488298
382641
-1505334
-895054
792813
737412
587729
-120170
867108
-177288
-74055
282671
289137
-930549
431782
828526
-1306291
417515
-528722
-24550
-928614
1190587
-102990
1188618
-799166
164318
-1742024
-1349906
149512
-171506
-462563
-603975
-452403
-516747
334430
-1139155
-1398428
-1789792
-82530
-778559
2295088
1663207
-526667
277361
-1174316
591346
415886
-568561
839234
-444300
694016
-244525
81913
79142
-748425
-247569
-417936
-552178
-633983
662881
-15667
-712144
-489524
579319
-34777
515208
-833841
615309
336036
199460
667009
1332921
156228
-660166
-1002873
-469830
-1316959
-1186733
189351
-89540
416429
230047
-207718
-111676
-252028
143970
1575635
80981
39453
-273063
-710844
-765519
266163
-1079477
1187241
-842139
-347387
404541
-215842
102220
285675
794424
1066994
-1563303
401185
827276
478967
-1077402
1775807
1913531
657029
-360501
-1726691
-370636
-114496
-286234
618475
-614665
-1636936
857663
1415915
-1122613
-139393
1216819
733661
471170
-315077
460351
579404
96783
306484
1519092
1048283
-664197
44783
49443
753731
-431283
158050
-374407
-108246
-1465770
-1597507
275966
735353
455112
443754
1412525
-499705
-393825
-72813
-521615
171140
1384379
-567261
-707650
-787926
-234087
953621
-1171866
186788
1047928
1506181
612458
-264321
768185
-733399
361564
508797
210869
232105
413869
-428390
313622
330917
967270
162383
155735
140656
-36411
1110120
1471041
894361
-2217660
-483848
1851548
-1141406
659541
812480
-1454870
328020
-594765
-923224
-1480065
-897210
1038648
732261
94269
75528
646912
1713897
205098
-1230518
572964
790785
-326550
620962
279714
421747
46045
1734785
1627019
-823517
-64582
-652859
84732
-536549
762605
781720
-346804
-171076
312379
-514850
431079
283097
1145042
-248122
481385
436927
311106
-552144
-62627
512408
1813480
-551496
230432
-673855
-313768
-297535
91833
-129044
743658
-167834
1212693
1295497
288101
-382374
531604
885778
521631
-1837148
1389914
-494996
-594805
-34905
-120385
791767
-597081
702943
165121
-316123
-654748
-415275
41800
160645
-667112
941076
-501468
-297722
653310
-1202542
578631
-142463
-320392
827254
-763394
168193
606980
647747
-218703
1815455
630095
300021
266739
-1189778
-483421
1370359
-2038288
2475265
362849
136144
1416030
38279
678776
293705
-1331604
392759
83203
-400479
457908
-1218331
519473
652192
-575248
6844
-660601
249958
390930
205313
-471876
-408482
1411608
505161
-167676
1974042
-107261
-101447
161878
-1120658
-539217
-1648541
-660319
-651800
1101457
-420324
115387
-706345
72704
-689082
-386378
580885
273177
-286043
-996748
923580
2400176
-1184488
900495
-1038538
1580666
277544
-501317
-551581
1843586
-355328
-294330
-308469
819079
-582519
-962070
-816573
58588
-136575
-982406
761553
-283887
857921
-770853
693287
405916
-1124315
426146
-684056
-553144
-1127992
-1106930
-452835
210621
-509408
-1044000
-2412408
-255889
-25720
-1929334
-1755
-263615
508523
758188
1439983
-385080
-1247579
861741
1194788
832010
1019576
-421749
470751
88710
9167
136774
510774
-1510142
-24986
2834075
-274160
703971
262085
385118
-749214
-589878
36824
889426
300414
-442291
-52522
-1305545
-36791
-930460
19516
629120
546681
453395
-754653
472925
-1329967
-777014
340517
-1341604
-698928
717439
834723
-300712
1835817
-1409664
1405028
-1607288
-802337
79694
651878
-1446377
665289
1742695
-168151
-440540
-1211263
-404423
535800
-677192
167175
-645690
-596495
229791
1617536
-965461
469090
333370
499028
407700
-1304267
718168
-248200
-37130
816649
1311443
-1164510
-757661
337309
1511660
-996672
693605
155124
-141951
-193151
-5652
668895
-86887
837736
-486563
665465
-545006
-6320
-150601
-1081965
627432
-16007
1184541
-1407857
279760
-215460
439563
-360939
-471188
-1260857
-450099
-325966
1559785
-431471
-1784225
-696307
-140961
1061860
1719863
119102
350188
-826147
255596
502079
-2067554
65530
-293851
847863
412727
-53368
-325153
-759034
517009
-974740
905210
7051
828660
60699
208056
608464
-948837
-215624
-519876
572944
350764
566934
1036956
-1157767
640592
1337469
-381827
-635126
-33349
2336333
-18143
-343692
-81533
669019
33831
626697
-2514121
-1400151
-979933
-212889
902733
608486
-389066
1390126
217661
896572
-301836
-495260
665701
499472
302849
262601
-1346922
355565
-213961
928212
385298
-1057922
1804395
-17011
37645
-551741
40538
181573
-617353
-516536
-1079817
8400
-315788
500838
1085710
486096
-326262
-165966
72486
757532
-355825
-612542
124525
-713069
-361399
1869503
1896207
359771
922571
-981361
108036
323058
-187651
2023305
351215
476486
434836
477171
-666228
-1014024
-101824
1610457
181692
-547420
858097
-1184087
103463
-868142
-995631
470314
-706943
-17287
366739
-792066
1598748
55451
107954
-45218
1327949
154359
-248745
607961
-225368
-183860
1219382
-423846
624184
186778
-426565
1323030
-287487
644106
1459246
-213196
-80381
-121530
-771964
980237
362664
-988092
471990
97202
-881268
571672
-1576024
-110267
-384379
915332
699335
1127014
1264068
707251
-644422
-704341
-1465287
558726
-219
715971
-1275885
1156148
-202484
-429543
-547579
-67573
-839465
857877
1552251
138435
308101
434194
-86683
367686
-521042
895714
-1184224
-853487
1984316
-323946
-362815
674541
-348316
463042
-356269
-910508
747616
-1127119
1839
309644
-915129
1222805
1101172
1511600
-163244
-56469
-463492
-944599
454083
-582070
1046139
2566655
680014
1309013
-823081
144956
-280571
450660
-867389
-51284
514658
495382
472380
328178
-689915
-225460
-105535
-1798816
1109173
-206602
1228526
319642
-211124
-849381
-791862
1004898
118606
-1339887
527862
-1358450
1701403
-996272
819373
656312
-260871
-511356
264454
-840739
1624890
-1073736
763736
848653
-991718
538723
1246971
-317940
7941
1214884
242972
-685287
-184382
894740
-610195
-401
812740
-523365
-825341
689090
-402560
948267
555686
603755
668440
409841
-534094
901995
1004509
206265
-514074
-1014025
694361
-517480
-411836
-489062
511389
354133
972782
1227584
-513160
-946031
112127
-398178
39995
228939
641782
-625705
857537
-534874
105018
-195493
-208387
-640833
-585654
-398511
1226231
1573835
-325840
-1007791
-428491
205206
-28373
-523243
428722
594812
-238598
980753
-515937
316050
-460855
-240826
-1265078
632635
-929819
-128924
-1393884
345967
-506867
314046
-527550
700546
-152487
-346521
541025
467932
518425
-993427
65430
-1010104
-1061226
440
589819
360425
-1185877
-779098
1206949
160126
-333642
-1478086
-809348
690807
-1515258
641462
-679355
1512370
-1056778
228756
517971
915585
319973
1252332
91130
-6396
-654645
150516
789210
392618
-401838
1169115
-780023
-558058
-482679
-35461
1356397
-847929
1629952
-1654890
9210
120455
883921
299781
331237
-793369
-363874
-1308329
-904144
-49787
292745
1380437
383916
465923
1213070
-1549456
-674121
-372168
-283699
-684398
285623
-449428
262505
-656413
-71602
1020880
870468
-66662
-758207
155751
26333
984115
-1107286
210804
133333
-125475
290423
-327524
-645767
-21965
388955
-1042885
1015240
-700522
1146706
95181
790349
254412
461439
-9651
-677370
1044384
683700
-543434
-105718
-480528
-102016
245318
-749692
82774
-711403
-320823
186628
-181685
-572269
-461590
409213
-264916
1135108
-1447144
-95471
-121822
-182270
-666461
166663
-952584
-35141
-2203184
1727
1499024
-418093
660565
-881492
748985
144825
46588
1237864
33446
535603
-635547
641225
-1243971
-1167390
663113
-454660
28877
1454145
1234391
-188718
-319634
-862609
452390
362628
61729
1328671
-744164
1280099
255287
-385150
39316
-1422728
-662856
-147934
-868729
166037
1038786
714252
215920
-566409
-248905
-894444
835628
1326474
-208318
51133
-229366
-807794
-1065122
-411974
974304
-327883
1077879
-1649210
-488621
-774899
1397144
44874
-19786
-353246
-25716
232554
-818120
-1084650
537044
-507999
-815962
693896
1149174
257191
106762
830291
-1006051
-408490
-514961
-634512
474936
1011833
646085
867285
-938636
282645
-1243094
-682072
-469641
169194
212771
-788374
-386336
-642804
597883
-755446
-367332
746225
677112
128138
508705
-74084
-445791
612407
-96034
790863
94019
-198804
613845
-254617
1145732
-727505
903305
-539708
1921554
39113
-1127504
-10234
-258976
136625
170462
440166
1816920
-2015603
-453503
-208396
-148256
-269647
-285475
1547564
-435092
-1209900
591117
-743122
341753
379569
606807
-139217
-176689
12188
-245972
1015547
-847735
-764500
-517273
377461
975913
-605660
1260236
-795951
-230161
-669902
-12538
888877
-268634
-323546
-806454
-1861529
-1341447
-288524
-211037
-151430
1086940
-929862
442628
-1478927
561028
-43637
-142687
700577
302020
900751
158050
-604971
22856
52969
629411
829847
6361
-938289
1116287
-334206
110800
483952
-1240043
160663
-79409
-357910
-106450
-761087
95107
-107621
-371827
127233
99000
25878
120746
595203
845411
-713170
-469725
408082
565127
-299807
-133541
-306622
842004
740683
571445
332339
-99118
-888511
408203
-1873221
-865521
-770747
-1586076
-749480
1020790
477175
1000375
1124734
-439846
599804
420819
1799020
878711
-758225
233205
-1053316
951138
-581333
667153
650463
1693540
28208
-2550382
-426737
51844
2319462
580832
480701
254826
60911
45978
-1108368
-293751
-729193
-1058501
-1087672
-341935
-1578990
444368
-119980
527948
340271
40316
-738234
235797
767588
-1302379
354358
426738
-217224
-404599
536918
816336
-1294216
-779018
754236
-356
470744
264844
753864
-102263
-980449
-154801
153528
34015
828366
995055
-633407
74235
309611
313634
-891382
-497593
1072326
658081
103869
-787136
378336
299954
-1233626
-119144
129779
-308075
-1396370
-1214762
85248
-72587
853404
1025215
1412709
-328821
-844740
646003
300172
719646
280119
-176631
-785053
-1129087
-488949
-451340
-558267
720640
-459786
-119198
1948676
-314335
80614
396
1791311
-207195
-168926
-947831
505304
-53092
60682
418812
107087
-1259707
535221
-65176
-466029
339324
713369
155451
-1191082
1139904
1210263
-804384
609824
430389
-611562
197934
-1066732
211066
-1099797
1459562
1575799
452870
-361063
224143
232152
570138
173177
-593959
-709276
1342525
327693
-324059
-702426
952364
-686399
639407
-298236
1160216
-318855
-1308397
16032
1397364
-852240
-57425
64656
151294
794657
-706232
162889
-280422
411182
898658
501997
-1643856
-287819
994425
353354
69236
860666
1259531
-1090548
-582648
-1292731
814734
316234
151770
-126435
687099
1273880
-1271292
-833413
-197892
214764
-750249
-512258
-1300427
-81028
42380
-894378
-111384
-113972
-237068
346652
196801
-143369
-408368
-474717
1371578
186787
-364883
505229
-424180
-1110611
-54940
-278364
1155230
-433504
-267117
-303144
-55113
404067
117740
-620817
759259
351555
-635883
397087
302614
-240123
-211145
-232682
-863366
611712
-472940
104556
-353332
-693294
840629
-384096
-82528
-268994
1598995
280482
-1246407
-1067780
-695727
-1000229
-843419
-36230
73640
1132291
484060
753858
273914
614370
-403279
254686
837898
-655264
-612973
204665
166410
-27036
-1071351
-183405
244306
-628243
203374
225792
68072
280757
48358
509687
-963522
103582
-713541
-634791
-213112
-1120771
744268
-509729
628616
782667
-101264
1086598
-983032
-1028037
1143898
622485
-1068818
-869159
-1326176
-276214
-916691
-716373
-310879
-470865
-166051
670691
276147
176184
424233
77483
465095
-946548
1488066
-349643
-416901
327344
-373504
-200375
-341681
-648854
267524
-286055
910217
-987371
909843
-1551406
214919
291876
-376076
-529578
620679
209639
85672
469029
-246463
831775
360473
1172045
-464759
808106
-337409
962567
-1371315
-403828
-75972
2439840
1038011
-686489
390858
-114246
-319259
322500
-1330500
1323657
-499504
-717957
583977
-702627
346406
-380079
276892
-84479
1450094
-271376
-303856
-249885
-1402176
1023513
1226108
1191223
462084
-108047
1486845
-899485
1648664
363308
335848
346151
-1048868
-713603
-405039
780128
-572978
946372
1026331
1960816
-942398
-78517
728426
1152328
-1143986
1153559
792274
470046
-660966
-695201
293670
517107
1451449
726226
807625
545381
397215
-1485525
-528439
557085
-161400
150201
312781
870938
-1744509
1421904
-425724
734277
381340
235559
29484
-530115
-264709
18718
-101604
-337693
-1478891
-610122
798429
126981
-178757
108595
298096
-753835
-389426
-1262281
723091
-349905
173748
756703
-299767
-80428
27164
-222167
-835551
535166
225224
-497014
941596
-115405
-1315169
-941163
-341703
1110225
225168
285746
-916546
-374614
-148370
-1245641
-50387
945420
-1139029
-763279
998522
200675
1334428
662708
427814
-749492
876708
-635583
109883
954951
441880
-1060390
-1221830
-873389
-461847
-134563
674447
-906744
956695
668650
352192
1008850
627284
633363
-551274
-1358232
-1359053
-96814
-429718
-280277
640701
-158942
661350
-302377
793407
-116804
635995
-306887
306310
88375
842333
26876
-1107055
65920
1231028
1462009
-966182
518250
586524
-477484
168172
1205189
944962
-1064720
116618
-658156
-417003
233846
897561
-558660
-741666
348625
74720
-70776
-1245083
-856342
-1393241
562611
-513534
-321757
1057498
1405942
566141
-656898
213198
1308326
290416
31277
-508343
740805
359508
-1131565
590788
-721820
-1524705
903691
-275905
2451072
679073
255646
-1450408
452693
415334
-755691
59289
-688776
1045396
735072
583164
460589
-24797
520869
1084496
402602
-113804
537050
209627
-1546927
592893
763649
1225002
534445
-1479719
-489576
571995
798157
512601
1319370
-330930
124778
693285
-405806
506805
-147011
22198
86970
-139312
-91935
1288452
-1722718
-1371577
-1438872
222423
162883
836205
168881
-481790
1011081
-627520
576873
509827
80972
460319
-670410
-483333
741302
-683745
-745731
-245614
195319
594681
-251738
58876
-147142
996910
-426952
-16631
736585
70254
-406994
727177
-815877
1066608
-278808
-649805
-32583
633004
-807790
628191
263354
438524
-1862374
654446
496687
-527910
398880
-926562
55480
-472011
-162597
709858
826390
-47786
552516
283959
1069924
-132533
-666721
-701812
1877433
-817984
665209
-774029
257511
-1311129
-737102
871995
932425
-722710
-162312
-359135
-339920
548090
-1624491
800697
232105
1147049
-893916
584264
759937
605210
-1392829
634085
-125798
344288
-371268
253403
-573556
-937309
-381711
101383
683410
1007853
-1328607
332214
-716543
-1241424
452131
122375
614531
580815
-731254
182271
-1665408
-476508
55710
284560
-221981
-812229
-112277
-135322
258943
-298846
329335
-332802
190966
-385332
-790379
-271107
1598037
-148748
-255054
-502449
765692
224880
-37211
-1040315
-1310546
-261392
-517331
1590358
-10854
-271248
687273
959568
-443734
695836
315272
1562708
-590625
797154
-2285369
-973115
378536
-267157
263563
-235853
-1613932
-409634
-1321358
-531482
-940738
-1525654
1944252
-1271841
1523162
-768903
1080542
-297745
-259933
1770573
-447189
36320
-436156
-134871
-263117
-115302
-769159
-1068440
806789
152560
1461672
104484
-786590
-706437
1170828
-297857
108695
-1093595
-375836
-564981
-303079
103927
-40191
-528249
307700
-1327674
-578385
5576
-540754
1099510
1055852
-649198
285804
690864
-295022
-337182
288850
23190
-161931
798187
-286898
-851079
5110
-66518
3400
877781
908593
8689
1494163
-596589
110345
-291406
16117
-255431
895432
331479
-371121
44908
-816933
690439
240624
-78922
2329116
296271
123674
-404501
-205668
18750
197707
617706
1595143
-1921522
-916206
671599
-1378174
350875
-160813
447678
-839612
-455123
-670252
-646035
-585434
-140600
-163972
-793395
-855136
72688
-295979
429526
-658231
929821
-785627
38006
586862
611781
-220418
143469
-112950
459436
-17069
425724
-1509451
1045766
-1157234
-549833
215540
-1850820
-169648
-143657
163445
351307
-295679
-655180
-457500
-2104096
-453001
-239275
601705
-152651
808717
-944853
133382
1714958
913858
1961584
-454351
1125112
871728
-562976
1061453
914734
-113963
-226168
20244
-165795
569304
-702463
-1350392
-778781
-772308
-332285
-342042
-1202162
791878
-675799
-462776
-1046636
-584858
-1099910
-111474
-1207685
-2086455
-257796
-116680
-462407
-536226
-212491
720004
9880
389357
1003473
212478
-769964
-927286
872272
-988206
1083760
-122340
116642
236784
-147592
1139379
214317
-689127
330101
-377164
-1632990
-1462506
553644
-614175
1574295
115047
-259563
-484555
-1371086
819250
-25124
-333839
-152022
1322912
870970
162014
637570
-106810
1086556
105592
-484488
157682
-1784249
-649853
-336998
1574744
-416851
236318
252570
-446833
776223
-203156
-143841
430217
-1709787
1306303
610885
-175000
81922
-1184216
-1206959
-1463176
1871340
294506
357731
-1200344
466730
611772
-410883
-1693324
697681
1058771
-669924
493392
-1031071
-1124182
1713481
430265
2232499
-505924
-929463
560450
-1172504
417850
826162
916684
-605206
-754249
-936962
111192
-332822
-1153119
2223598
19995
648575
-187877
-528292
-1669843
-599454
-22862
15518
-1692575
276045
-1138782
683783
180294
450470
400603
-750046
660235
72858
-242588
-1148564
48364
130323
-796061
822024
-773482
361491
-852078
950670
439971
932412
7403
1351983
93908
-610000
216115
-517041
-23434
-78082
-538869
461414
-405030
-1472979
-272184
-148378
-898960
-339813
596862
468824
707492
74841
215903
-71320
608775
390168
434044
-1961062
88063
-104902
658473
-1200307
-646199
-1179985
98281
-505370
-918853
580681
-435126
-101756
316021
396065
1076778
389954
921968
-230118
-977354
-356507
-47813
198989
1159445
-455765
-190580
97390
458453
-776642
483135
649603
-281015
1269816
1573310
1133265
-843708
215568
-841453
538646
156124
-288835
-775913
451298
-1158487
1869993
477502
-787548
681641
1805864
-637842
-474298
-439370
170110
414669
1293079
124564
302132
-162235
-710690
-1274322
-294434
840405
552859
-375770
-390785
112209
398251
-298253
64441
-264964
-9030
-1211924
-10333
-570235
-1074549
206103
1480377
300042
-725698
800219
609866
268909
-517617
658629
-1327406
225699
-366779
-1058709
-703567
1382515
169614
-71186
-117417
-1037747
-617578
495939
-171147
472911
503543
164824
412326
698468
1000385
334880
454055
-932906
-1062087
-969626
-290226
-902284
2164183
414577
-419212
-465200
676103
-521694
-919526
-653283
-188306
472647
316674
749237
296300
251658
52957
-839100
-555981
128241
1263947
-490206
303297
-228370
-740452
-495141
166452
775864
1190024
-1349608
9141
82110
388011
976058
-706
1291980
-693992
109777
-168469
-221187
-284971
-215456
-214604
-1205215
333721
917526
467836
-446321
1590134
550035
116151
-837568
-802434
-188067
-687059
332243
-93640
1149065
-413870
274308
221904
-776528
598582
447388
-129489
-511848
-69552
-1194703
494765
614619
-1057624
156140
155653
-518292
-1724695
54326
-365793
-368625
-643713
-301835
-320649
-600537
-68204
-873987
-252304
-604086
91105
-56717
-660028
-55284
67111
-184059
-134015
-107160
41697
-18804
1625963
589234
34441
-1218220
-562725
86314
-363118
-614145
548391
-1665729
81494
394773
-117623
280601
-41623
1752121
-283698
246016
-1771672
-168621
-179161
119184
-1217955
-576929
-317611
605498
-480781
1229446
247537
-544143
-895391
886945
-250741
-976673
274370
-318880
316843
125336
872051
121481
41373
748363
-901290
-338129
-297635
-886920
455478
296966
29613
-194810
-715376
77724
-145045
-67440
688108
-307575
387806
1603745
-1329928
370566
-1779543
1022265
-558930
-182272
-520796
-292099
-1079223
519918
197120
-57087
-701222
134293
366057
-1590963
-25291
-322599
-346385
265935
359159
-1572895
1057261
607162
325213
-474541
172524
410665
60083
-1030307
398641
733903
-799507
1490085
-630981
238065
-1271478
453660
-1196231
270712
-411613
-698738
-33537
48032
-709741
1342208
372946
788546
1107165
-672312
-1320489
-532379
559898
-501309
-627023
335662
72828
-598555
114074
-94154
389331
-367258
281582
-1253636
-543273
-379564
-316182
242247
139631
-152468
764221
269556
-1114989
-490144
-301520
-418338
160830
1548518
673159
-682182
594621
-862159
-89381
192202
15383
-1493083
387463
-45001
-841831
-870298
771512
801140
51992
466499
384654
785147
-554864
-123844
161419
445865
-369831
-1159678
325413
-1393905
309595
959795
386110
842154
-113232
482436
10732
-345794
1601153
-385974
828978
959056
-400836
6416
-105183
-650379
-821376
-44531
-916545
1909245
-1314659
1134959
493706
1165799
-728735
-89734
23341
-1535696
-706636
210958
-131608
-1572582
-354716
528200
1998810
280297
52271
-262531
-2745050
-1162656
-612826
-786622
759994
850951
435984
-1158876
14141
-874269
-1403514
-18975
-285667
695525
-172775
385172
-938608
-1657773
605871
-1158855
31683
555571
-486759
-322349
1035845
-948475
409258
87811
2205659
378018
1182288
-593637
-972166
-597653
221417
747270
94059
115049
942417
-424929
1518518
-959528
-739477
-664067
433093
-205325
786734
83170
-436689
-133431
-2269354
-946960
838228
749385
-496535
-1901269
-603044
-986631
1482842
-999576
1135699
496013
-427353
-1040604
608084
-1363197
-912226
-1328321
-157793
-791390
69572
1046807
-1362026
-1359365
-527456
-1856356
-137863
-749542
927294
-1096089
34376
-805406
-732148
-1496981
-426011
552143
611341
-423343
-597649
-444453
-364392
231145
-532944
-287566
405792
-83565
1030699
1034257
1343220
-549854
-103540
209490
183878
-352017
552979
-1290552
327648
-772328
-471499
-823922
414174
1314057
-618854
-1532193
777707
768374
881402
-238545
-61634
40457
-405317
-133004
272663
470996
55490
-176791
-28814
-728428
1534573
-252
1023409
-384331
1137153
-610172
-359579
272783
-1172283
60901
-322133
-297095
289147
636154
365938
-195144
-921426
-1572100
-339607
-555009
-965941
703142
268631
-201035
-946915
296338
671271
-245791
851785
504329
1200960
-33364
154046
561079
-827227
-1583582
-340912
575940
825838
644865
-449138
-763071
-269764
-602082
469204
-215658
186202
-53335
676433
-119862
-276938
-738677
-479108
-931020
155270
550334
-717374
622374
733826
-200330
170480
-9359
-1251403
1137014
-1612912
360010
83481
929460
-200918
890964
-1072092
464806
653998
-616528
940666
-274224
-883524
988194
-784780
-577192
-741965
455860
341871
-322083
-392514
2082886
-462540
561659
-1042999
1759252
-240503
-2025395
-170178
-100730
362023
-1437401
569389
507653
829537
-97224
-253414
-1582610
497857
-380062
1473837
505592
-642524
1715011
34883
-415282
-156081
-541325
1007943
346083
-30088
131452
282445
-766248
839224
252931
-1320434
490488
316994
-226482
718067
-885515
1593071
493434
314557
-216422
13662
335156
282587
1798464
704619
-99078
18941
-553611
422
1003803
-14112
272889
1394336
-320664
204
-611367
451336
-690870
283246
-347203
679730
-408205
1551918
-491478
86041
506611
-208511
412451
349610
-427800
-1168428
1008080
-180467
-887909
-504510
978626
-133867
-833550
-325294
147277
-45299
-313783
-275991
-150953
662908
-510110
1275005
637456
119034
-745589
908427
-881362
-791943
-415854
-75742
-619824
311411
109417
-33100
653867
-115830
-491518
-27076
1435515
-939609
-611232
957234
510266
-558664
1397765
-276353
-1256531
113974
209188
168765
-414041
-173445
-553604
-578091
-75970
1617413
-218861
210300
1168085
1320213
-220283
605448
182108
-1887119
1370408
72326
-878850
-136386
971603
-897537
-859850
-957355
290703
-247666
362081
-698547
-647901
699633
-1333524
-483312
524747
731488
613647
649956
656767
-497769
93781
-771886
894413
908565
803275
982197
412194
-857554
-1179372
1292728
27150
-158654
70155
-446346
490523
-268330
278764
1692337
-112698
-17908
461758
516766
393896
-44039
712627
-1064405
-391473
733775
357633
156152
135247
-581715
-27309
807230
225364
-669174
1251538
-718913
151754
-19600
-1848308
583876
738810
113560
556834
2384106
235367
1489153
-625299
-1312787
1316526
-615205
334836
309199
1408858
-654873
-702102
454675
472265
-1488035
1367075
-1045993
123324
-170882
-517751
66673
-731003
140238
-770873
-1755205
-891252
-33247
189869
-1065576
-858678
-61666
-3221
541376
449020
128608
889186
-509148
574338
225302
-766145
508898
-63899
-440186
218460
-292879
890525
783276
691797
167874
1185425
1244728
312485
977131
-12026
-433753
572963
173094
938104
556100
-285599
683688
-1601321
2241319
-622213
799831
318703
-612332
-1102868
-479478
28671
1026329
476958
-568971
83334
263577
19167
-255137
-37513
306500
-903528
123260
-888276
-206992
501202
229852
-58986
-1168175
-1067952
-300887
562030
861114
-1563897
335814
-578774
566914
-39772
-751646
-287897
933168
1051543
380823
-2048206
537671
442819
938770
579237
-757258
890834
-376481
-862047
-1586258
-228072
1114259
563339
-949733
353103
-127450
1585661
-111567
-113639
73670
550253
175064
-1067879
-1083052
-200822
892071
-960112
-6554
5881
-165101
1894846
515422
-513576
-502953
-461134
468670
875423
-132196
-1040552
-846794
641842
1118625
686225
169462
-1029458
-317916
-231222
-757336
-426545
-72153
-66210
445190
-640855
374732
807044
79251
-565077
964664
-350377
-1436695
-834113
376624
-438096
-931087
-39339
129311
-658609
22467
1017115
-336815
487497
295521
-1431481
-1210708
764472
323475
1424277
-193015
84391
-1057769
81546
304718
-778889
715365
1123279
-655193
-625366
625296
-329406
-67027
-1386088
2043337
727204
-1192157
841099
-536173
363989
-190191
461361
-791377
773063
1137213
1331283
-302332
789547
755111
-410828
-1265152
1045741
-1546370
89088
-1525498
-144561
342209
111892
-1310363
51571
391474
-110103
-134780
-752429
-32544
943701
900759
60913
1275470
485535
-623701
493321
646399
-881507
-89095
996639
-1035783
1233134
-590359
-434961
236308
-381527
510745
1233826
-1675938
401655
504291
540786
-1251021
765462
1358951
-754573
713502
-1675427
546771
-749237
1991333
148474
440059
629207
-1533716
242904
-365769
-260013
-1691531
-138761
-338340
587995
12817
44503
-557124
-237564
-608317
68662
204655
875502
377700
18065
164713
-129639
-205216
538368
744840
658776
-705693
1300595
525168
366702
347795
-1187499
-1063655
827384
474064
-940888
-728273
303056
1048323
-861034
-985065
893436
527180
34517
-87205
851699
-314966
480011
133933
-366363
1215994
99663
-560609
845252
483901
-976979
572700
-472998
598045
447750
319954
-1317326
-966682
560248
1359714
-418788
15540
-321360
690479
823581
-1714240
323518
875512
794497
-417472
581715
592469
-1050742
-430714
874578
139028
-983774
-1557959
80438
-609779
-879488
1444504
558984
405559
14477
-64606
-7844
17017
-146399
-53193
-775103
-244157
202253
1741326
1041836
-464970
-1041663
167449
316698
157388
960999
-502636
-1154531
45932
595659
-54605
-613585
-517934
-260681
394510
-865490
1130857
317215
-803185
185392
-69801
543181
113631
364471
441140
-1133526
212381
1910131
-366240
499460
-146551
-51779
15029
-289910
-643206
-131366
543508
-595732
-1292111
1381091
220461
-98591
-164914
250517
-689512
-389754
103849
-704027
167680
834966
141279
756976
-218879
852072
-22152
-2171143
445738
1072261
253977
-137442
-597028
-1126824
428580
-288705
288587
694895
-12798
686760
-1572768
-344258
-6991
1583476
244190
817475
-528024
396602
380494
-812072
218545
-247621
187040
679443
-1021764
940487
-505040
57723
430639
704171
-454432
-485933
620384
332454
120028
-1331524
533797
-28605
-189747
29652
1042085
-1200628
-75458
-709676
-383083
13079
179562
578976
-545784
477183
300121
-524982
-272684
-750376
121494
1890417
-173359
-390423
250156
-584162
1178691
978237
-275133
832732
-124911
-1315044
477469
1547308
-1234132
820003
728948
-687729
628528
-127001
-282241
-1012080
-505506
65345
487190
-349345
-444581
981251
-1047844
1693187
-931450
-538758
1566876
-1065541
651399
-1414519
-174297
-826727
-756867
-1645494
411701
195958
352259
-490088
1213668
-460499
-745719
336253
767009
-838167
367241
97216
702756
140480
-911950
247630
-1456926
-308745
-659251
1708933
576301
-139003
-362693
-1087103
369187
-768958
-40717
1116123
-300087
-1188513
943762
515499
376370
563203
-448183
-352121
675257
-1084540
802632
330960
-1094050
275321
-488162
474761
-204205
861088
-1331094
-639185
592659
1410066
141284
-45895
-842868
-1438664
1099240
-535560
801121
-679286
954087
-1401455
-1280667
8326
959879
-1081404
-1083909
21726
715594
-835216
-169377
-173205
-681840
-626563
-539870
-191292
-1126516
255432
-1452847
-289483
-478110
490903
-727589
-370387
413329
-1783412
-238676
-817542
-260175
443231
904333
1074340
-853853
1744627
-825673
833688
-880993
-20702
423254
69573
-130146
536354
154384
-117040
-270580
-520686
-576549
-138860
-934304
-421396
497648
224518
-668478
317902
61842
-578464
144544
-156896
270811
-83257
-87579
661042
684400
468325
113705
287088
-603226
-313465
680063
246538
606833
-1642265
-641567
-443366
-395206
413986
1022606
-605845
-1419213
-209972
831910
68673
839047
836251
548729
708752
1065034
-1432106
229527
-421748
541064
-26525
389867
296658
396692
-1486719
-911726
1277181
-95976
-1091922
-566017
-617268
901863
953841
-1861824
964836
946343
-372668
-1395494
838703
1177566
-763570
678824
-523415
-1257796
881720
267905
-200534
918536
-2114318
-258165
-327840
389530
-97875
-955959
957097
-223802
869428
-421006
720371
1704493
209064
173733
560570
-121304
-68897
-930706
-491334
-1813200
325855
-1394879
1078598
316097
287089
398689
226635
385137
269359
348077
-1776620
798425
-358737
829324
249687
-392396
-71992
1073495
-541631
455735
587526
6679
-369356
-233434
-85513
-511171
-1029240
-1453390
702273
-740322
-484536
-18776
-1655190
341968
-209441
-992038
1251906
-95143
170127
-1305207
-285367
140354
71241
214162
-337581
-118980
529263
-807972
18819
1473629
-1292623
486106
705976
-87073
306913
689627
946467
612411
-143766
1216026
1826125
336047
-358197
-1233253
-28185
-1002983
117255
-1319689
-2243005
-545916
-69672
-306166
327273
1245515
558583
133394
1407567
-127511
461169
-1592308
329537
50225
781958
-721165
-936751
398371
18572
-463485
781121
994855
940695
1822688
-210152
-467242
-144000
-41059
547222
-1223527
-29729
1195573
149338
436929
652179
259106
-108184
-181242
-1612737
-1108150
1234791
344485
798937
171296
-955396
827840
-632021
528006
539977
270468
-1139056
1096320
1165196
452818
-1580091
-330194
-126074
1378463
-1953346
585781
656571
-222303
1288371
-224658
-269090
-116933
293017
-1028240
601776
274207
282656
358300
1317213
-1205953
-1212675
-293441
119469
-462328
-263474
-9476
718446
-12750
-358415
746997
-179343
463363
426909
-266292
157001
313707
-420272
-306485
100975
225903
1702207
-49112
-103707
-113460
-1461397
821850
914742
1495942
-246056
-2051821
-21756
748657
-1152546
1224501
1059062
-362544
-1503185
-66671
-9076
-947899
393849
1481811
359344
957155
-288293
442006
-653712
-800435
132378
996908
903094
-68234
-1099471
176468
-1354767
-1019066
53960
-497645
969949
-835962
38656
-1178930
-876153
740867
-802232
460857
476032
217612
825089
180708
678997
128221
1189227
-828266
-574942
590961
61891
-485759
1229774
-800442
-410944
-671176
521063
427129
116031
350882
761558
51953
-552000
-490942
205611
787761
-106696
-411750
-419394
105212
-1641233
260126
259940
771342
-271554
-604973
922338
-932158
-342944
589536
256681
-917439
-492207
320678
-2271971
942069
2288542
235395
313053
-17643
373797
-314829
-89569
-315926
-376352
-222033
-308573
-750974
1462194
112987
1007964
-84355
-377232
3656
-592801
-756291
707401
1237117
-301516
594777
-144056
330059
382702
-1091593
-1618780
170447
-458085
1137286
1330548
-996719
-422708
640571
523824
547846
-748171
1314918
283839
-332976
251859
-77537
-833540
-52777
-62545
285537
166429
-86397
82656
116924
-1020663
446982
100371
-1142715
-641836
-462994
-686871
-529313
-190912
-1054082
-353475
351837
567830
-1525513
750462
-129549
948533
400516
-796456
838078
741306
1072445
379962
-676593
199619
389075
-495954
722451
-201227
-356517
-468340
-896297
-5832
-897080
-481335
763432
-740269
-1407326
-582009
-31182
-1552754
332398
97573
819374
41270
1198337
-1072146
574986
-949299
115280
-71635
124321
-1556344
-1185856
292759
-250637
696858
872062
395724
-851891
2020323
1574851
974572
1145410
-259778
-635627
-142017
-1162373
299982
1499164
-1519137
-1107980
-1106676
801706
-794369
-483080
-118066
459946
-500545
177638
406446
-159545
89280
338098
-448100
881532
-194151
-1404551
1808830
-884298
1414982
-16384
-194215
-908518
-217214
687129
-890432
1338815
-52162
1195867
-214024
578181
-960331
-551369
692860
874208
-446675
-853723
-331461
-583031
-775894
-132955
-21510
-206425
-185052
-383102
355454
456320
1221848
-1102709
-275472
-771794
-13327
-80716
1866769
425171
586431
-611109
-1124565
-217151
1182122
914970
-883555
-630084
831718
-245617
-172496
-1205721
-1364041
-1061492
346674
241840
950456
28148
364530
986457
-409215
-359473
-816118
-1341975
143427
-997941
2141916
-71300
-821104
-609780
1135717
-218246
755224
-1640731
566408
-414523
929320
238165
103062
-1496262
-294686
941942
-34325
-65269
-931166
-483701
-126428
-823174
-822969
244556
-342018
963077
-137137
-1024872
-835694
785455
1855747
-487719
29338
80378
97237
-890547
-15097
-496036
899536
486225
332553
1462254
-33310
7052
344069
573967
-489462
639267
250086
-528167
-1355653
-908509
-956687
1364439
830919
183393
-352098
-539659
-369563
424123
575179
1512187
1920180
-831460
415515
-212684
-582250
-620776
-30992
34636
189499
-242991
-570246
-724352
-57076
-124608
-559262
-742541
84050
-633901
-1049617
1094534
574051
271057
-1538684
1425689
1160109
-432399
965851
-247026
-2397166
839976
318439
-657945
80419
297383
-1000337
-6981
1029588
1461036
221021
-733575
1018354
281736
-295689
-776582
-103674
146195
656028
100335
328124
64777
1115810
-457004
545807
40006
463943
-718889
-416145
-1194707
-1082667
-1343811
264777
424037
-546753
830160
801720
775327
-873017
-84961
522517
64205
256325
543675
-1613645
-370060
-1504879
-829042
-718661
1610782
166560
-905443
808471
248627
-814235
1848631
-377545
572556
170335
608360
-906840
-1090585
340053
408499
-932524
-678755
299801
793522
-93121
83719
-252642
-1672371
266226
-878752
196229
1356864
244604
-745456
-76067
1789234
-110887
275408
-525767
-341519
-730663
-620813
-281797
-534614
-43044
909405
-1626422
-1191027
210746
-432955
370528
579741
263941
488943
-565765
-275988
-410251
-290712
204214
782662
426381
-1154628
-1209200
-602452
-1408832
-37605
-86094
376889
714019
-1321471
-42177
715055
1191217
678660
-135596
-1721248
-894251
578211
389508
-90963
232209
-464394
1204394
404171
-47540
-141896
126553
982193
234511
1142170
-309204
475938
-116350
-751483
-155601
307726
839878
452240
-172555
400905
609324
-13916
-243194
926724
-360243
-587798
-367523
-37069
229164
-62994
-441520
-304043
959829
200500
-2047009
955617
29494
-85509
-411581
-602734
109550
-831088
-1000119
1269827
462308
318194
-395255
189091
1148642
1236045
-986448
577752
-728459
-378460
769195
1009143
-430825
-234323
344426
371602
-667640
342897
-773572
648289
-125510
-181783
-135179
-263703
888529
40266
-625895
916582
-831872
297787
1737406
753265
-109139
1598312
1255179
-1760813
426138
-142583
961673
-920975
-442690
262878
198560
661988
327638
-486290
-1073710
637031
580648
-152330
-1071158
-15767
1002018
-537544
396097
-561672
-208515
-1171301
175599
-188334
78488
118894
-1171029
263055
2187118
847616
-443624
-1214546
691472
307900
-323720
761915
-307308
-1524619
156946
-604710
129386
-572218
-257627
1571291
-1011416
540791
399321
-698396
632409
-116189
155430
-835220
-447430
-289694
-969457
-412495
-97540
-1344989
311098
156078
1501980
-304696
212318
-81345
191970
932466
-293807
559792
468667
-635219
-454327
-969457
-410610
-111164
223679
288288
341288
199594
700807
925097
326436
-485693
21002
-291574
-879738
-1082868
-678686
734598
651371
638212
310889
-385096
747154
-749131
243310
231622
655344
1173103
-119192
437638
-150666
-803584
8695
-823372
181437
-494215
-645610
-101338
-289247
-192046
-235595
455397
-712914
-1355762
261765
1063254
-983171
209194
851169
-1798322
-8242
-303660
69296
570345
891674
57710
75416
-1124876
-402003
595653
494184
539391
157769
1109369
1184619
90605
-449553
-245210
261178
26854
-151686
216822
1318121
-135039
232559
-227038
1808604
628928
176779
-166899
331592
-79757
-731938
629580
-566249
-754974
701866
1956003
-148956
13745
1843208
214940
578433
-761605
-16614
393103
159380
-643398
525981
50486
2424462
643129
-509639
424687
-1697857
-1072159
-1459607
299335
694492
523195
-1116519
-919386
-915500
-283015
5542
854440
1259767
707822
151832
481153
213902
-378639
-97640
363070
-675014
1104163
483720
306236
1282289
22223
-64215
-1094032
-637342
-498111
-499408
126383
111783
-1201085
564677
-496287
463852
612180
-180289
1090271
876629
-266444
-428048
456611
-467721
444227
-378437
647634
124866
-388142
181011
-140955
587377
-292819
332245
-175812
963929
-667231
-231200
-1193040
-312386
485203
-842556
1237704
-2363707
306045
57710
-11940
239702
-985044
8151
-323424
1732757
729024
-56569
419111
-575890
149468
453330
55041
-288884
-852767
-199420
-1443508
-412944
183938
-586595
-738305
644829
1042063
333712
468161
-442242
33306
-561319
-591552
717441
425334
-1213870
166608
769455
-494546
1533431
-41556
281467
-28187
-559680
-508441
-547299
1089347
55388
-462960
-775492
-224799
-998549
1439283
1222413
-527554
557599
-248495
-344334
31015
-284671
-546282
-1832184
-76566
-918413
1181261
554460
251345
695336
-879273
-191108
-781979
-386580
607902
705529
667856
205348
-1022373
-89211
846683
-95847
121101
-2154
-1198795
143144
136127
308533
789689
-23503
-774852
222067
1336164
1305296
559088
1517374
683949
296933
72416
-1910756
387828
-620912
-244155
546473
314309
631767
402989
277079
87897
-821421
-559562
-23618
189988
-138917
419931
748481
-1046240
-255965
-156392
-452589
145242
-732732
134900
-1430048
580177
337082
-488061
103256
39906
-1256722
-285938
-4964
1397588
-1253451
-914780
564284
-584504
-491886
-860049
-274491
235692
949678
-701894
786471
516575
71809
-311172
-421089
162129
293084
-825539
-105624
562693
729591
710714
1282004
-922841
152688
68208
659075
668547
130993
382201
1075768
1085950
-930182
685594
623161
403311
-1563857
736909
-774018
1016704
534735
-139642
-16897
-185591
-515555
309959
939011
1150719
382928
88601
324418
1295751
-481975
-523328
-318000
-613686
1931724
-492156
1032912
-108620
-956856
555374
403835
137403
-697287
-315924
-614126
942789
-743458
-64488
1161386
-402268
-780152
-93078
1639335
-305014
-912400
-1003519
-272815
-13794
1017670
-226693
677956
-2021413
-1166646
-522218
1053195
375059
-463178
-623715
1556311
-108024
155569
898312
830599
142938
-391759
-1045021
-226845
1011260
-381299
621538
278011
-129574
-595160
1707237
914223
-1064388
-800290
-1211284
-466698
1036953
-380763
-697917
-1539634
-1486281
988465
-615723
153829
-451679
-795937
5038
35714
298243
166791
-1266937
-587815
-718508
887879
285532
-596050
1085668
-78664
-657155
-477345
-1324139
-704344
-1159511
559885
-743211
-411998
-1378528
197677
-709081
-1338621
-1225015
152101
-117730
615824
-122845
830840
676589
-963221
-652658
62561
-824433
773587
-1072887
-1758890
535349
713587
173003
-249409
-143436
-709955
-604748
519446
-342610
175668
951208
665561
-569170
698396
-1185079
138546
336882
-935960
100484
527900
21816
189212
-305694
104176
-9371
-34997
213452
217992
203707
472041
1005082
459346
1505914
-1310371
-1322044
-708365
-682447
226178
302148
908179
1133316
25779
177555
-816855
-557044
597882
597238
162709
-1088096
652000
-233718
-440220
-142591
-565994
-893363
611966
669640
-475285
360694
-936109
1067105
1589091
-936997
-1194485
-70722
-1123961
-257369
-543772
444611
320219
310504
8941
-415074
-117536
-1385929
-231009
-589232
311776
-333736
59075
-203713
273623
-1975054
470302
-363108
691015
606922
873920
1161879
-873861
1189287
-981242
-198346
-1601493
241757
491306
243825
-787080
311138
-659416
-83826
-398624
40798
-544966
-464789
14452
293406
247753
-1304652
1165403
-82387
-701136
90719
-1779936
-113058
642776
-859119
-912803
160895
816889
-221803
399245
232074
181838
-863081
-255064
-154823
614274
-89476
852681
1873126
-188467
951163
717878
-1445871
85168
242146
510980
21625
-106686
631862
-93697
163532
285170
-494282
-942700
202917
-490313
-235770
-458630
-358687
-478651
196296
-590255
-409328
337439
-715386
460493
109508
629523
436899
1410744
946204
154785
882398
540379
-663879
82523
-357900
-880074
420187
-175053
610051
-910496
-431348
462831
-1156976
-291625
622716
-335046
-514814
-239659
-205180
-1027290
-357232
-220843
869873
617706
1533213
274382
79251
-532700
-57292
690054
-602518
643634
368444
-631365
-119885
-117051
273375
232983
-36284
-517430
-449248
-984055
-3165
1090733
-378073
743885
713464
-1138127
-951991
-2554177
-1002380
-683357
1326623
50846
511177
-378551
250228
-710866
510886
232609
12089
-491535
-366421
-972494
-150802
-224142
-329603
343992
153525
-16836
751312
96566
299076
-213269
486571
626250
-1294269
-844741
-1189809
-582469
-973188
126429
382642
-983364
1240729
352476
-109530
-721429
1054622
-35604
450108
-349463
-166528
-898192
-246498
629158
-359576
1749
-1601461
152974
-335028
-474813
-62201
-320737
-1192571
-204821
78819
-5508
-919043
35339
-643496
499459
1355826
1432505
-571847
-1066215
1185435
-761305
-443826
-231703
413839
-792390
-449621
-776795
889234
-1617405
-429479
-460961
21360
-43312
-323148
1065061
915263
1341616
-430726
1149825
-390085
-1182752
621253
-535724
-602745
372234
169243
181255
-57316
-370585
1019685
-69289
552110
-1593286
52436
-819685
-41435
929147
-591944
880566
383546
-556396
-1320431
-60099
942242
917183
128129
440476
-1176972
-839365
-906761
122498
-312007
-241658
-316043
-874614
-271049
-296369
-70930
-480168
392703
-92438
-495590
-1662596
197257
-117945
339473
-37978
-1288791
124658
677971
138145
475439
-130099
-1824654
-190203
200056
465583
-586921
-430881
-1022770
-972919
-1074579
812074
-468347
-87218
282201
-285227
-379814
-1748672
-1273573
-402115
-554654
-1506798
-119756
28558
318003
6696
367969
-424460
528549
594381
-510572
-330755
1662039
104706
-1617970
-847199
-370832
-939264
-1093704
-240962
-1450614
600791
1433373
-113327
-1191008
-615638
-10757
-285556
-211845
-1012862
-182295
949048
-466312
-271103
1180657
332582
-305309
-513616
-727941
-636159
1156420
376185
-1666283
422765
650327
-1719601
-580131
-304205
-756344
713820
363119
-429910
-29223
402540
-419945
-851359
-774204
200676
-57910
-77880
-1143399
162600
-1057368
472330
135779
250578
-238801
-1085010
218444
172130
852651
508781
1145218
-569674
-136671
12361
-525938
-507281
-536841
174788
643545
678113
-384710
202805
-130595
1128610
-155212
1475230
-942365
-818336
-16261
-282498
-85254
-769112
-1079017
479481
-79060
-743236
415890
1141571
454510
-88589
10451
107092
785808
-745940
339425
1366841
-309782
-557016
309373
-1406916
-1036558
-800696
-312226
133590
-695486
529735
-1269120
111407
241360
-340719
-781325
-520314
455459
981252
369174
-116724
192217
961970
290830
675249
-695256
971377
297821
-274441
1403149
-1026441
-704084
-546254
-1665652
-956057
969226
-576740
549009
40557
715361
-131170
-351990
-238420
-590110
1335260
146005
-124386
-245786
526518
1516979
-1066018
48526
1513095
191922
2384705
-712515
754013
-37818
519669
30431
400201
-1093892
-565456
-740880
1311683
-290669
1866097
288485
-663258
565797
-455051
610022
-1397009
-2139113
-107546
566646
26538
-802671
734374
633860
108514
979105
-931235
133218
-140583
280883
457
-974362
538795
-625722
-128408
-1060854
-264609
-447481
9433
271699
1255619
-371457
721077
111748
-1498368
-13259
1081504
1038104
-1845302
-387638
321343
252740
561743
-90004
-345235
-1523975
-171004
520182
-284137
-896033
-321911
612134
575006
241222
-1075319
-42247
-959205
-179271
-32960
137543
586327
381345
-248896
-206029
425254
-1045498
-2048754
116122
693055
60624
79833
-1151329
-313983
163261
-722489
32489
-3173
111580
523148
-284692
395699
842560
85745
-270835
209522
-334605
-541386
-747430
382152
-62280
-403371
-618219
-647721
-1155547
-484984
-410256
1082173
-177668
-2788
1701591
-352995
273867
-457314
-576612
-820886
110037
548538
272092
-91399
226853
574661
-192592
-280102
-692201
-1168572
327406
1186490
1104244
-585680
-102086
-245521
-377325
396140
1480174
-392131
772663
-930834
213565
402564
407369
-61946
-367133
-129674
354445
-430708
-187203
-1134825
84356
-512167
102026
1260035
49265
444472
751078
-111450
-762279
1643083
898919
654824
-1219104
-855890
-156476
-152945
1368325
-421053
405346
-1836926
681132
389920
1412614
-723818
-67626
-187658
-119872
884506
500031
-486679
172528
-496561
-413565
-539508
1060109
-1779931
-215591
251881
222850
-86812
1332948
635929
80990
1378548
-828188
-1079639
729594
-202466
70548
102213
31940
208636
-478973
-727433
412057
-745694
-811651
-717825
250916
-681611
1504443
-276851
-662827
-243175
-823821
-798044
500220
-460360
1183709
50406
464650
-878172
502317
866269
-133249
-977056
753878
126061
118654
-566417
366594
-161947
-1333318
-378336
-282681
-187347
-24799
295737
-1026380
-1107995
1397202
-202599
66233
-473093
-666874
-679645
106508
-187577
2051849
-208846
687668
-1683103
235746
876869
-7062
-969151
-138461
255987
-6375
-194863
796609
-579587
-525640
-79881
-847535
-164437
-477921
-249686
169429
-1320647
-440545
-536320
993211
72954
-283593
-1129488
325808
-417142
61497
-301254
1019973
-1762178
670815
1356278
333002
1190155
1752490
-1406022
911097
-497166
813896
-556942
293099
183845
171166
605555
875211
-207362
10769
-25805
857209
-961170
-87365
6833
-426780
990002
771199
-559470
-151209
-1180375
-406955
-1158097
-663982
432176
462622
1072567
-218969
-811985
403687
-187628
218048
-948522
1251322
2345617
1032265
106576
1070986
389597
167230
-356144
-634294
-980531
89956
152145
1177727
114745
-519917
-701541
-368892
-1340717
-1279817
-965088
1021228
593104
556274
1151509
3553
830551
-910075
-84855
676209
1887175
-282941
363204
-381739
537420
600099
1630240
-641874
1355093
-283908
-1444762
418440
530770
188444
-1355009
658448
-1427513
42454
-519350
-114369
-568452
-38972
-1105999
606575
276206
-134008
-14533
1167839
378121
2326135
-1025565
163294
1106337
581744
956981
1269768
-531446
-1178845
628681
698556
546351
-352817
1038734
-584883
619395
-117459
1121131
-542653
-246105
60271
-453758
499862
693071
212311
-66369
-552781
-1013938
779272
346859
-226460
-466302
-2046048
9824
1676326
27811
1231716
-3340
-267763
-363651
-52307
-289449
-586739
25160
-10830
913044
1123165
-1050716
927886
824973
535340
824883
2651782
-139962
866807
-328453
-807964
-521589
-41092
-216420
-642661
-1107796
-155996
-220485
-370414
-2068908
-120204
-217208
182341
123213
-455052
546671
661919
-1337861
-557586
-379205
-390320
-848456
1420351
359152
-789699
1312744
377551
1180334
118204
-549180
-153968
-778391
-269786
-394891
928967
174527
44923
-341149
319817
-79939
400068
210592
964174
-463878
674489
-241681
-1411485
801405
534138
-1388977
-435417
-258776
-170932
1127217
-91471
-1677505
-714756
539659
863825
-573811
1503586
-115061
-2686098
890385
-1263678
1836916
864940
415015
-1648627
315790
834211
11141
-275692
176086
-176727
-278321
-9823
305471
183676
-320007
86796
-461757
954116
548854
476558
-116519
-1174296
-21604
1646474
607576
-10884
198241
-2171760
-272873
482966
551592
1273743
-14103
-454018
715645
-167087
-196559
722364
1148501
-3821
-684903
-287166
-134180
-245032
-904907
-1131082
1480831
-1587284
-361043
-223074
407373
41647
1826202
335266
851089
1110439
541260
-465606
-606766
581234
1155602
974046
406788
1539733
1553596
1409647
-1370922
864968
1449086
-117056
-158829
280902
24112
710081
-325208
801942
-2182936
-706232
-103945
223687
-636485
464831
59800
441037
-542742
-1018272
291427
204636
-885061
854373
-814606
23153
-571385
1940717
-851828
692251
-575940
-757060
1107634
-811879
450254
642026
188130
-60518
-737098
-360023
-142560
-64572
-220178
-772078
363903
-1374669
445713
1351148
-1142640
-1350958
-309418
-886830
-757248
178006
-521998
1462199
-288965
-874914
-1024695
1964058
3341
332349
883511
-115212
166757
-522013
-715855
-266706
-867405
1082461
-1196313
-41818
-699828
334660
898962
-1549907
993701
-1178276
488352
76483
1457416
-714278
-1618710
-947737
-301396
-339989
146744
219825
912725
632774
-358226
808581
595568
660916
86020
27376
422416
109063
-1050746
2023291
791281
-469604
-10117
-317503
-552196
-623204
-922039
-430462
-628861
-1206082
344335
13378
614921
996294
-165238
308994
-294626
-683481
-158084
-535645
-1106936
123706
-255482
1510855
-847526
918718
414719
-383758
-638191
257584
82895
-155364
800969
432945
1075794
-452705
727715
-1409408
269868
701991
-383287
-77863
-2587245
-170297
1230274
562861
644289
37167
323428
387116
-785801
-166509
409344
-1417969
-427163
597607
-235364
-211158
-1100136
18163
1750942
1289203
-781940
1578488
-16490
1364051
875541
171052
-999243
-1166737
-1209241
-1017566
-955035
-447601
-796620
-784582
554693
252005
-305056
-58740
2795558
-749943
1310530
199754
1205205
-301775
477937
196063
-859111
388327
1044654
-799548
72448
-298222
-25214
-1754594
-184895
955293
1159905
-65503
645255
-184791
1208769
926547
-722623
1489507
-442252
377094
134179
-73843
-889408
-784477
120574
774383
913521
-92115
415050
204471
-1487384
-989818
-404350
-306993
-580082
307969
-465510
-818698
-244254
93144
700193
75369
191583
286491
2016721
1285162
147035
-567108
-240036
-896032
-1724921
-279638
654184
-32013
49544
-130776
-1012280
107985
242524
634017
-579205
887086
515072
611064
-536265
-520680
328706
199175
879258
-1006389
-940543
-381664
443573
1073009
1185617
479582
-421018
1406400
150664
1560399
-224935
554550
-1152346
87522
202447
-173221
447518
-86885
244995
431632
587256
504011
-241180
303689
-575691
-278090
-222022
-1530840
-17809
-306157
174316
1072331
175040
-593363
-1200762
725244
-1389640
-419669
-1141895
76971
-534623
-655342
1391531
-827938
110598
935597
-417027
-674184
949730
-394584
1100746
1009475
-623477
-1211781
878070
-448969
1242532
-813962
-5186
-1677523
354547
-142888
-146499
-1342470
-1140324
-1017519
-954873
-238197
-837393
-1416412
-311867
-496631
-624351
845740
979521
-886262
473836
77455
770098
-1664849
-675676
-365127
-308675
367300
1040357
-226257
218163
694694
-875845
322436
59027
-1315193
-501863
40935
803839
-1691726
-894926
-552151
-734217
-874140
-312867
-1663959
-691399
-1510655
-445141
628628
633882
-1692186
41188
179145
-1429461
461756
-1067305
-436567
1313098
474105
-1490027
-510667
679750
-914512
796028
986852
-412947
29738
-64686
-1413986
1398631
444097
1297117
-373423
680399
79097
-1477133
-929615
853997
405542
888145
-1041803
87366
526205
465413
-1331614
-1035638
357246
-554917
-83727
-573086
-341025
971264
-724916
819833
193057
233144
-1303986
-62047
-579320
-104183
-1780737
-438579
-1110377
1121833
223024
-273777
775444
-1903985
428507
-40295
616072
277075
-932467
-1255955
-754191
-644579
992813
-266228
-1112190
-365690
2163531
-1217521
-1083040
-876784
-402257
1229022
-119052
-191581
1127392
-461679
-499299
-417508
-2040575
670014
-1705154
25855
-1164162
637113
1162961
1979165
-454360
293003
933209
-143171
294280
-1175819
-176993
18453
-369174
147740
-1257768
-1175476
-86915
-410237
-119147
-804008
-900327
-887079
924305
-355309
-233701
1698109
-1597420
-221589
-855813
-20443
-426558
-128023
-65834
758326
-926845
-346021
40163
-1148519
578927
1162426
-448121
-585079
31326
-285740
-755906
-469917
502161
1155039
-755481
-261877
-155518
3705
1657240
504453
-434626
-747894
428859
201896
-391347
787631
-369380
-1004906
900062
876065
-319134
373641
306579
-312343
468085
-263992
-313453
578192
807641
-531890
213706
-214773
384039
-359368
-1308279
77576
13591
-600756
677898
244657
-226740
-157277
-635765
-671309
107115
-298872
-404634
-312364
817459
-1283882
-485959
420240
493615
-473053
449399
79161
-771605
872456
1919112
191782
-243300
-474067
-171657
402639
-1931680
17839
-752205
139726
-1637135
106556
435767
-351137
713914
-399624
-655011
-35463
-494531
-271184
53526
264291
133139
-1018828
630692
290105
1476605
-895229
-795615
-732893
1082222
-782274
-1772594
1613407
344954
101453
-506077
-402499
333704
732151
-47630
-4037
-522485
-10974
-1290157
415182
-537997
739845
528741
177317
-682367
-524012
520807
1634678
251760
600415
232502
957048
1140680
499770
394827
-721691
561791
1106734
103851
-1638931
-102219
604688
-129191
-1477872
153712
905785
778672
1564913
-330526
-364484
1142183
502023
1321003
328732
636851
579886
1239107
-298759
790508
105196
-1079463
751638
916335
1663400
414524
-571759
1257615
-263014
-202401
-544512
-674558
1102901
-282446
400512
255724
-377412
985754
-569546
687722
-1186586
-826495
646952
483504
-78477
775969
1358451
1106823
54503
1084959
1485405
-674581
1057469
-160958
295387
755640
-368246
1185312
-37619
-128407
369100
1153958
-191154
547995
1328553
-1529710
-895055
1240791
-599208
-2209781
-1036511
-405558
1324139
-576226
123848
-445499
486194
-1692279
-437101
786604
949880
-479563
225437
-717363
745400
-729123
-901728
348344
-236055
286051
820410
435779
1643483
707110
-357338
1003536
641077
1806997
-649537
-658046
-456196
-1211089
290922
-222929
74150
481179
69896
624627
572504
-274337
-1458966
1352563
699141
1138757
119692
683224
777372
842261
-1816492
2161
-446424
17685
622023
1083352
221627
166691
1449567
376810
1283608
-191814
-142722
255585
-115270
-45098
387200
-242885
-261151
643618
1930932
-250759
-1031092
-976429
-251283
-829137
-362554
1187151
-1733977
196343
883393
-118136
1810819
583267
260176
-793550
-220743
-1799334
-343557
-354926
898018
-1555832
-453837
753914
-31264
384310
641328
-180408
293987
-277835
-350733
-2602514
-553928
494266
-1195088
-1527091
424285
215397
-270647
-268630
262298
-699027
878055
740469
-625255
-654649
1381597
211673
-788455
-1273013
-258118
650563
-536197
546056
405548
275087
-356019
894610
-929412
746757
-686707
-611962
236480
-888887
-1175747
106531
202909
-1335992
1036980
2292322
-1891815
65572
1679591
-129302
582230
522522
-634422
1166485
-601194
558112
-1346755
-1695360
-1044635
1021841
836521
-418937
-552851
1340294
-1254807
663150
-169674
-419511
200710
648891
-97984
863589
-580160
-358651
398271
-84541
1543698
92962
659206
147684
-257597
-100327
-480481
-526109
691665
-1384559
-1170955
-346800
-698622
686926
407694
287478
-413732
-165498
720251
105014
-498104
496790
410225
-344773
670033
507567
-967238
-329650
-137958
867266
1627813
-420886
-1217177
-1250298
-693928
623407
403132
77983
1144063
92022
1289673
-50164
-875967
895213
95239
975679
1662482
507011
-474622
-892746
255038
731501
-814740
-1137637
-556179
1441641
-1121718
-161823
1443026
-1680648
448191
-289366
1280968
-461961
-491572
3422
-430558
-153882
303858
-31283
758780
578378
573837
515748
84697
-598707
-1249069
383466
925037
486305
258629
-416551
279209
284517
532679
373564
345350
35714
1050908
-256042
1209009
-532337
1890394
-98380
-417776
635131
-488217
1010697
-134148
-1424172
1313840
-418868
302392
-1659003
-161871
569807
110436
98181
-237621
1858267
-304149
13607
569341
1014592
382178
1313391
-112251
-247299
418626
131127
853862
1071159
656179
687936
316125
401494
-802167
627188
679463
601272
279643
1202730
-905479
-405412
179202
722592
-929425
-619676
-137445
485756
1172182
-1095461
614453
1058002
703627
-57565
107087
477134
-286497
266083
484995
697682
465509
-845943
662044
787744
-610948
1695435
473905
590253
45243
-1230092
523656
-677047
-208444
-338543
-684649
141461
-635348
-679749
-1080972
431169
-320434
-435992
-378386
-1196801
934069
-1348789
288528
1358335
1187441
-1024440
-323336
1479988
-816246
344446
-2156567
731505
-589155
1369406
89220
1986876
231196
286194
-534573
298059
-81650
-419622
839288
-334762
640573
-574661
768110
-166192
143813
658294
533671
27442
74670
-386215
276954
-729807
1068649
62838
39813
-1268452
4572
168432
-1004187
1063000
514346
580471
-1303920
555174
-1113996
-392755
1603687
1007791
472809
51389
580242
704333
1434248
111135
668236
-681115
-71793
106899
326665
1187667
433829
-330772
-1340416
-197968
663427
293280
373995
-36845
485542
-741147
-204743
-831797
942042
1140567
-668700
-251571
936813
-1130444
1792822
335401
-657600
-1219489
-696643
431602
-140969
98807
963498
-737737
604079
-1238272
-378363
1471917
-137954
-699632
967496
721916
-866113
-666784
-1317290
34007
20427
-1062742
26114
61509
-660332
-734516
1179245
511058
14347
-528325
-1196941
-570674
-217742
-1183214
276505
-1085632
2124306
300773
-559397
763694
495580
66446
44519
85913
-36428
-423668
153752
512746
345233
-594278
678701
702738
242603
-692238
218768
53287
193073
400555
-2076468
-103869
1180767
-472350
-498612
-1291264
-786064
281478
458149
-391864
909940
-1071925
-1891557
-841782
265628
459745
631322
-540543
1416313
-917701
-215791
1040027
2148884
351300
-86700
1607886
477465
-362436
-191963
1033920
-539193
-96683
-902927
-513112
-1240011
-8927
42242
-621742
-954852
292717
-709785
-303170
-22971
91627
540759
-931757
944747
-1378596
-342092
-365904
-44516
-1306309
-229377
1179529
1293290
371742
-227516
811228
1009839
-468405
-1672809
531565
-2785413
548219
-1033219
80039
-171563
437230
-1036133
1242077
-12493
-346210
120521
548667
-136395
1721521
-513459
139381
-29982
547669
767234
169484
-336657
-769892
696714
684132
738758
461206
130902
440174
1933123
-1961070
-266839
548071
603785
-450742
533663
-489820
845654
-133542
-719386
-1094014
-100207
-599247
149565
-596268
212608
689251
770173
-594925
496002
33998
-408088
-14493
26000
-624290
-256535
837246
443258
-1605466
-655474
1148145
583148
628374
-1113429
1410089
-538996
-1136953
-926744
-707847
-554131
618423
1048940
101762
650993
557210
375883
-761401
84575
-266489
553950
-618040
-264111
1998449
1244289
-859564
817290
116173
57106
343260
234322
-438155
1094276
940972
-1221942
897742
-63067
372124
-388651
-747017
166100
1031968
649307
2764490
-56068
44448
192520
107645
524412
386786
-101871
-792794
-336791
-593517
-73119
1097890
578666
-984017
-989723
116009
951052
-951762
671353
1280368
-546442
-1177420
-1018999
-610355
1190163
-542113
-577073
-974314
-1013900
-602609
713716
254352
166540
124169
-270768
349127
1173022
1239530
375806
-414505
93714
-1192200
586029
897686
200683
1364504
143761
451378
138369
-428694
-1318711
371414
47686
-188254
-1178497
31620
-1187493
1055215
469082
115031
318819
1842644
-785223
-430527
-188994
-791070
-612682
-411089
716785
-775742
-444502
734233
517222
-9193
1123643
244909
-258783
1101006
-913798
306875
-294445
-426104
-597917
1325576
-681750
-805757
610632
922678
411932
904688
665500
-20396
890473
801651
732728
-386461
-103859
806990
619330
328350
-520654
1076089
97994
59197
-287580
1043500
2020206
-736644
1119339
1020948
-133467
-390527
-872674
-385475
-1154153
-836514
320051
889233
-1073363
668842
-183421
-1077454
-477265
658279
355979
-1198954
58540
117064
-402197
-333392
-87981
563793
-117234
1241690
-227692
360101
1651424
1197631
-13095
-549365
-1425036
-2102714
1436835
-765692
-122278
675220
814620
180311
1080263
961187
-611015
765894
504269
899979
666774
-451075
-885296
-732075
-1372454
-271937
-617275
588782
98928
-55834
1259990
366508
1155549
599902
826115
-1287479
-1137126
902723
11893
506781
-854361
303964
-1695597
-230852
799624
576470
-49617
26375
370960
545102
421154
512072
969386
-243486
-547612
-1296216
-540918
-31056
-1540850
367104
6557
342350
431681
982054
279098
464987
754354
734572
-1516092
-707568
1757509
-516879
-1856541
570465
68106
-1486061
514086
893735
1230736
-133477
-679963
796395
220470
-970936
-496368
-1022485
973979
-1193636
-214602
228205
1649161
2567
628151
-934115
707385
1219549
-7360
-289123
-370299
-395171
875255
-651295
-311398
250514
-881413
-501569
-21920
-745644
626579
729962
777662
-949982
226342
-1549001
-638079
-1008229
-385255
-2183141
200726
322759
-153973
479014
-587485
-882940
-431805
-1549322
1688
-1121371
-687675
-889124
-878031
221233
-780340
-224313
-637124
1121058
-673320
404078
356440
924034
378227
-625492
1511607
1385919
-242778
707176
-604595
1772833
-1057430
-1070658
406002
988366
-204189
-263237
-403059
-1830397
40895
-708503
-707040
-551612
1151192
888438
-263248
1127819
-503549
-555039
70498
558619
184057
-40028
939050
482570
920529
-274630
787848
777178
-1070185
782194
-243057
-67531
-617615
-502840
399838
-151536
927240
125262
228757
1176013
64241
-282088
-9337
-710734
816295
1781520
-1053504
-912961
-150960
-770830
292432
975935
-178524
-7789
-228619
197743
835224
-1501476
-326127
-837649
-408314
490971
230268
782979
-1185518
408013
131412
901561
-380408
-2435544
-520031
541613
394502
-214990
8374
957737
-43164
-699102
-213250
-1150571
501432
400782
-211033
-1147767
736906
2033443
657800
819583
231435
-146344
245047
1821305
483171
684747
-535695
-404523
448064
-466030
-605329
-121929
-81999
-727902
1260075
-288568
-487904
-573948
82934
46621
177047
633287
141220
138189
-117616
-292356
453094
-575461
-588558
-258697
1523098
393176
1348212
1019405
-1333691
-1027171
-512017
577938
944775
874227
90426
-1164720
467834
-1022272
795431
635886
24941
-203330
-1938294
841536
-145055
-772966
-848111
1695634
-814494
223716
340754
177431
-48636
-226484
-313193
733901
-224970
-856653
395267
-627244
906869
219176
-994972
1747817
1026627
705642
-118737
-463244
-1152661
801538
-1623732
-480468
-84637
92478
18078
-789739
-817894
-422355
-960657
698229
-704614
709898
282886
940657
-1467493
235163
11132
642939
-730404
917485
972067
1075534
-815446
538143
-121600
139052
-508880
-1189457
-179109
-1255650
-42239
-506349
506862
117777
365497
-597246
-513761
-226511
360988
593796
-1237121
-76409
21846
77171
1233917
-791344
-923847
315608
211850
-512082
-56806
284671
1110011
433648
38931
200150
-1397026
-849614
-595407
-484891
-2494232
-284774
-64214
-699924
1217658
902662
537876
354539
-350410
321989
-212000
1071315
-368463
-324201
834878
287540
-1812330
-1176000
298511
-384223
720077
-529106
215680
707911
65538
-904288
794410
437376
190437
121581
-475031
257207
63649
-258275
-682896
327989
-1024991
302469
387020
-828516
301012
-220912
-7167
567125
3234
-44309
-670325
914749
-763686
890249
1449705
-198729
633764
236294
424611
833240
-1845585
880658
195477
663710
390103
-65359
467903
347051
437210
271703
1424146
431778
-724127
-567501
205331
150580
-236809
73551
-1336832
-222733
-33547
193525
966940
427053
316980
-2165989
85463
-398584
113047
141829
-1513729
-919400
-277138
779299
746358
-489361
882966
-1162763
574585
-147006
137741
552982
-1324048
449656
-508465
-245498
507878
658212
983465
405300
622310
-1004888
476078
-161841
-997418
-1611252
-998774
1009022
685880
973288
733380
-442539
1788838
-196273
904652
514573
103308
500828
142723
386928
514801
1874823
821442
-1066181
981730
856228
796226
1210894
494674
-11939
-915788
-1235678
-488152
316795
446494
-336324
384621
-400714
423428
369257
343906
-1206287
599661
-890674
1137329
-396999
781287
-619235
-709401
-328619
356396
1474704
-991016
814306
-491399
-401224
-1967215
-8188
46421
-229177
18885
-2092005
-162553
-1048226
-1265052
-771327
-15978
384449
-172643
-795590
34073
-645254
-484270
-1192615
908257
166531
270755
875163
-312019
-1178371
-415142
-129844
423466
-590109
-564065
307164
-313571
1994594
638954
1063895
1352299
-374756
-1121944
1797195
25266
736388
-359565
161894
-1934206
-109914
-1317168
752401
-182372
344340
308556
1253397
-575873
-6223
-97140
141387
-641738
-152028
-376801
-379408
136424
-546833
400585
-1070652
979868
64602
337688
-118628
1556445
891808
1262333
1571125
1208827
256287
242977
258725
-300107
2775785
346924
1739798
-674825
347034
266636
-398290
83843
-477360
-796874
-791034
-626611
403443
-1666479
168792
1126848
-175652
-365139
68119
-599617
159374
-996519
-786733
-707882
972352
-347699
872795
-425491
574498
-32985
36328
-313835
492705
438853
412309
654838
123311
-1608266
-74520
-150942
-641236
-601296
-547986
-775554
665807
382650
-316762
-68820
70159
362319
-528019
896729
-682758
-235472
483527
1163151
-1197180
456781
-1169673
303557
-217196
-279392
219280
-982000
879665
-1115085
-95748
-1220090
1956475
293632
420749
-975904
-145089
-832510
137710
-394859
-1195440
-120225
-367650
-371868
325019
382508
10361
419530
-1192715
1116684
702403
1025544
310376
806804
-669677
258691
196116
745134
786811
-2205136
1502885
273
-1250016
712476
-1019638
232054
28324
-262091
-207019
414040
-418220
-745718
810831
-687928
-165601
751641
-264165
-1272214
-64533
-252031
-687777
858374
-149493
-966004
-942868
-356598
478705
482283
-446187
394752
-742779
-1520462
519412
-546622
-133606
527827
1351728
856381
-55208
-85813
37156
-1151585
1324349
8116
258356
-593621
277697
-515425
346418
1051820
-1404085
-444329
-103326
393552
-842794
-277546
-457320
-842346
-97491
1114099
-1878990
-239165
112994
400224
73197
-125970
-378492
424770
-170304
526026
-1324973
-849114
-991809
304773
1257292
903641
-674631
646601
-1562454
-434863
567064
-478553
-548789
-376754
682037
-239303
531845
444893
1468941
-458315
681421
517909
-1040471
1406941
-618686
-63580
-469867
-91579
644077
313307
272191
1333660
808686
914204
-204511
200727
55720
974332
1064428
-576499
1457706
-126842
1103895
1310417
1952864
-1113972
2204469
-281489
961194
-101892
-129636
-1115736
-416871
715162
-21374
-158877
472651
-401418
-1930042
471800
-422235
-654787
348957
2000338
288941
522550
575887
1214378
-727106
2382037
-174309
199711
1270678
1351240
-318599
270735
-915463
450747
-984888
229398
109685
-30384
-97427
-31023
-377390
347290
-597565
842962
205632
-71453
-753209
-120214
53098
847006
-179146
601954
-94305
-2201433
-1281247
300185
1173378
-370484
344034
253649
-283908
600493
152974
-489263
530959
-554961
713076
-403098
-722522
-183374
-788126
183480
564868
1416669
1017779
-429244
954016
1831819
365903
100080
-179919
387748
650157
-389733
72203
419695
1336042
-1293564
-773856
237848
1107356
-30107
818094
-1088052
-511661
1448440
-801489
-658686
-415315
919379
-522549
723263
-1025202
-553884
-1646983
130623
-375593
14571
-1417143
-334179
-718605
-320093
-370576
-269177
-1254144
208013
608118
-469591
1489879
752959
401599
833361
116359
703985
-501243
-736077
-441246
-747063
405173
680464
283941
955958
396190
-909779
698521
248161
-357476
205557
-65339
-315087
-693726
-634251
-1446542
-891068
-211801
-745426
-690258
166429
-1096896
-77950
-1040540
51419
-873055
360119
504820
-866930
330966
-295805
-7946
669321
85096
-1004660
559222
-248644
525261
125276
1596821
308636
340468
-344734
1331377
464643
1450231
-415618
72245
1041290
2064634
-1409345
-693424
-776110
-757031
-346395
-60523
-307940
-336259
-705316
546269
-80317
-255045
-530066
-537344
678073
-448601
-180164
-176282
1108419
-944036
514989
-843684
284098
574118
-222671
868622
483111
-615145
292787
-326089
-409884
1290787
-2903946
-1168966
-88533
-310714
1370893
315649
-321443
-496914
-1415024
3611
280746
248744
-1050951
907798
867295
644358
-303510
-821492
-551529
-216263
-320934
411816
-518202
-810329
152860
390087
276502
-477802
230004
65524
-435942
1645236
129808
54684
2305405
-861101
829542
-206297
-484467
-320286
167834
692149
1105987
724971
-865967
902497
-1107654
344070
260906
-259409
-1249041
-160586
632956
-1386565
-478351
360603
-246179
-902465
481968
-307919
1109256
108554
1437828
830570
-826581
650490
-380491
75449
-1035222
-1066914
544769
-1786366
818274
929270
805902
656929
-220696
300732
-767930
-1460700
-793284
-852649
-188797
216687
762081
325637
-1125287
-108037
40644
244913
-826233
-450120
-768459
-1377027
-99871
83992
-1245038
-640706
392137
-153312
-263776
987667
-44677
476213
-315241
-27022
659586
1046649
-147514
-1097667
50708
-893933
-1209513
128317
-329969
-428667
-220546
-351107
-1709300
41568
-225841
281801
-1209740
-1653368
-370059
-687339
368986
81524
-207409
-586011
-595481
524539
469173
657361
-52905
-519027
483633
45265
-879971
-56225
-590030
-314268
286073
-576994
46089
-753685
147394
-323014
287002
339017
-663718
8089
292285
678451
857589
396342
554145
-18887
1152648
102887
33166
-197007
834892
294477
200517
407012
663654
-59910
-410244
-515173
-809779
-1047545
42256
125270
-356210
627661
348904
-225792
6432
-184421
-651590
719186
-913849
652586
253690
1023514
-328452
321842
530268
172168
1180052
-1007897
913832
39157
1627211
-514329
1477025
185558
-233317
1000582
643693
-440512
-253541
-1347041
1225114
714562
432810
1296909
-934818
1690509
462439
997956
417768
208644
-1052804
-610056
-756104
-720
1029183
158121
811255
-525820
118765
-1460837
768529
86729
-629268
256024
893603
-208913
756049
783018
1572936
-1401491
1524588
382249
98237
355353
-446654
787247
-411832
-692003
-140010
1922113
172844
-1342499
851436
459990
1187797
56463
275036
1276743
-641896
351156
597881
-96104
53364
-603158
-438040
-629170
441632
116085
1214444
207106
-858900
-560775
231552
-91411
-687067
656461
257759
-267850
83169
-120394
-633935
577794
-82524
-244191
144795
297415
836055
230966
-354883
-1267169
528810
-105658
894282
185993
-1470371
784694
-1817953
708066
576350
171793
-121516
-925645
558556
497079
-813727
429516
565914
-507890
-322124
-461906
-2025168
22156
-736197
340104
328200
-955520
-11487
-865199
95050
303178
294136
1529349
224280
176969
440130
-1280266
-187688
166061
243485
54497
-1077390
663062
171039
924802
174569
635170
876798
1405718
-397156
1547176
-123430
1412739
34113
-1260700
-886928
1119749
-321274
139666
-453417
696967
-647194
362561
295031
-293912
796844
-878783
-1545694
848360
-389337
1170850
1773976
235103
77560
-1232908
-425950
-345248
101574
-471682
540281
-1131415
2850947
586438
499544
-20689
72293
702309
900001
-1565429
-966988
-792541
1778865
1056997
-144877
190202
-562087
958946
521325
-209456
-1431727
-1619082
-1069088
410132
835371
323718
86346
-292514
348448
-140693
254505
-662055
-203603
-1526909
256589
101704
55871
15222
137043
268190
629247
299056
-504553
467198
-670581
481110
-398048
827272
-416680
589735
-929368
-14308
489284
-157713
-875879
353149
-513451
600005
-791535
1028619
901672
-1395338
-411566
827937
-359625
627235
-1662800
-21706
-638091
-492074
69182
-7293
254846
-167206
1198969
1190782
-1022452
866173
-954796
-482040
177160
-385619
1012314
-156793
-296972
-517847
-1114011
1775457
-1298584
927585
-360224
171409
-535945
758515
548710
-1532765
-450814
-75962
-379897
115067
935171
232469
1628231
-153019
-1115249
-396607
509147
428298
-734835
-463107
1567061
-836544
-121039
443175
532189
194723
-17218
-932037
718604
589392
-1024617
155650
290295
-136078
-894686
-1074593
-492907
-450661
-633687
1055977
1281062
-128224
82125
1662706
-215744
-135553
635484
397526
-1017223
-1336990
-1136977
-457035
894758
324243
-75823
-232263
-183059
226649
825832
-146392
-1343318
13213
-612873
-1062614
33677
435557
879987
-796887
479993
1191335
474880
-198178
658879
796569
46908
104188
838532
1725100
1155184
594906
-196281
726193
185931
407481
-282456
-230998
-277396
745934
-476843
1338114
-515155
-428662
-7908
305502
-1275914
-727183
12956
-1407950
-676532
261947
103823
-266888
198412
506741
-426882
-965451
279700
190118
323594
-611818
-1220781
136854
-611366
1779131
154369
1507272
-182461
747169
834216
-1383021
1404866
256254
2184131
-1414512
-571516
603571
-2914612
101338
-650938
476032
341373
-1570689
-439923
282505
99537
607150
998321
-660047
-186932
-475354
-1523955
-551462
-406691
1218504
-1090685
34888
494940
-997246
-1233318
-925705
626664
-998280
-36916
-509043
121609
24777
262887
-275946
-963694
-1149415
-896143
-500956
-439682
-877690
34109
472051
440344
-964533
-919191
182242
1707043
-808876
486391
-366636
697785
470471
-998258
-38432
228093
-1305525
-832968
-1001328
-189778
-558138
1291584
-86610
-2189071
10593
-525110
-60076
1197780
1389517
-306012
1346771
-593811
-618710
198139
28222
981873
-329263
-640757
866181
696821
-470461
-888646
897437
674437
-813846
594072
1432765
-940827
-409591
8059
169386
-513343
761797
1428602
-54383
933624
9091
-1473553
-1045624
747328
-941994
1361251
-260956
-214182
-159070
-231714
1214391
-992480
45948
1292562
-571130
357391
215043
-834706
-529471
-799746
574902
-1253316
-875596
-72146
271331
648630
750535
1000506
262619
62637
608324
370037
-909620
2035623
-648049
-173751
-1103819
628261
-541814
263228
-935285
432329
90388
-181697
62946
-348546
188502
479137
-943821
-8252
213309
-826662
70469
1117632
-349006
-388149
-862413
-461432
-998095
1071514
-549207
483979
1018505
-1224317
95805
-1009122
-26516
-1050526
1067620
-678042
546915
898466
32824
864798
971107
571580
136790
-874154
-1940766
-664039
-616173
1226866
-1040532
-569405
-1104789
-224041
1012234
-446508
577566
1951869
-1283398
33127
-245053
-199019
-1261728
137766
8288
832604
-42620
-1687330
756838
968004
-50521
142836
-1035982
-680772
-297045
851281
-163729
-156014
499809
-79309
-915369
2068929
546676
-523947
58957
-763802
-622295
873253
136626
205988
394338
-1418368
53361
142798
-449874
-314674
426150
337172
561781
85285
351669
-950002
-913875
1134253
421912
-1710449
-1026829
712738
140377
-916615
723499
1712843
-801544
-198278
1162734
-1908788
194917
-1166234
349398
72060
-131833
-159464
1806971
-433687
1745493
-420576
-426648
1158393
1804782
-1287966
-19037
-739292
-1383299
-1438036
916612
-740070
-133258
42090
1058557
262914
356507
-1131130
1119452
2278399
-18737
-42457
150737
324206
-933020
1309112
-1919483
-1393605
454122
699907
-925918
1387310
125361
-253549
-344551
-26074
78067
-99634
-173938
-227807
890481
990685
-510241
1477791
971286
594084
454279
-106185
-1015554
-188195
-96330
1208893
-1123981
633028
584650
383882
-497600
1180
709230
-242586
-1405063
-46393
615763
-137949
-306534
-1301240
-640998
-541577
-355942
1165038
-343467
387991
-829419
714974
-1275681
-645971
-254405
661610
-1544107
-980402
411589
539218
-392070
-92370
-469376
-926877
507672
561095
211183
802560
253211
-928277
-101287
146751
80689
851970
1812383
1123527
238986
1372410
457455
748019
-513319
290762
479962
1826929
-486363
-451271
697646
-1166435
-323395
233371
-863791
1414049
1194845
-180899
817842
-1198205
-108400
406854
-1233608
527899
-1213682
-861814
221346
1021240
-971382
563635
-99703
1045237
244893
936501
1101494
-2623653
1548221
-763487
-385234
901378
-117764
-1033249
329550
110413
-392744
419008
578252
-30130
1625687
-98849
352616
-1052025
147371
560879
-1036850
-471333
-1132654
339436
584547
-382289
193862
864246
-1457486
356614
196614
1450081
335306
-521830
239227
274861
756947
65982
312865
1082921
-501283
5514
298257
-801171
-1567224
-1059233
467233
-1018297
412086
1199355
-221
874318
302288
-895559
-290599
1044723
-626581
-550537
-785845
1042936
-1267487
468655
-1390068
784227
-105603
1786231
887175
1695902
1065998
-305302
245312
833301
-683287
341203
6757
1398103
-1839311
249030
-298703
-830374
-902918
-1165312
-86484
-695756
-161303
610266
22524
-490525
-307664
-195942
193317
-465651
336643
-290070
743716
1153680
-446321
-1774602
68104
-269588
-5896
974955
-242512
1326754
-936283
281296
1384842
577284
-36876
366050
238149
-1346436
324717
-15978
330982
325916
494452
-834943
715784
233207
475476
-67436
-624399
-936702
-74999
-578259
17051
196104
253839
989084
-59890
-1173206
-124401
419537
213645
-1768060
1043475
-281335
-1112905
-476800
159159
1084320
272750
-302411
-252562
2220
708988
136013
186440
655237
-696788
-1936958
828878
-1758291
-274188
-182743
594378
-149877
-111464
-985924
-308944
-6838
381798
857260
-362880
-418486
440929
-602298
-1506073
936730
574184
-750870
-1441852
118693
677132
605815
822189
1211070
1174358
-149253
-1586192
1061416
356998
331502
2009859
1364602
-881024
-1343294
-574662
-73788
2270261
-180607
-1832734
-536517
1544574
1140652
1046459
380265
-14355
648087
-498629
707587
991014
932507
-896519
-618397
-295248
-275368
89928
521449
-15956
361173
207920
48756
-811046
13244
694170
1821673
1277482
-900201
312266
246826
-825346
199880
462493
-229399
1055201
470254
810406
-1229236
-818716
390177
278029
970947
-153039
233418
345980
48346
-144698
-577329
263823
367368
1235765
-548083
1080624
-1049210
-237830
1097122
715885
-907865
-129424
-418517
734439
-48417
931216
-6256
212708
-623029
-365400
-85796
-780020
-158437
-902158
247758
344285
265471
-1229474
190650
149991
-2162201
-833684
-265201
28107
1458171
870292
-202499
-1921381
-68402
-325961
-242150
658169
-301145
-427518
856940
-1003656
-83271
-1323985
-1212913
-164176
-1544127
1294290
-313224
181218
-556534
41430
493825
-179178
-1274118
-561124
-1440600
-187909
985261
757789
812924
-387377
-892591
705235
316923
-689771
116421
-79585
-732059
217029
-62176
1837945
322919
-242642
-1224365
-242467
-762125
690228
-1203789
505681
-1401663
-1391243
491516
-208937
136927
593724
-1156963
-662818
-1140527
-613081
967973
1023022
225269
452772
727235
-787701
-383946
358022
393843
1365991
-800778
505579
-125828
-981083
-1328706
-906440
-786285
969903
-598641
-163255
258209
368832
549067
252325
-610540
-988529
878556
387597
-884600
-781116
-527181
-427471
-523543
-216875
-429083
909783
709842
-1162504
20676
-971128
282493
1084407
740679
-24601
-1098949
-192479
-26641
-197522
1558710
-887224
-480968
600615
969956
1266733
1202931
-463383
-1160874
-939356
236458
630886
-277753
-675048
-792321
-641166
1261678
84619
1662451
1231553
-309173
-173337
896379
-210784
1031291
-165100
226228
-47979
73166
116847
380598
626216
-759221
-365731
568545
-52139
360773
-136528
873232
-517521
36757
253295
114063
714696
-903347
-817446
814027
-687293
-591023
965939
-262804
1326995
988867
547088
527335
-829242
950385
-1091849
212727
-24540
549245
-504008
958372
237519
-386352
-120703
-159306
-467026
-9725
-456635
-718935
-411623
279947
-854175
403815
-1655965
-502162
-789971
-338856
-705303
704202
-508691
-1607614
-20405
1149467
938856
-202658
986684
1043091
-462349
-130938
-679275
-40807
-643953
234479
309508
-274990
363252
-296183
287061
-569647
-822298
-182160
1169741
-840850
-313666
-760010
611364
-70089
1337688
47219
1038648
-98655
-349415
-100367
-1463147
1010479
339148
242072
-368804
615414
756172
481201
-605893
-312791
-864068
-56189
-313894
566797
-862464
-70285
-386072
1185501
-631494
-349080
-1013701
-346370
1011366
-1016195
541062
-825894
-1044728
458288
450783
753337
-491432
249089
172151
-299953
486236
-281027
647301
473722
-202861
-961790
708030
925295
-1137662
-562065
-246497
1701032
-423719
-1139332
-92079
-1060803
1286894
-703792
-614491
-303511
-1508330
497958
-846630
-801772
-890719
458306
97369
-546181
568550
324907
-813695
-232967
547584
2008660
569630
-1429946
-488545
-764307
843023
-19720
669397
-157107
1014567
-525708
951271
-213735
822096
-138856
-688164
339411
-1388165
237945
944463
416275
-659531
-807777
-431627
-180368
-20042
-1557057
-1181368
-281259
-58495
-1529134
1759352
-1233623
-1642617
-1225062
576208
-233374
494201
-832350
-294173
721508
-1023407
-109653
1387137
2017764
525895
-824388
-196924
-27646
-441667
688143
-23079
1229691
-296205
305111
-83311
852812
-211305
-485845
-229722
328186
-1607762
-1580051
-282822
-1142441
-765539
107096
-1680906
369854
-372771
-998490
681851
794342
-1359109
-276595
-30418
-416873
-849234
-405908
761724
-818097
377509
667783
-498968
-393385
704240
2216
363993
86635
-605386
-56085
138311
614111
1014093
-780203
-654604
-498191
-726739
-1255286
516717
1009066
-1057308
-400852
144609
-198449
242228
-891402
-398037
-767533
-548516
788924
754209
1085869
924721
413638
-2398947
830036
484517
-669018
-465753
849511
-81289
-1447758
737690
1577271
747790
-381089
-884976
-34170
-243226
-336721
580417
1600336
-19713
-917486
-104013
-549333
-465658
119385
-1634873
604217
436037
640323
-799478
723913
662261
855240
762419
-87840
1118041
-76430
3728
-910489
438324
-94670
968307
291868
437121
-358879
-996290
-308475
601833
63622
-1052572
-186486
-303546
311004
-680741
929729
757242
-496241
-318081
-59586
-281963
-539568
960635
942126
1077253
482630
209529
486149
-532640
587287
634290
1139317
552474
426011
-895688
407611
372961
583821
443137
814832
-639856
-829589
-996319
-268179
388261
688964
-1176814
413066
578532
223752
-36671
1039594
580569
368434
-500970
959135
-950759
-1078647
-557875
1939082
-157624
1045659
577271
698065
653643
-740466
435002
761333
50523
-591385
-77803
-1021065
-122390
762951
165658
-517372
-140345
-250488
-347459
201062
293343
318584
-2127363
1618435
-165530
1229415
783791
-2037388
67310
1418337
1090950
564823
-794790
-98193
-408328
-821991
-245211
-461083
-946768
660356
1254774
-837918
-1040495
-1232386
-27590
-763098
867335
-44212
651411
305817
372021
149189
733305
753969
91493
-1250450
-233466
627499
171620
566716
456672
-269780
-26383
161784
-392433
87657
-692789
775574
109189
-679321
79729
704971
1283757
-1526702
383388
-716523
742772
1399966
-584219
-1380372
-550803
-588081
115706
-648000
957238
1067054
-2074944
-468367
1083495
393765
-581746
-1026054
-609284
-1878233
134035
255027
-1318688
119930
-617213
363718
-887128
-613656
303590
709186
-325857
-824975
714564
638997
570587
254465
-96607
1684834
146173
-725935
947649
726129
321829
-520158
-16642
-1345538
206242
649448
-1239498
398157
-141136
1337712
-286642
-146518
-328512
-787660
697918
1790911
-361829
-1151384
-946379
251206
342971
-536301
-459849
805487
778436
672328
14366
138875
-757599
409395
230433
-136149
-298983
230274
882667
-713123
-696609
1824096
-1001349
833561
-21538
-288939
-552841
238437
764370
-467931
-321046
-318438
-1228664
-493987
-697268
-162670
-333150
252312
282786
-978537
489075
883564
1607187
-984346
625218
-598397
555784
-210546
-248255
380334
-246127
1180336
204497
699294
-348791
-1104434
142678
1157744
-283436
-506002
-666006
257079
-154975
181853
-712576
144632
1347036
-1587511
835230
-683032
460251
394539
-71950
399244
313207
656324
-1371316
-7674
974343
-65921
539516
-581267
-539509
-70401
957415
1101600
775814
51026
325131
63702
-429022
-276404
-763628
-215779
-1339068
-418445
708488
1366172
600204
-760583
219728
446983
293754
-486655
59167
427310
-1311694
-884178
1406078
401269
-1463716
-785281
-700425
-1298189
-68781
-881647
-1624186
285091
70143
-783225
479245
210270
-220420
379095
-24919
-1255858
-322680
-319489
-897613
105247
-388189
-385925
540169
-439914
673251
566560
1099509
-889210
-86743
93664
126212
-276776
2076159
-621186
-1074890
-1136119
835385
-958537
1323608
138817
95918
1214306
-429511
-1151502
-328640
-354566
394663
312728
-410998
-639503
77038
-1443185
-1251738
1889935
-1020096
-424864
525809
662083
621188
864893
-1450949
179220
-327351
211826
-733050
514487
250694
-476503
13350
74580
-767163
-142693
-111986
-11739
-322745
-331617
-531642
665221
1109568
-427193
345043
1180928
282554
-268508
-80280
285909
991990
1376590
1032404
404113
173417
-1071627
529694
-769337
815377
485434
57412
-197891
526906
372329
699417
-1505681
-1010436
743704
535672
501450
-607117
658903
1376759
-697093
371409
962787
425126
-735592
1577533
-297470
774756
274324
66897
-1361242
-444284
689559
-123590
612188
-222476
517342
-237380
-956122
1126604
-219850
381198
1447272
-239008
-749554
571924
642522
376215
-1294299
-1211079
317257
253207
372290
237589
674558
-2134416
242193
342436
-654617
1196288
1432143
281342
1013934
-203538
938864
-1186673
-1074361
557660
408862
903418
-1040656
-1070874
470678
-380012
1307932
75500
105208
523942
484284
1330603
-135626
-899057
-581932
1444610
-1021585
-88221
566005
610971
-964605
-1933674
446760
1318252
-59600
1715638
583358
-910922
-104807
-172669
1380479
111384
600129
984632
-292762
1406036
528185
534671
-171269
-65787
-224615
419486
-592042
-460671
809422
1348134
-365710
50850
598340
-510083
239335
1272711
-1258450
-92884
-3839
1454844
-459904
-986956
-664408
-885495
103309
771536
-565140
1382420
429710
-1919070
622096
820215
988392
320031
1250313
509839
209300
359755
30588
-439082
-579181
-1349157
-954476
-1630584
-183759
318951
-367364
-91837
616197
12056
-209061
-1433005
-264205
167035
-137428
-506800
-231731
-442300
-203603
454471
-289248
-268969
-808060
924180
-1187658
-648497
-1046344
-1122876
-649840
913184
488989
-691473
-227756
-728700
666455
1517315
464153
553499
-502247
-1605064
1642155
1050831
608434
119678
-415402
-424407
-1139774
-459975
830002
-1033934
-765241
-1273785
1632937
418445
897961
-1440183
-86277
242629
-16898
838808
-1064985
-135449
1646292
-632097
-415902
785601
201223
464646
-779203
-675426
163754
-755131
-213920
986103
-628886
1680914
270862
-693295
264098
1597015
639641
-135833
257447
1232174
-867283
-691584
-1133717
767038
-484318
194809
51860
200613
-87437
464525
16394
958006
824
-1737687
-376958
505954
-882809
-9313
-616722
1732055
1208544
-502780
-45459
-139721
-40071
917180
52983
-288090
873736
-994054
1467852
-124434
378358
-668495
-774637
502874
419225
-183530
-604687
-185500
982227
1000059
-512111
755947
-874172
-818763
-359289
36655
285899
-89957
111636
-171285
-609853
-192801
446975
-732340
-2118745
-84346
298261
1164941
-405711
1571810
-805322
1895
655232
411618
97709
1158334
-51922
194435
-270127
-113470
107261
-590663
-257630
1054260
918103
1231506
-1236104
-1194635
-759711
-1121901
-321578
1795840
-1437651
818162
748724
-1407446
78090
-989002
338516
-225803
-89858
-964298
647386
-601272
-69878
-218323
241969
162992
-458026
-765277
-810671
1077509
-249848
545221
-158067
-890843
-462200
717972
-268917
226132
229103
-77692
1446416
193618
-644457
836993
-817781
-155044
-248421
119999
630060
-259033
-240377
-545136
1333683
573551
25933
-968783
104196
-30773
354802
-600668
365829
206796
-1022215
398506
511196
748326
495068
-240212
538391
80081
1118402
-1213767
115916
-582579
496127
-1275178
-888406
-1009927
-1343018
-1358819
-90475
1280318
-191363
-190461
-1131
-654597
62075
536881
242479
-126715
333106
375800
-293410
-614207
1069673
-426273
609188
-225042
577350
-776894
648652
81436
-351031
-1015019
-575101
953025
587922
524657
-451038
598866
-509520
-552693
-914455
-60477
-872297
-272762
-450466
-1086216
159540
49275
205492
742582
-590461
-366626
-115762
332067
896292
-676321
715952
-144682
461088
540895
274913
-47888
-296349
-4369
-74061
680665
1126167
-417548
-468356
392334
69174
-1965562
-553094
1095990
-1218390
220534
811701
-218660
379997
-178788
-24788
500238
449104
-347618
140559
-138269
1349958
1347697
571656
386187
-563327
87092
-419409
197537
-468275
-124892
678532
1383213
-93451
-458565
-395786
456430
596475
-1908610
1707696
-442765
728805
-790581
655378
275621
1913969
483681
249520
-599715
269081
-198067
-1196568
-546006
210080
679829
-129041
-1173236
1004410
164121
-308655
-660121
1067481
1261121
-1061103
-917157
742210
300631
49343
35124
-38993
768732
361632
-622608
289366
197766
-63157
140857
406986
-131415
891608
-253132
-1683622
-91050
-37705
-508674
-1006485
-573904
-935364
582074
-185658
-1572221
-205805
-1017514
461445
-723199
1318755
230026
-40459
795284
49171
1114062
-1546162
-2046141
355810
-128079
1683683
531848
-497372
272684
-1845128
-377869
-871272
10676
-1313437
-328246
962812
868628
-338707
1310656
-1199531
-506999
748316
140521
469832
867734
-397824
-194548
-1516573
-1039876
1775707
-101759
-1150158
-217174
644988
1071309
327909
-933600
825183
-276660
-409032
-255927
186189
-536132
-772975
139297
-35182
756393
534662
892550
569292
381011
824805
-65078
443074
196859
-365257
410021
-420301
-661788
65615
194732
555924
-308281
-256831
-1205507
385109
1510219
-614226
1215972
-568843
-658150
259094
557668
913695
-416340
87790
-365952
923720
305814
-184942
-877171
745918
-22005
456211
-880341
-968889
-637143
495389
-18385
-606915
883798
562011
-920464
-481327
393953
-311344
1253973
-1160967
755873
-664744
-826675
78675
184008
-69316
-2092544
111596
65241
707065
168077
-748988
-1155114
825988
272296
-65364
588479
-297953
1169070
-192665
827719
-809
1022874
-217580
-270113
-1358480
-741806
77659
-386688
-1138482
-237722
8622
-1040623
753426
1391150
48623
735106
1366208
901338
652334
-641201
-421241
221219
-302521
942923
-289482
-1096254
454554
1127598
-808769
-983451
491319
-1085490
97104
-389188
1637283
877537
-431335
-2980
-354759
332163
157703
-1139495
-925432
-558991
85633
797083
24780
1796389
-1177557
75126
383673
99565
-656985
1117933
-44166
580781
-734470
-2026678
-506382
569782
529541
194659
-1205625
-222874
615574
-1111388
-685810
-583444
-1181792
-651355
-736480
-633621
223094
-1553526
663493
69580
800151
222701
-739957
-534449
-433124
558908
1372071
137972
1096349
362463
-129923
-516268
800675
1179150
-970443
299711
-1574358
1638549
1110040
1728946
-1065211
-1495360
-1331712
-164343
300370
-467364
982087
-502918
26067
339683
286965
1033665
1006303
1073931
1035214
337406
-562978
121483
-11131
-1646790
-938286
55172
-45438
-580132
78043
-1385832
1219244
162202
363626
994389
-890964
261202
171052
-149492
967351
471471
1740316
-435538
-1487557
900177
-868984
-74742
-1636075
64294
-690331
490744
-607596
-634281
-457135
266398
1309591
-1115918
-405499
906827
84857
-342455
-449260
516715
-1209366
-1009688
494995
-739056
1154249
-143553
813637
24077
2148866
1545412
-247154
949178
930902
945651
283795
-317962
-876594
-15975
696674
-1651473
128182
-28768
-166695
10356
-388645
432885
188340
463435
-283868
-331121
-688597
1034551
-42248
752279
397049
-477999
350576
929133
-860424
-566830
438822
-514238
-706423
239821
1080233
358695
737337
-1218348
83478
553991
391885
-1316455
6578
-1249505
-1203298
-1005692
-388717
1737648
-1128387
707633
334230
881938
588374
795185
-811867
317511
253874
405519
-852232
1439054
591949
-195562
-821660
1304039
-514857
1050327
-196791
198197
-264855
1243155
592706
739280
537267
428396
289849
-551455
-1571459
-1065848
169123
-691113
1904
913779
-680707
-576508
90644
1421343
-1342674
-379933
249785
224617
791112
-990032
564615
522831
223871
-159256
649099
-1617912
-478189
-587237
-293699
-1108018
-21751
-30575
802179
-458561
-281970
708613
-570262
1353701
-1746860
266521
-649419
41111
-2045435
40920
-594253
-709205
294838
-1633414
-254068
-182280
1196304
-306202
439097
944054
575953
-727583
-1403373
-628304
-375295
-623867
431795
272056
-795983
-365019
-992684
-198947
-975148
113314
152476
938065
850508
1417395
110018
120557
-136770
742889
-1332812
776840
-703008
704168
-255085
662735
-1811623
-28878
-1469838
219970
178926
1260011
561047
-190768
75900
544413
-290950
-333755
973852
-1128254
304301
-707048
-403286
785603
1584893
-1762543
348218
469549
589857
-316342
285837
131373
489173
949551
-278368
-848882
-547571
619688
-1089513
986300
-1040117
703526
-1248844
881215
-847588
-322394
209375
-268331
1445180
-8221
-660427
-816454
814409
-585841
1396728
670726
-390896
-957043
710550
-139397
276977
657915
318621
-963342
-63324
1199715
104665
1118495
1107415
-2004073
548669
33679
522254
-1145008
-508765
-152540
-662904
-744445
226378
-106024
-1433219
-351970
-787007
-1416403
-617350
1121263
392155
802362
2106019
-245469
-816221
-456123
1458019
-201967
174670
252731
-41194
-729481
799635
619922
611288
280855
-289423
-947023
574895
-1804252
329742
-1024718
648540
180666
-415111
191957
-237288
-28689
-8945
309871
444782
555722
462550
20543
-409369
375259
-454210
774141
-630783
446480
-235929
218728
713082
476620
-125239
-1474674
1227512
251467
85137
802295
-1163563
-149232
-191554
698280
-725343
720674
126826
917042
-247022
-237433
-431245
1593537
174704
335036
-370053
697536
-388063
358626
-1536720
162649
-935026
160805
226971
520072
-89859
-597337
-175575
-601037
459812
154913
35253
-698107
371299
572937
-801960
737566
873397
783390
-139821
657457
-419077
1021296
-672758
-1129451
1126678
956130
1762051
-1596248
-132652
-433293
532746
202496
448068
-1075837
-214289
1242573
609805
-798242
-931710
796595
142384
233328
-985890
492589
772200
-1657470
-657934
491759
-232996
73611
254582
-699599
507142
-1020807
-322106
1036689
-447645
-541331
-458008
237313
-996181
-65773
241453
-520128
-805012
2127668
85756
1218971
-804264
-1280894
-795780
-759042
-118998
712439
471935
646344
-2431
357581
-1497844
338880
226942
-262311
-1096289
-377262
-218861
1567973
374340
-617927
550061
477096
-441214
986448
-1563798
-693191
51310
349622
-88897
-1254359
234335
-20353
376824
-131910
-349411
298431
379532
-758817
734568
1057884
-378650
-509678
-1107639
-459669
835924
15894
-433575
113824
-864048
381980
182832
-350308
69441
722167
1698023
1545237
1527394
-728353
-687881
-377996
-349544
412086
-261471
-519926
175489
-485462
-88771
70518
627298
738560
486280
-511261
-340925
759826
-1202338
-721452
-981599
862068
-218904
-418247
-130418
-247316
1548899
-990531
230854
-1658430
-283914
-459786
-929230
-495430
850932
1196490
217288
-222685
1149790
388486
-95899
-245139
-776991
-502536
-96262
477239
301072
1684393
335711
286957
-1700652
1467469
-134891
-103354
-11588
1121174
-754379
-813467
1798556
696398
-146955
257003
880802
-294948
-36963
1259233
-360841
756244
-1176507
-337657
-744968
-964767
-544151
988482
-157804
526215
-151112
192411
-143669
1169977
-30333
-402047
-88603
314192
-1384816
122196
855017
-843976
-752556
-1562292
1514960
1390614
113551
-374880
1933429
-593651
-643548
891825
1046276
-841315
945781
756262
-618190
850720
1056169
73802
-692999
-668065
-224637
-679631
181997
-1476618
197745
1112254
115505
270483
264028
-1165600
-23092
-923311
-1594625
126743
1435934
-113926
304450
-1028853
1940798
567858
-1500836
298269
272525
-814821
-1402111
1440884
-42581
-354076
131553
-872754
930642
1339444
-195943
-1123291
-463872
-609690
-136024
179094
39155
139480
181047
794317
2273155
-210102
-1844865
-347497
340971
884038
-126939
-512141
-469099
272867
-1381265
39721
404015
-896155
558175
-669311
-49845
356348
1389658
-556062
1244771
-361126
-582226
-407837
-154384
973965
257728
433024
171573
-876097
1018840
25403
-184276
-526179
1237098
-1134339
12811
996628
201387
152931
-103102
330511
599322
590843
1076863
234574
-1648142
-177585
-1311990
445124
-130886
-391297
1570098
-1562116
1453140
-651798
781613
-34978
-8358
1134743
377998
21572
315323
1036371
-380341
-1474174
127362
316631
-743517
836098
977262
1661671
-869253
-1243815
-120729
451605
1245296
-607143
-707503
673900
-1142049
-1312897
-337101
562189
-1079501
-1204429
30961
-1041607
663050
-697668
1217624
1086812
350234
-29583
-116611
127607
-69926
289116
768155
851415
91086
85268
915827
-225504
472439
898153
350142
605828
150151
507094
380837
-690857
-1234796
298436
479066
1123013
-1103745
-507510
1578530
-606417
456300
684087
-1118474
-655841
1142190
-257
693956
-1197071
-1630382
-178689
-1338322
660539
-1265854
377596
151756
-795052
1423646
-1475673
-790416
282596
-1537088
-187811
122501
612879
486084
-791193
360867
1393423
62982
1232621
975809
-181183
1145906
151806
-1947100
968909
-461693
-443826
-1325454
-287494
-255772
-202005
607463
-783971
1298950
-538434
446594
689927
-621401
-30647
853632
-665733
-1117136
-215671
-113008
-47441
1492949
275019
-404286
-474501
435991
-1100966
1455020
1278180
460067
936396
194100
947031
463645
38103
-101199
428956
-1402275
136406
695795
253042
319146
795128
181729
-901319
548999
-827317
1164931
-695171
-801818
947094
-101946
503906
178696
-171846
75660
-1503570
847655
647828
198007
-478685
588345
245409
950790
609946
-544150
167687
-24820
-5974
-30753
734295
1365270
1087405
410192
-705279
-552728
-750370
747429
-537502
116122
159354
-834636
-975672
1050160
-290077
-73330
-1075309
-56000
-792875
498681
758182
634556
925625
37936
-493889
130762
454100
346751
1047218
-51662
661922
-662773
667696
-726690
-653195
-219972
-1975349
-261714
463521
-684700
354328
-430734
114196
-448067
-710062
126976
-726531
-316395
-524065
-101382
1166199
882644
-235028
-94629
367089
-353356
-403233
857128
-295532
-609322
1890546
1577067
-622503
-488888
598038
-27604
1972052
-254328
-379115
1189001
201893
-505640
76244
-496855
810726
-867599
-431113
430234
20696
-92399
440781
-802849
143510
-553152
-1569981
873952
17926
1127622
1124580
197626
967210
133121
-1226779
55794
1127643
526484
-832542
-7954
304449
391806
138758
-10478
-59325
1197519
-1078785
-882258
1291614
442045
-155364
-258648
18591
736275
-336303
328702
246701
1092107
302782
14277
-475371
14226
-685911
186982
289732
327974
-370542
617274
-1335757
556341
56259
-316039
2053222
-592397
-90963
-1295087
-1102055
1288581
-883141
233218
285664
-989576
-1848938
994788
-401860
-363353
-3871
49400
-266499
1295387
568858
796561
-449478
170874
-358505
-288811
-105248
-525119
-788323
-77892
-549561
-893585
-932108
-1273928
961727
-83455
-294913
229937
-335807
-158003
-1133304
-922998
-28909
410446
-570957
121942
916636
809840
-1247727
618108
-499895
-1209854
845123
-1592995
-921667
100404
48092
-1147981
-295735
-383675
-1378295
588695
1195040
769180
-304585
-903718
435277
306009
94942
565119
-1379092
706119
-214993
1107217
-1182886
-1653830
-346189
1061942
-777629
-514898
-570934
97112
-285461
-663540
349122
481009
-376920
-575787
656604
311286
1096175
17074
-1590282
-1281334
-1124290
568532
-316748
-238911
-1049842
172915
1019900
617202
-175281
299365
98275
1774679
907872
167635
277774
-1056301
-1601554
-567236
1010022
-105683
910165
-1174545
-1458064
-1280692
15368
-445738
352828
-320415
-744940
-775405
644906
-1242236
1231785
649614
-184377
254004
-998919
-1432079
580408
93581
627216
1108889
380674
-613160
-979334
330310
-317348
-1404041
-112028
1090513
-859149
336142
1115509
958746
683523
1052922
743344
1166128
1267085
-437067
257317
-670239
-1916204
-745969
224008
261843
-327266
755480
-259356
797853
722032
-791461
-238674
-457381
-94428
-335682
-166367
1627109
-444864
-1135679
62829
-827203
-1109977
-660405
-48529
-1004791
1203545
-900661
-582838
-1173247
-240471
-374309
510777
-210672
817968
-162671
400000
782654
-891958
-354348
1741373
222595
-386051
288532
1200059
1290287
78968
107384
1150486
-121178
450476
-861986
200754
380496
-30118
-1105812
-900802
338762
221035
1755924
-162628
-430545
-398831
44064
-444863
336105
-11614
-240575
-714527
-804065
52943
327541
-2094951
1316308
17960
-5118
-322452
-1583438
333779
-490120
538466
-555057
255032
-543134
352512
762136
235676
-320229
-1260949
1330128
-298928
-47997
-69595
764413
382266
54084
-676536
-454545
1182154
666225
-295600
-223317
-72526
441710
-514287
-229736
467421
172918
-285884
567314
277496
-49886
-153161
-414304
-1113358
975180
381884
1082726
-132377
636743
-619715
-954509
148350
1076867
-543924
-512172
933236
-620755
-1196473
97163
-712131
812285
177314
-1141285
294595
951808
-472271
716453
846371
-1272552
-780454
722051
-646836
56658
1442045
-645105
403111
1187302
-177246
2096904
335387
-637318
-1679978
-169018
289769
791411
-725676
245621
1089374
-939322
-5202
-1047270
1885489
674148
701514
-539886
1563743
1078612
-973574
-153388
1655263
-289678
-490739
941267
335537
-1182557
-229802
809808
179166
-552645
-211449
-773844
349244
-227474
-523327
715895
-1144544
401208
1285555
989275
841948
-343179
-81080
1971823
-268517
167122
147601
-1259874
-259285
187635
477340
147950
-548359
880870
241715
-633191
269131
711439
-571444
1379204
-482492
211084
-1095369
554500
-837950
134850
-166270
-329006
-224475
-249154
-627884
289573
-509089
-1958557
111583
319848
1196364
-618729
1111573
489387
-184081
299445
-220096
-166823
123894
131439
-658403
381400
-593028
-352679
-1047125
-411935
-91066
423334
1945875
336617
-49603
-42001
1076026
-730859
1457416
-97391
1233833
-552741
-551339
1384534
448736
-164764
308569
-142744
-360302
230522
-277354
-633717
727426
1015140
-558075
22293
-122874
-1140267
1324853
-1352275
-686246
779432
-7542
-1180670
-407268
-213554
-937109
-561715
1101381
507683
-928778
1247467
-599509
374378
-797802
173508
-289808
-75716
-577109
-328987
-588340
-356083
386055
408169
493129
-253809
-1542281
-39510
-156185
-710360
386333
-215222
96368
-1420108
51442
19058
461955
271835
-438703
-674090
541686
465532
919245
-1157116
1391232
-356112
192597
-908200
567820
699209
-489742
-576022
1055294
571868
-471360
1210208
-873255
673700
-524672
-377815
-134131
1022979
-482660
214401
726841
115273
145194
251613
356537
-507668
-201471
583649
983029
771121
-1067889
-622421
74317
-777722
-80623
-68529
-607571
337344
-157101
55481
817462
-653933
597091
326954
-2101688
453384
-334584
713110
-2333589
1364104
712882
-374228
383270
-341523
224378
1134850
-187634
-746521
87483
114160
450419
-416457
-8006
-493293
95368
907432
210182
-895566
629453
-42775
365914
950303
-1071904
1234485
162450
97182
-529865
-1057176
81114
455328
-144341
-307254
644614
-807956
868727
-367796
-516733
479092
718909
-41076
-586992
183939
509531
387670
-726608
-167740
-91809
-234961
994244
305175
-628213
263550
307650
-798129
201658
-189604
300495
-287070
-747683
-634361
376205
913418
-100529
765420
-1075057
132278
-1436896
-1057851
1150381
-1032680
128709
442610
289304
532091
42677
-104183
112766
-1459895
777705
-702190
238045
-37802
309073
748145
622215
1097635
1650231
-554680
769305
-880994
-160868
408683
104186
994426
-238233
522520
-616140
828084
-394978
-842232
1216201
-832299
-292517
463495
-563200
-823893
-774147
633773
-672405
-45042
-1084100
724576
766311
263112
163553
-125269
-458563
42571
75872
-463094
-791329
-202270
1106820
298989
-161812
-530263
-205506
-237734
698718
800532
1492854
-135217
-1537566
637927
-894135
838200
-467715
-529140
1482071
-290865
-205044
-470899
-401014
1011724
728515
-356660
616369
1875608
1145576
421641
201095
-1780817
-652283
1942511
501380
11032
818120
-239972
502815
299133
74356
-630898
256039
505139
-1548736
957102
-414452
1264900
1028279
-1063960
79185
342110
-682119
-607594
274886
521427
778126
-87585
-818515
323425
-1631729
-148748
126159
-7437
-814592
200383
287118
-1227498
318520
379126
771020
785277
-182174
-1097224
-846539
-1287488
-1108001
-515433
206948
-193299
-156139
335750
-65490
280666
-1047762
284593
570541
1796053
1338051
998123
39152
1473355
-577598
278902
-898694
282571
-423872
-921684
1844864
-369995
-28269
1238792
-849335
-112893
2235873
-247546
464066
45312
1001918
742213
948802
-17704
-308015
1311191
558605
-505716
892562
38317
1245148
93838
476899
-974878
-765214
-821970
-380636
303363
-334006
-492985
747319
-803776
-473567
-588364
-1003209
1292184
-396113
-471418
467750
-820342
70080
-677976
468924
-615826
305862
-258517
-955597
-245495
449523
-159590
255075
-306102
-459149
-175621
631962
482322
2454731
171885
274605
-834160
466938
-92718
-493060
974311
-188579
-157648
960101
63925
524196
60907
918413
207422
319026
504609
645132
198827
54477
728876
747987
-1017909
276151
5166
1034180
195763
-694174
464044
-287459
-114775
-514418
-46604
-752901
-1015525
580989
-55063
-640213
911417
-157773
500470
893984
-1082793
148084
-650296
669803
-19662
810363
-1301943
1093579
1080428
1326870
713815
157748
-416379
546119
-736306
513980
74806
-379916
-405653
-811563
-103968
-72953
967391
-828489
1693402
-283767
150300
914276
761347
-668863
-500795
658345
-955023
1492925
-258136
302616
-316143
-964266
-306559
285170
-508478
-357637
-73765
-656691
221189
463903
-620633
1235032
487833
341237
380132
-462792
913315
-958976
48542
-361451
-197612
607589
157501
676030
-611803
-215246
-467550
-480137
-480740
1045338
-1234494
-369758
-306930
-384494
1717657
1392236
-1236773
-396081
409442
-531834
-628907
-89680
-125231
363484
534544
-49844
-637604
-254401
-896619
-94914
469448
-13429
696278
232140
-605506
342350
-820049
1051414
-423386
-1027962
-914082
1029737
646204
-1367128
-1296446
-702737
1849814
632839
-622541
-168125
-547749
-715492
-28807
1232094
-704541
-89105
77662
-682641
92642
1431217
-252726
634382
-195518
-158927
-546153
-546065
-158051
-955758
130364
-43551
-548219
334953
-156712
-555044
1428181
273996
119317
179742
-240250
-63086
398760
-631782
-1161457
-37482
1675177
380680
-336201
-56296
1498797
369984
323066
209835
-341062
1410844
97865
159779
-1576085
428905
45584
-247076
685635
-10126
780644
549441
-584816
598430
774097
-546611
-223433
-366869
-624235
-830265
-445300
1808670
646888
-62527
171955
-432098
523178
1351571
1164316
-470031
-1147970
-464000
622434
122203
-209339
164518
786631
-140176
176688
1374830
193943
-893810
-854563
-267412
1420686
334172
-939006
1088188
-228290
492122
177880
1095841
-184814
-365894
752827
-537774
-203561
-173356
301799
-303070
1323494
30965
711145
-588289
325087
-1102582
-263912
-887643
632024
-316036
-308336
-1123577
458882
-94551
258621
-471875
-560553
645924
64922
160280
-805758
-585718
-1459839
752064
-1419264
-177747
-51587
-1048023
1239846
341875
412045
241625
-925560
-123073
-573124
-61431
-227151
-519326
301454
-224424
827938
-2204806
-608969
-947557
913093
-1142517
-197619
-387828
-1266179
1304970
-1132148
800803
-645838
-548706
443433
845032
-414524
296829
173918
-334248
-230096
405557
-544869
390810
124836
414865
-672764
-196010
-1307809
111304
466142
798871
-87665
129830
1558515
-335261
737832
-955420
213366
1846982
538295
-39458
185717
-338173
1012705
-276887
-1549880
-987108
909249
455675
5752
1057053
-880013
-370499
-536732
-346255
280122
710990
109376
-538902
474743
1710247
42722
-993994
-908381
-86622
1474979
-905232
-15290
-913640
325629
618244
-1393448
-276469
-83330
-71709
-1180041
315446
-666411
-298355
-646883
-147476
-850393
771201
-92060
511391
-79114
220103
557608
114389
-708832
-726621
-688218
686155
-641427
-884299
94409
599855
199825
760660
-213143
543106
530820
779429
-565417
1015758
208825
382789
-22790
952061
-251678
-252706
-91829
1112069
186350
505959
1897515
-19345
-890088
373825
2128568
-1145377
-286285
160143
-11297
-2950
-405532
313653
91281
-1127109
-1195929
-331372
262343
85765
1380599
16625
-751594
-18249
930877
-196773
-118716
-9256
-1419808
-986172
280072
-6900
-1519874
1023333
-78889
799758
900553
-1061050
508232
-1000548
1448665
-10336
1728610
-102140
-1579929
-1243964
140828
-1117402
1060533
-879244
29401
131462
-246544
-570498
-160781
-114655
-132642
1279491
-867005
853666
-687969
773809
-611643
475842
-342507
1156924
-669366
-25751
325977
1288755
-464149
-1076396
654880
-992661
313385
-1175664
-302129
4857
638467
-415480
466798
-577336
857001
110045
1670412
-794486
206733
1013246
-997895
-368341
607100
-431730
621228
650510
471930
-289307
114176
808995
-1500036
836344
658006
200232
-1307164
49126
-56997
-175527
821767
-55166
-312633
707632
1451113
-1091202
-112817
479795
-911060
-1305
-887051
-1866635
-986574
898579
-454945
-59711
1183821
-17228
888110
558737
-370759
349092
-2070970
-334497
-1440349
372485
1301646
102297
-1822837
1167102
-62911
-914989
197388
-787489
333833
-772863
-554325
-466140
163904
-489172
-1342291
51117
-347889
-558604
300236
268170
1204250
-1121906
963247
-678551
-22151
474567
818143
1591624
-527154
-247486
-137715
-1175907
774249
337571
-900103
332984
370075
-714186
453440
520710
348984
40586
881291
-806623
400453
385728
-1408468
-554635
-208010
-491609
1301899
-325205
138418
196606
-443123
-466877
-433457
429607
-1343260
374884
-730885
-597551
1360751
466684
238935
677917
-305856
-1042874
334942
-956463
-745748
630491
-183056
961884
579567
-447611
228196
-60329
-453346
973124
711117
769362
-819947
-633264
1094342
214890
-280600
975579
-564506
1117425
258302
-65097
-492586
-290029
-192538
61932
1703097
-1178773
969059
-507221
580258
1088622
-290271
-1496644
17581
-14500
-190283
1040360
1037467
236106
-31100
1540489
-395881
447792
-627072
-1352627
393260
-15535
2446
957443
-644740
-1307672
611348
-424472
-11433
-874650
1075435
-298017
-724986
876274
-654645
-475540
641740
-1291618
-217814
212475
969294
644993
-350299
583352
-755247
-185451
-281747
58958
-246841
515503
-99511
-16250
-605200
635783
443765
-1356937
130994
746841
1395068
1477063
-836345
-322807
79506
145967
615882
771711
-187291
-748428
-43931
-269691
624555
-802805
189185
800595
-325700
-716465
-959498
-138390
-336042
417806
-652796
-212346
624306
-969876
-675362
-83888
-224255
-600950
1821013
-75973
-246915
-135829
680795
364035
-1245968
281094
-975144
-131653
699671
-746782
701059
-471945
515495
-497973
-1559972
-327777
468739
-251234
-610610
426368
527813
16732
138811
233890
-935216
530606
-348103
202541
-1378392
-144477
726022
-1170145
336217
-82962
555728
-187522
-604502
-310591
451354
-95265
562278
95492
807753
-687499
246282
584236
-546500
30003
198934
815014
-78118
-1887424
-169277
181601
-731934
500822
-34615
-249456
672412
-5955
168097
-318361
1581627
-607184
-30060
263817
75235
-358501
739259
576439
-645631
-827640
-240916
-783495
401883
-582193
-10086
-217130
-3330
967729
723543
1017334
-1486969
1606026
-515418
1185094
-555121
-825872
358373
-574939
411463
2176960
478466
-19419
-1871272
-389996
-653817
683061
-11139
258654
-450262
-877475
1194938
-83000
1005508
-354497
-1222211
1868881
-1612021
-896193
368149
-1181397
-699548
1116479
-435824
226125
386966
-836760
450518
-77819
-494774
210194
903508
339756
93837
791318
-793196
1603921
-584137
-150929
-415803
142273
510525
1324018
-1364209
-10156
-512228
731197
597001
-831581
-121300
-169214
-562141
400789
1276751
-557683
-706670
2598720
-337825
-323518
628123
-166316
1198988
-1063806
-632434
554716
-77900
-87561
-825986
86522
-394719
-547648
761415
543996
122926
1830820
-92152
1392258
-1742968
-970584
-102808
742727
417892
549874
1572490
-1133673
1056326
658467
-416172
-1242204
-1216068
-1714769
494227
-33220
564602
461896
1163989
-873107
-1337192
429922
879991
314605
502479
290757
245324
346281
737930
137428
1368272
1711971
-884202
-1254212
-449037
-1040121
-297064
-630140
885741
-963905
905575
350737
694034
-1539846
-757798
-403556
-1587926
-46911
-56963
1217096
517435
37958
39041
423853
397639
951997
-986389
596680
-649030
-285477
1023317
-113726
304737
-1438217
-351086
-1988858
1326578
1287442
-983242
-4641
1078804
-1044931
43195
-209751
194593
-961242
-814457
-3266
645886
837108
-626206
58878
608640
809367
1213468
-51593
61630
335016
-1019870
-62393
-570717
709117
-147710
-40300
2890469
-905476
-613153
-205217
-60497
691885
706212
435925
192720
173774
-656980
403441
-731027
-992219
655790
-69273
225931
703354
2649597
16664
513562
1096825
264528
-869515
-1155908
-933869
-625943
838377
-816068
-669242
915613
1285709
361907
108261
272170
-286415
-600772
512916
-1058462
115754
-67528
80434
30144
513498
97680
-85748
59866
207785
362582
1070521
-243592
1157779
1362687
-471092
-99161
980683
-910474
-48091
311291
147330
1570884
-1132817
-1920361
65076
-47827
-140442
196235
605249
-524591
-865730
-272300
-152103
-539689
332391
-1128763
2008850
1077401
211846
708609
-158190
-177024
-1358453
2112296
338914
245566
-144643
-111769
389639
1307048
485420
-8220
-210498
742053
574213
505160
216444
-621170
140776
-692006
576823
-846192
127659
-588173
200723
-1333312
-391801
-949749
-742530
234190
259186
1579870
-396064
1469438
-1651714
1482079
-1861150
82394
126318
-755454
1765493
-362528
-1584195
-1108653
860195
409987
374216
536191
-474505
1034714
-1434606
613380
968025
194393
2021938
-1991981
-1368200
738571
-2165301
1457451
1190314
-295124
-881414
1051792
-515351
1011786
-964981
-817636
1466470
-973770
-134159
58549
604767
674126
-1615067
822002
-269455
-373939
-306720
1152976
327107
708786
155940
-103135
-1947633
557004
156965
897149
1481725
-558949
673289
-121478
-260548
221308
-87132
-193640
446774
2115710
-399912
295009
571752
1113707
-1622444
-991840
-2506627
214039
-138917
959489
584591
-497439
271455
1833752
-507859
1131137
-584013
619336
722187
4906
-317696
-205465
1173225
-1098763
175184
-445681
-543841
365410
-797726
-309786
-447908
177429
-415600
-821428
1014051
-1208148
254528
-986031
644106
-638873
1004358
-1076720
-400077
863927
-952939
-2074323
269511
978962
2813220
1229053
411546
-1730
402893
380541
1763762
252831
1110896
1057429
-1184553
-546984
238304
-1010633
-208615
-1366398
1448564
782893
-1723832
-366207
-537988
420268
-358812
257153
-466118
-1088042
1120018
-103236
-745966
529776
417441
1008971
-1139053
-43728
790734
-468899
-1071699
281044
-21044
-1811245
1356389
-854430
-514626
162156
139472
-1171704
115182
338073
-3163971
1447853
602516
249999
557429
-676054
342061
341856
-1172526
178225
-24416
-438414
540878
434026
-272326
-2274079
-447046
739478
792138
-729820
1641934
-572335
100035
-163234
-491190
-433875
321313
1706955
-160495
276634
-1002409
891945
-1334787
761452
817420
-444763
549368
-92597
-41771
284939
1661913
-265824
2092671
1018031
-208222
-91830
-1533040
1207778
524747
438471
681075
-1355154
613980
21335
566083
663832
-400650
-1813940
-884233
7263
-346452
918167
-665679
71718
125255
829676
-1303034
-485251
-1071021
-51788
2632378
-1207796
-1584811
232082
1387635
566146
397847
-813152
-362132
627020
188711
448456
-780681
549096
-462940
302475
-733989
808291
647908
82430
-466524
-788758
260941
-794349
1164349
-47396
582096
-104301
-379053
881617
1175190
93510
-834808
2041793
410502
-670240
-920986
-996665
1788989
-901859
224463
224361
-686180
-1569562
986372
-829678
413666
394098
-117392
319560
-811937
619544
179343
-378882
8303
1714265
-1406028
770132
1090842
212377
-200380
334285
-201028
798830
398595
-559424
-631777
-696684
446108
590249
254502
704024
-57603
-868795
924998
-987478
-373182
-459317
1050456
-561743
-78841
-88351
760117
-556423
-522523
-327769
12401
-261770
90741
205975
123283
-105914
-531111
572123
270976
-659670
441146
1262940
-992662
-514357
670753
-1745726
1630878
-1705195
938956
-1192151
180698
64589
961390
-784622
-764979
-255259
-149820
-1044
-907141
217500
619352
201008
291863
1347301
-356695
-639760
754950
41056
-581880
-519277
1963122
491361
-487295
-865182
-208115
-931581
846792
-279423
-294823
958525
-1260626
166582
-977885
999204
-932627
157669
662745
1394640
-1458858
-890956
467837
-1090494
-779968
-267322
-739007
783387
78421
242393
1253494
-170201
-109058
-899666
-192803
-520111
255499
1128618
237864
-1289887
1589886
-542762
11547
-332302
1181117
-477290
676343
-1113007
-433346
-584628
1319364
1271511
386017
494481
-227713
-731543
-1070682
-226599
-1023390
-2158334
12344
1582622
-978051
730825
-396310
388304
203049
-1321133
-1108362
595427
187786
1017577
936338
-583337
540140
-660089
164067
-505217
-354254
1275102
-275147
525101
535353
1264242
658602
279284
435899
-1598994
-830261
1214399
610426
900386
-70500
-520873
83784
594851
-505802
538323
287610
-358223
-776106
799145
-1743988
1597752
211910
-2213070
235048
82410
1407333
285274
1348252
212549
-912669
-2139743
1421356
393839
-232125
897363
484018
-1224568
380137
731164
-411638
-285219
626785
-306457
-585455
136656
3193315
87708
-423048
744922
265907
-438788
-1059254
2215238
-38863
-1866775
1457168
-418236
-1312147
-836251
250901
110925
332235
-1102643
-296382
534771
267602
1109424
355207
364437
-449289
291989
-1697286
-1115328
203142
-708428
-337433
1223634
696440
732182
-595329
735568
-349985
-287010
-238560
213239
-38756
-1146697
-826386
-101067
-825987
-468332
-308330
155299
-827051
1096977
-699346
1108191
-843524
101934
1946488
-424576
232311
-1013292
12779
781806
-485421
-1869845
-16231
151352
-1091394
-57247
-177915
611437
-221023
-1194780
483843
-75161
995552
-216158
1413282
-603603
-18827
1327446
-725529
1824658
-477927
503877
-135587
-531546
2139931
-1841660
-915557
843813
790926
-1555134
-236082
-798223
924490
513525
345066
877405
-668597
-963082
-1928418
1357500
122447
350544
-556663
36772
381209
-2473341
237061
-292008
-902100
1079613
31306
480933
-242512
1737045
770913
-30534
-276979
-141666
1958751
-1265777
-391032
1316260
279869
284085
531685
-1004472
2044799
-1234701
-425682
574714
874194
-314873
903086
-1142127
-451967
1304954
1524320
-580563
-140053
818520
-2020499
588797
2060949
-521768
585092
-65525
312604
-780577
-15458
-2555918
129108
941892
92100
266603
-810994
706068
482224
-448135
179916
1286917
-253465
-358524
-106829
637841
127530
1079352
521256
1394499
138361
345146
-532053
655233
-405220
-1470583
-114936
-706912
-1482508
447224
3847
-299527
-527415
-847050
1776825
273145
-599822
757773
-1324464
-1250451
1626595
-1617857
174295
626620
1897365
360468
1648559
-1472395
629427
-1032888
115017
-14662
683971
-192559
-525665
357757
-1117342
890454
-2526109
54527
-14781
-631090
-1039003
987284
-44077
-628891
-970992
-940842
712914
-1182815
-384287
-221047
-839856
1630042
-93380
179879
-150929
-50084
-457930
595846
-498365
-1020741
1897099
-167898
28803
753422
652947
-1321421
817714
879820
1307966
-593433
-77931
116031
-524912
766300
-19816
-455629
198560
219809
-406220
120015
34326
304813
161368
51165
-495799
583010
-950896
230218
-835693
301656
407184
491989
-297262
-166799
-35618
246781
-37346
-423234
279602
-146225
769859
582490
1665089
299011
124185
122985
-448600
-563692
-647349
596337
350375
-113754
1723146
101404
63311
-226745
209171
-619123
-62361
-707701
27096
-78135
-327465
-1176054
429566
-774975
-247879
-751820
841862
-94411
89602
-541876
-505578
839566
-443960
301311
877209
-206882
130235
570342
1212316
-1588173
103845
346337
605754
11423
1263126
562652
405773
-770321
292206
798960
295865
-711625
-916369
408343
-128582
304795
677827
-278876
605843
-271241
488067
-2211662
830298
-158429
-749815
-593470
-1528610
845
-1158077
383076
-460164
262962
-912720
-642226
-21496
820743
-438001
-274128
-1358865
-289415
-584547
-340846
-225651
543818
111009
1014219
-525362
-993575
-580124
-216698
1012018
-1227099
-654487
-336781
-49419
-364085
-778256
-422045
1028264
-715991
811250
1357718
-161815
-957527
292141
-774
861331
-45483
-390254
-936973
-1067732
-793668
596011
140596
37851
-300304
-24942
186677
1053411
-855663
-1199018
1090067
-317704
1316606
-317547
146669
-71253
601315
-589613
-492381
-574538
601288
1078031
424374
-1016292
677145
-144414
-573956
-351282
-583260
-1175573
640581
-126002
811863
-266087
-602257
-802477
248355
-87174
-1270285
-765679
-463532
300234
-907163
687059
299407
-73011
685215
-1107239
51118
-832015
-18586
-619767
168128
266675
-423641
-1945584
199957
-361937
-177415
655209
578516
244391
693211
1310545
208389
-67047
-244731
836395
82020
-56579
1024762
48493
565483
85904
-1214632
-653677
-744092
-956688
-276875
783274
924838
-2195252
1247212
-660283
-61714
-225012
1146410
-498628
-702812
-131624
625550
277822
-704557
-371173
1256460
-708267
-619825
612830
311819
107662
491210
642607
1580468
447370
-53196
425895
-564529
524817
-1032982
2040230
44891
-278986
717037
-429483
-463349
413062
-863475
-820246
-1417379
-927873
143393
-642543
-1039311
-427518
120719
-621159
-1044048
-22360
-980816
498902
398629
-227597
1948671
-2956
-861350
1045959
-845629
-339203
915078
-115213
319379
674317
481899
-998494
146621
-388436
-1347864
252684
-864307
-725400
434227
-780211
694427
-164556
-651146
497251
-857022
614332
-153268
-268702
-351648
-657448
83534
1151761
39614
-519574
-430570
198652
356079
-850300
405861
-1158495
-701097
361004
82688
-122487
2054645
157723
643268
-396312
-1938615
611632
-1011608
-786179
-1550410
-235979
-932495
949563
359601
-788831
313998
-1756782
-22145
229537
1382784
-211397
801849
-682649
140245
1304393
145753
800797
352391
1696759
-1170198
-691356
-328289
663013
213517
697395
69647
-285988
-719727
-565989
802235
-160767
167882
-1631119
-378122
-49910
266351
162678
-1311541
-304116
85201
-1056595
47831
-381859
111050
-55373
982066
-666975
771252
-1029815
370922
-172929
-984835
521872
-1448267
832719
398201
41253
552690
-287204
233119
-642970
-803863
-470147
-109649
206718
-1629889
191126
220455
-7777
350824
-336284
-345019
111175
19912
151046
197736
-847837
-1102617
-591750
1074202
-144346
330178
-255237
318409
602410
54664
-1457697
44649
425246
954580
-765906
5798
-238221
-97380
844711
-343663
1330526
630688
-180673
-558384
-315364
875317
647350
-1912603
657264
-235209
49507
635941
158654
370118
-1026334
-484058
280348
1408127
447219
-908965
-335016
-1943922
730498
581247
841173
-110035
718604
740219
441593
71874
-78226
365982
-590617
-368794
76634
675567
-340363
-1216708
52257
806371
-2360225
-107155
-375116
137060
929100
181489
1119075
255211
-1388543
1766109
-417587
512729
-597375
132126
-406509
-609517
-840337
1592919
1410955
938994
168972
520820
413011
335074
707623
1047658
-375043
245717
783841
-634381
200762
-1404008
-312738
855761
-117188
204575
-576105
519277
587220
115892
-492795
-924058
600030
865728
342303
-1509003
884280
-186893
646361
857424
-654779
-449428
-1108258
557780
245500
-303705
-1295642
-103613
-2244206
130386
1298406
-642984
-761877
1729133
454185
-70599
643020
-756492
-1782849
101361
634902
588663
-916553
-270372
-753402
146802
489099
-541635
-1804664
164952
-1000621
107123
25651
-1096572
609041
302966
880742
1959231
1097071
-408795
-697116
134660
1042493
-423467
105908
769684
-134248
29619
-772538
-758422
174158
-889700
-528963
1170958
56047
-78418
-599839
-775916
239438
-933777
53860
-1708795
223194
110468
-384424
-896817
-1369807
-220746
1335674
1142339
641864
684484
-418293
-327225
-842616
345462
-683484
625398
1201340
-534836
-62635
1741
-222633
-247029
-27655
-367234
-261089
142269
194320
-993505
-495412
315201
-62694
11221
-626204
445625
227907
-1023468
-471600
-219071
-245999
820962
645213
-916557
-436106
313324
112615
-548396
-1137405
-1154038
-1188634
-254865
-713684
-709654
143502
1474204
23097
193002
-243536
53739
-697361
1284990
-76738
-14791
-450487
1584572
-632287
-1206720
-654371
-1200874
-593539
-204222
1036584
-950203
-510028
1266795
110088
435735
112351
366192
-326544
-1548393
1106319
-260442
292023
306721
-372630
-2338350
448752
769866
137026
-2042498
1143556
-1961069
406551
313344
485495
-645477
-317756
-367913
-492157
510774
1115200
722148
-994929
-1181970
915524
-229761
-13737
-248186
-176652
898692
-237748
239087
1022114
-190840
-694322
707313
-140594
-1155307
-298127
-973809
836878
678281
-538276
400313
-973917
662960
465246
1572787
1059014
-577281
-911066
141014
-288887
397604
1417150
-1156571
-928281
-285385
216690
-1376558
-980205
-320617
-1271657
-175754
457172
1402498
-668414
1078885
711686
-1904119
-1217294
-270076
-16362
1215372
-706699
412528
148319
-725705
-3788
-624442
-144378
578980
-998791
920782
114181
2361
-708766
-91409
-367218
584213
-282785
597469
567527
1366623
925954
-544915
-172558
-1157998
-1433906
-1431037
632749
-670533
-1815862
662447
576176
580975
-566406
14697
126807
291232
-361695
-159252
809303
-714839
-58817
393788
-719124
537588
320059
386449
1011321
9547
-638645
-264584
-725531
-1275509
-713790
-1582351
-2040028
628164
20963
1230676
153954
-397118
-246788
-1171185
-468013
314205
437812
-948396
-446930
241806
857065
-589273
-294503
-607588
-333997
-21685
356146
121665
-272259
121740
-405968
-919939
444336
41574
670664
-463257
-671180
-1120314
-1216477
604538
-100184
-601871
1045096
409714
-287402
-1138363
-219361
-987769
-37668
1063560
-533354
-307939
720772
750479
319110
388501
-240060
-848022
-242590
628019
403369
782231
735143
773466
-656126
-185501
-1129585
-1031044
-1366314
593955
-1324853
517006
1029857
802663
-1168872
331702
191776
380158
341644
-162828
-19537
-807060
722136
-39231
-1096350
20054
14644
1061588
285473
1998409
1190219
-558816
802851
882146
202300
-1442456
-157587
225052
856291
-604564
335834
-615617
452029
82643
137688
-546363
112715
770130
-549201
-1797290
53707
-936370
273491
1240917
-63238
-985432
-382985
839542
195904
626346
96104
-49709
830314
-1084894
-979226
-1250249
2064631
696606
-447725
-1063676
-1426613
-121880
-1107584
-239291
750117
-68679
497257
1176863
-775290
-11137
1777585
8450
383826
179595
-2369
-1144823
-207899
1640228
-1136497
132585
-78375
364916
-885492
558070
1866590
779398
-50644
-216620
-361508
-1022869
-847506
-1299477
-284815
-1031674
-197804
-896770
834514
549307
-12240
-1805827
-387382
545198
417481
677420
310071
-106532
1026582
420357
-673061
-621759
-725656
-1235504
33784
240980
928286
1419582
254940
936063
-837081
-542579
62650
685870
-761580
-81268
-962512
1230665
-571430
347265
562896
-689990
202813
-674993
427129
-744997
-1077648
-703639
-159115
1318919
-482669
-149203
-139943
-484020
793232
1382137
-370686
-653818
-282753
-292820
728127
954348
-665012
757160
262223
-859026
-448757
-1659733
1184884
-886421
624571
-888502
-692074
-58557
114733
-588618
852295
275221
655893
-75115
-174072
-767687
122685
-1044117
-602095
768675
-1367602
-197285
1677062
229123
-901054
227715
-291884
-62045
1202535
-369239
