-5.103020
8.619474
-22.623519
-4.545897
9.808599
-2.193977
-3.594849
-10.837449
-12.137401
31.721113
20.756301
-0.874814
-1.453065
-1.700032
-9.474990
18.822909
7.372190
-4.358901
-16.726438
-0.214295
7.848340
-9.890345
2.113043
-12.439158
-14.291709
6.518850
3.426894
-1.282015
-13.432408
-7.216710
3.362464
-1.097080
1.000631
-4.548600
3.108372
4.094738
-23.749821
15.212199
-15.410461
-19.101855
23.482269
-15.572509
-16.866949
-6.109199
-11.787415
-2.854261
4.284417
-5.909561
2.013102
-8.964756
-2.876097
4.812044
-8.518744
5.055704
-11.719791
-1.270599
-4.934560
7.057447
-4.603301
-4.333210
-12.008477
-0.671766
10.360197
0.823588
-25.017237
15.955778
-10.749418
5.582356
-0.466981
3.197795
9.729459
-7.036426
1.909933
18.095853
-17.655491
2.332435
-14.082817
5.060166
-9.939758
-9.271183
-21.036243
7.578240
2.666040
9.283520
-9.272583
12.522704
11.791822
-3.410694
30.551368
-5.215964
21.962394
12.523687
21.955673
9.423135
0.042431
-4.068874
-2.088759
16.854474
-17.664099
-3.234544
10.980929
6.673577
-14.552955
-17.890222
-11.035248
14.100164
-12.312975
0.731785
26.694212
-0.836901
16.934128
21.952847
1.677778
10.160929
-3.738706
0.152950
-11.318874
2.946188
-8.124284
-11.231282
2.798590
4.696517
14.332817
-3.844536
-3.301419
-10.973302
17.320094
-7.269764
1.608177
-9.774658
-4.556670
-0.429082
3.654254
1.419687
1.987214
-2.770757
-11.567510
5.324161
-3.928972
-4.098421
11.661096
-16.570086
-10.979185
12.633228
13.688428
5.702332
-20.667659
-8.131295
-8.009017
-6.432072
-5.324847
20.269467
1.559436
4.096291
-15.138457
18.993440
20.770405
-3.243462
11.865877
7.941933
15.178075
-5.798276
4.830826
9.316086
-4.590089
5.960630
-5.647565
-2.847301
-1.581609
-21.066057
5.914325
-18.718465
9.194694
12.239949
-8.352188
12.643401
2.757994
-8.484164
-0.613902
-0.565021
1.065736
4.610402
27.333316
5.658724
26.049606
-11.102776
0.597399
8.401707
-7.056501
-6.959729
-13.132484
1.658305
1.252557
3.445063
-0.132697
-1.492584
-9.783993
0.178675
3.194140
-15.917061
-6.664630
7.597805
-2.002856
-15.209524
-14.394241
-4.957231
5.732821
-15.617360
4.534919
8.167930
7.325232
-6.660362
-8.171666
-3.277433
2.375874
2.754338
-9.733231
14.602615
9.573870
0.179168
12.020050
-4.040909
4.334679
-14.303736
-14.849405
6.115248
16.620716
5.616940
-19.668769
6.949080
-0.451338
-6.920299
23.228799
-25.067385
2.438089
13.644982
3.104159
4.849336
1.982862
11.020204
-2.612755
0.706428
-21.492017
19.029948
-1.915483
18.062834
-26.627341
0.428162
13.694981
-6.677150
20.914246
-2.640514
-1.867869
6.958317
-18.275406
-2.277094
5.091972
-2.193705
-4.021238
4.377501
-1.008770
-9.446094
-27.122376
6.682410
-15.163626
-6.750515
3.440071
16.194247
0.413559
21.539037
13.988189
-13.700984
3.869049
-2.757987
-18.670714
37.504461
-11.306287
9.191372
2.334403
20.738129
-24.786774
-8.147766
5.583237
2.357158
3.020075
-11.052187
-8.556418
-3.649747
-7.307268
10.103784
0.061217
-12.723493
2.398297
-4.338389
13.858857
1.121611
-11.177337
5.791208
-18.145806
1.489853
16.868466
-20.816453
-6.962592
7.506102
-0.201071
-20.004186
-13.955035
-9.909397
12.685398
5.122870
9.728284
-5.135138
-3.303774
1.741516
-31.788558
-9.022482
0.093918
3.902448
26.372794
-0.375937
4.301757
-28.316703
5.519931
-3.286831
-2.296761
4.129913
-22.763866
5.865621
-23.044206
-13.662200
12.161996
11.272110
8.996171
-1.855284
13.304177
-2.705438
-1.132149
4.325676
4.424091
-14.200668
6.630978
12.658871
-19.993759
6.423961
-8.077132
-0.346448
-14.204105
18.197455
-1.571373
18.217931
-12.204421
2.496073
-26.723231
-20.629283
2.314842
-2.599378
-7.065889
-9.251346
-6.906527
-7.908118
5.184663
-17.411430
-21.361590
-27.450756
-1.240777
-11.897254
35.182498
25.465310
-8.085425
4.250765
-18.027062
9.032089
6.424261
-8.686632
12.865549
-6.793417
10.622424
-3.739215
1.242261
1.261615
-11.459789
-3.814473
-6.399654
-8.404596
-9.722607
10.164304
-0.268727
-10.890221
-7.501989
8.891493
-0.491159
7.919975
-12.811947
9.414575
5.124220
3.131218
10.231662
20.382754
2.432661
-10.117032
-15.362313
-7.182630
-20.165655
-18.172549
2.861874
-1.353465
6.349469
3.511214
-3.165874
-1.685717
-3.823624
2.239371
24.157124
1.258189
0.603969
-4.211549
-10.803897
-11.739722
4.040374
-16.505478
18.178532
-12.891790
-5.317215
6.157032
-3.247224
1.606954
4.411056
12.196045
16.347693
-23.940198
6.124880
12.686710
7.377997
-16.499632
27.174522
29.277838
10.035916
-5.477871
-26.420482
-5.676413
-1.737605
-4.388033
9.504316
-9.401873
-25.080408
13.067242
21.616724
-17.175351
-2.125387
18.692472
11.253711
7.187883
-4.837224
7.079039
8.841515
1.489224
4.680335
23.252035
16.044322
-10.192079
0.676849
0.760134
11.545683
-6.563438
2.425941
-5.742978
-1.685681
-22.429309
-24.494247
4.197651
11.257718
6.970585
6.780404
21.597273
-7.673220
-6.020174
-1.102545
-7.958850
2.628447
21.140083
-8.704842
-10.826623
-12.081621
-3.554590
14.607968
-17.898617
2.875027
16.007880
23.043563
9.364662
-4.055947
11.758405
-11.198711
5.525984
7.839962
3.210876
3.569867
6.359662
-6.548285
4.819592
5.090099
14.813528
2.458569
2.358471
2.172583
-0.532035
16.928234
22.520440
13.688385
-33.944956
-7.355971
28.296514
-17.469234
10.111807
12.411234
-22.252544
5.001695
-9.039375
-14.099867
-22.637588
-13.700941
15.920301
11.213217
1.474982
1.164916
9.935278
26.186116
3.103826
-18.896892
8.781758
12.082409
-5.019423
9.506933
4.345791
6.430342
0.731986
26.516952
24.888617
-12.627196
-1.021642
-9.991091
1.278532
-8.190369
11.668049
11.966497
-5.323179
-2.670084
4.805472
-7.931751
6.564059
4.349980
17.572513
-3.795733
7.357195
6.681095
4.762010
-8.435478
-0.977839
7.882799
27.771613
-8.433779
3.516480
-10.341716
-4.815575
-4.450774
1.384477
-1.967831
11.367712
-2.517873
18.584778
19.767506
4.399304
-5.850965
8.112170
13.565289
8.004073
-28.155042
21.282022
-7.515204
-9.095037
-0.533081
-1.797885
12.109620
-9.157166
10.746461
2.526146
-4.841899
-10.023058
-6.355581
0.622167
2.412880
-10.227146
14.407083
-7.656100
-4.555459
9.993198
-18.395107
8.846890
-2.179320
-4.911036
12.694025
-11.707752
2.538720
9.293873
9.927242
-3.320319
27.772545
9.661367
4.565608
4.085982
-18.153433
-7.398437
21.016486
-31.206407
37.913051
5.548499
2.094754
21.730485
0.568978
10.384369
4.492484
-20.355875
5.999485
1.320047
-6.152176
7.003470
-18.707270
7.961400
9.955911
-8.770743
0.124075
-10.080000
3.882491
5.986947
3.159599
-7.217486
-6.214852
21.635951
7.769947
-2.601561
30.224646
-1.646868
-1.565730
2.427814
-17.163404
-8.234245
-25.209430
-10.106749
-10.044062
16.807877
-6.437141
1.781316
-10.822537
1.113685
-10.524564
-5.898059
8.900268
4.185887
-4.407371
-15.254932
14.138394
36.722505
-18.141234
13.772264
-15.901073
24.169902
4.229186
-7.610814
-8.442263
28.286635
-5.417416
-4.493677
-4.702318
12.533232
-8.940607
-14.670361
-12.532874
0.850312
-2.117035
-15.045900
11.658513
-4.373516
13.099292
-11.777154
10.550396
6.197082
-17.228687
6.534598
-10.529662
-8.480347
-17.280287
-16.953035
-6.920712
3.230405
-7.849637
-15.988197
-36.915014
-3.879191
-0.444759
-29.504877
0.008520
-3.993047
7.815322
11.600952
22.027055
-5.851739
-19.051324
13.168049
18.291157
12.698347
15.616913
-6.471548
7.189443
1.355580
0.102305
2.128849
7.811801
-23.128461
-0.320523
43.416429
-4.218716
10.777859
3.998989
5.904791
-11.455809
-9.024269
0.547306
13.597183
4.535358
-6.763642
-0.841433
-19.965833
-0.596322
-14.203060
0.328147
9.616865
8.376871
6.918493
-11.540445
7.204350
-20.342089
-11.895749
5.168246
-20.523655
-10.633398
11.018270
12.787116
-4.611338
28.108916
-21.577767
21.486628
-24.570381
-12.317927
1.187619
9.994455
-22.191521
10.177261
26.715382
-2.537985
-6.802299
-18.520292
-6.224644
8.203944
-10.323915
2.565545
-9.869849
-9.163582
3.560018
24.741731
-14.787205
7.116565
5.122621
7.658483
6.233500
-19.951352
11.011591
-3.768201
-0.566200
12.442952
20.052658
-17.826184
-11.601800
5.197505
23.111416
-15.242593
10.599531
2.402612
-2.202133
-2.947161
-0.105825
10.223739
-1.373796
12.816306
-7.462076
10.166911
-8.347570
-0.098575
-2.291676
-16.525062
9.629241
-0.226522
18.134092
-21.540446
4.296604
-3.319994
6.694925
-5.509845
-7.214486
-19.286391
-6.926156
-4.951979
23.822210
-6.601690
-27.333255
-10.636208
-2.192070
16.278321
26.340677
1.810234
5.331962
-12.662709
3.903309
7.687328
-31.658390
1.019178
-4.462605
13.004891
6.319854
-0.819053
-5.005917
-11.658893
7.940478
-14.896789
13.825266
0.103262
12.701496
0.914463
3.183863
9.329894
-14.513633
-3.306179
-7.971454
8.780711
5.295931
8.687627
15.902340
-17.717201
9.780070
20.411092
-5.867654
-9.706272
-0.519748
35.779562
-0.241632
-5.206236
-1.208151
10.272534
0.490083
9.549578
-38.429685
-21.500271
-15.005020
-3.257164
13.764049
9.357113
-5.920380
21.304060
3.328476
13.731969
-4.641181
-7.555889
10.180056
7.665495
4.705455
4.043696
-20.622990
5.443435
-3.302841
14.210955
5.921485
-16.167722
27.637780
-0.268944
0.522037
-8.493208
0.600577
2.750905
-9.496247
-7.902230
-16.502904
0.141134
-4.793205
7.652726
16.617665
7.442517
-4.991738
-2.529429
1.151044
11.583514
-5.430570
-9.395632
1.945810
-10.886814
-5.499404
28.631022
29.041392
5.512557
14.124144
-14.997639
1.654931
4.932903
-2.864621
30.978193
5.378441
7.264068
6.653432
7.307531
-10.181633
-15.543679
-1.579033
24.649903
2.796966
-8.403721
13.100908
-18.117917
1.571784
-13.256889
-15.242322
7.165931
-10.776803
-0.227585
5.580192
-12.157943
24.472313
0.801664
1.668230
-0.636221
20.308696
2.328200
-3.841001
9.285212
-3.431864
-2.724078
18.671101
-6.493066
9.504865
2.861656
-6.584260
20.237583
-4.419642
9.836227
22.313966
-3.277506
-1.265042
-1.848384
-11.801660
14.970015
5.522134
-15.137390
7.284622
1.478934
-13.547854
8.679609
-24.108084
-1.747823
-5.845557
14.032505
10.718158
17.239506
19.366289
10.808965
-9.888784
-10.774617
-22.401810
8.532393
-0.035125
10.953310
-19.516193
17.693652
-3.107405
-6.597387
-8.420682
-0.996766
-12.844177
13.129264
23.808302
2.121155
4.706200
6.603522
-1.281034
5.593106
-7.965660
13.706881
-18.110258
-13.036162
30.375477
-4.909813
-5.529062
10.335791
-5.333313
7.075998
-5.438077
-13.935226
11.472140
-17.270534
0.025779
4.652654
-14.027164
18.748903
16.868758
23.122972
-2.493721
-0.925317
-7.075080
-14.474736
6.982992
-8.921680
16.028389
39.297856
10.413441
19.992359
-12.573328
2.216415
-4.311218
6.980680
-13.280694
-0.774105
7.853055
7.609688
7.260255
5.049489
-10.562260
-3.475207
-1.624166
-27.541662
16.995051
-3.157786
18.764090
4.926603
-3.222931
-12.982913
-12.156765
15.347198
1.822293
-20.510950
8.076643
-20.783990
26.058194
-15.267822
12.530869
10.008615
-3.987829
-7.824437
4.010245
-12.870334
24.802609
-16.395969
11.720692
12.981731
-15.207997
8.225373
19.075587
-4.911558
0.101493
18.626054
3.748598
-10.477104
-2.785986
13.748829
-9.320462
-0.014732
12.465442
-8.083923
-12.658441
10.526854
-6.173659
14.510876
8.504183
9.264695
10.192163
6.267234
-8.161050
13.810524
15.397868
3.174939
-7.847433
-15.584906
10.626162
-7.924867
-6.278531
-7.502011
7.828109
5.399572
14.875180
18.814788
-7.840565
-14.522106
1.758313
-6.119442
0.654062
3.499771
9.821423
-9.630727
13.080868
-8.199767
1.548087
-2.986611
-3.201403
-9.839040
-8.965081
-6.155508
18.784400
24.133379
-5.005637
-15.428083
-6.503384
3.187784
-0.452890
-7.964167
6.567792
9.135662
-3.607464
14.989885
-7.914725
4.835806
-7.074318
-3.617550
-19.377952
9.709791
-14.250232
-2.000816
-21.332847
5.271744
-7.783809
4.824135
-8.081468
10.698351
-2.338721
-5.257863
8.279113
7.126921
7.946931
-15.179349
1.002429
-15.439153
-16.267595
0.037648
9.071189
5.531884
-18.130051
-11.952611
18.455880
2.431167
-5.094605
-22.628795
-12.345356
10.593959
-23.172671
9.847563
-10.356487
23.104718
-16.204633
3.480324
7.912902
14.024586
4.861638
19.132609
1.442016
-0.137967
-10.017631
2.309092
12.061550
6.030588
-6.183638
17.963978
-11.971080
-8.552600
-7.381757
-0.520671
20.740687
-13.011863
24.899042
-25.276455
0.162054
1.838197
13.538134
4.558800
5.057015
-12.165383
-5.556792
-19.950527
-13.790672
-0.744754
4.458094
21.145246
5.926697
7.197161
18.556450
-23.710009
-10.311509
-5.711655
-4.324016
-10.469411
4.435243
-6.931964
4.020578
-10.045188
-1.140949
15.625603
13.317169
-1.005490
-11.597414
2.396576
0.417614
15.050977
-16.967460
3.198020
2.018055
-1.905885
4.446947
-5.005391
-9.917192
-0.314846
5.943511
-16.010831
15.554231
-10.686838
17.546838
1.523345
12.094692
3.875959
7.062023
-0.122856
-10.360826
15.965911
10.474856
-8.304136
-1.666066
-7.383216
-1.513143
3.796554
-11.457997
1.257516
-10.946031
-4.926983
2.821933
-2.775237
-8.754969
-7.085773
6.292817
-4.071039
17.382624
-22.189214
-1.420944
-1.885795
-2.804501
-10.202809
2.543423
-14.629898
-0.499815
-33.677350
-0.013662
22.971359
-6.399014
10.148903
-13.490242
11.516556
2.219576
0.665506
18.945168
0.535391
8.268541
-9.667692
9.831234
-19.032244
-17.876303
10.179170
-6.991975
0.437461
22.213663
18.910377
-2.887561
-4.902799
-13.142141
6.898915
5.618546
0.904630
20.312386
-11.391353
19.580212
3.899669
-5.979640
0.582197
-21.753924
-10.157628
-2.269937
-13.261080
2.509132
15.902752
10.935506
3.283138
-8.638297
-3.782734
-13.695614
12.755122
20.362909
-3.241761
0.826388
-3.526502
-12.399695
-16.321229
-6.285585
14.929951
-4.996032
16.480733
-25.239951
-7.426832
-11.913258
21.416202
0.639833
-0.308861
-5.460431
-0.359437
3.550118
-12.538447
-16.631577
8.223784
-7.803159
-12.496756
10.663061
17.546191
3.921068
1.648107
12.734101
-15.402435
-6.244826
-7.847536
-9.745584
7.267837
15.506570
9.924052
13.263634
-14.373923
4.327329
-19.025114
-10.413095
-7.174605
2.596329
3.232019
-12.076949
-5.867245
-9.847618
9.109379
-11.562941
-5.617987
11.396514
10.367773
1.948803
7.751854
-1.153827
-6.849540
9.439556
-1.527379
12.110454
1.483538
-3.018544
9.369464
-3.861735
17.508879
-11.155056
13.820235
-8.241910
29.382835
0.557390
-17.239238
-0.139444
-3.948647
2.073797
2.668937
6.706308
27.851687
-30.850326
-6.954480
-3.185505
-2.206728
-4.110928
-4.328246
23.698686
-6.691042
-18.577639
9.048991
-11.396357
5.262574
5.744741
9.302525
-2.083199
-2.694191
0.199561
-3.832219
15.552914
-12.990421
-11.722833
-7.893841
5.794435
14.964895
-9.265619
19.279432
-12.170426
-3.505174
-10.283104
-0.197579
13.657720
-4.112158
-4.921938
-12.318942
-28.455232
-20.537222
-4.381163
-3.211486
-2.301591
16.619250
-14.233017
6.798333
-22.621104
8.527508
-0.637764
-2.196900
10.695583
4.623966
13.764190
2.444527
-9.244471
0.326589
0.858026
9.618357
12.682224
0.120043
-14.408687
17.071823
-5.103321
1.669064
7.416313
-19.008535
2.486474
-1.201994
-5.499013
-1.623251
-11.656723
1.430398
-1.674406
-5.716964
1.973229
1.493052
0.390584
1.855057
9.152886
12.953374
-10.897189
-7.250555
6.215890
8.685352
-4.551483
-2.051464
-4.688016
12.873258
11.360626
8.753119
5.100946
-1.579749
-13.613255
6.199001
-28.642653
-13.210323
-11.770597
-24.292815
-11.454953
15.640599
7.308812
15.332258
17.241825
-6.745452
9.174789
6.433582
27.541283
13.445499
-11.624976
3.591218
-16.089705
14.527571
-8.894555
10.155606
9.935741
25.959105
0.443940
-39.003433
-6.513873
0.773815
35.518335
8.861079
7.376822
3.894868
0.935866
0.678215
-16.968665
-4.449899
-11.174068
-16.188429
-16.635239
-5.219957
-24.129922
6.733814
-1.844715
8.094415
5.164640
0.619383
-11.269741
3.597855
11.700946
-19.952800
5.402573
6.542659
-3.318387
-6.222702
8.245878
12.458589
-19.813360
-11.903849
11.530696
-0.009596
7.176428
4.031591
11.578200
-1.542969
-15.015417
-2.375594
2.326809
0.495830
12.676324
15.192262
-9.608216
1.171715
4.701566
4.805734
-13.611643
-7.612831
16.375792
10.031183
1.616743
-12.014170
5.797488
4.596320
-18.864453
-1.890796
2.008786
-4.760903
-21.395295
-18.596025
1.275947
-1.124665
13.044932
15.699129
21.636533
-5.023545
-12.951934
9.932132
4.565325
11.019478
4.274931
-2.679207
-12.046543
-17.258916
-7.497818
-6.926034
-8.525343
11.060913
-7.064920
-1.816613
29.808061
-4.786463
1.307387
-0.006377
27.436899
-3.216109
-2.603519
-14.579233
7.752205
-0.854031
0.947982
6.404115
1.651989
-19.231542
8.176815
-1.012405
-7.097097
5.160886
10.903976
2.338707
-18.220033
17.403178
18.492224
-12.304730
9.365187
6.583399
-9.364313
3.046720
-16.298573
3.222105
-16.817584
22.325506
24.097737
6.945943
-5.534358
3.442520
3.575659
8.743355
2.610114
-9.093233
-10.866844
20.584495
4.998026
-4.945356
-10.776853
14.579134
-10.507500
9.803172
-4.605321
17.785254
-4.851524
-20.065982
0.171504
21.379978
-13.062383
-0.856330
0.961770
2.280774
12.154793
-10.765001
2.455600
-4.286211
6.337368
13.795277
7.676519
-25.190291
-4.416274
15.226638
5.388824
1.045182
13.170993
19.277044
-16.694316
-8.925100
-19.804006
12.436296
4.893544
2.345521
-1.954109
10.516673
19.487701
-19.408690
-12.746396
-3.024501
3.269952
-11.478355
-7.838357
-19.951393
-1.199569
0.686126
-13.669913
-1.683327
-1.764293
-3.626958
5.320018
2.950157
-2.200821
-6.252916
-7.240748
21.015333
2.875462
-5.556697
7.759479
-6.483250
-17.022485
-0.873534
-4.265605
17.641637
-6.644458
-4.089140
-4.640105
-0.815886
6.176041
1.781085
-9.521316
11.585209
5.384882
-9.761211
6.087642
4.649038
-3.678395
-3.217833
-3.566562
-13.213328
9.381788
-7.230393
1.599878
-5.425828
-10.613555
12.866911
-5.920682
-1.265013
-4.074175
24.503684
4.294053
-19.035054
-16.358546
-10.643290
-15.371166
-12.919412
-0.565121
1.156007
17.372505
7.364866
11.520092
4.178964
9.397095
-6.196340
3.923154
12.848777
-10.016866
-9.407253
3.120760
2.542258
-0.427251
-16.385052
-2.825341
3.768066
-9.590217
3.069641
3.438607
1.059864
4.287612
0.757215
7.810579
-14.742295
1.606034
-10.871951
-9.703888
-3.258076
-17.132143
11.391935
-7.844567
9.596715
11.974790
-1.521439
16.636786
-14.995047
-15.740529
17.521660
9.555949
-16.346335
-13.296447
-20.280744
-4.207286
-14.053671
-10.969478
-4.804832
-7.245466
-2.530975
10.248451
4.215302
2.673577
6.540964
1.141015
7.136453
-14.473087
22.788566
-5.390464
-6.374785
4.994851
-5.765923
-3.116091
-5.214870
-9.914073
4.067665
-4.361893
13.921177
-15.096492
13.914838
-23.705393
3.305682
4.462751
-5.743642
-8.122679
9.468683
3.223701
1.336008
7.168871
-3.772134
12.736187
5.552003
17.936527
-7.099942
12.361135
-5.182884
14.731694
-20.961883
-6.191612
-1.221146
37.355349
15.875426
-10.495562
5.956135
-1.704019
-4.943830
4.949633
-20.364942
20.292531
-7.651400
-11.004840
8.877087
-10.799240
5.331812
-5.795879
4.234616
-1.303135
22.200123
-4.149949
-4.658213
-3.814987
-21.457566
15.698614
18.745235
18.238976
7.036350
-1.571602
22.750232
-13.795823
25.237919
5.583176
5.187108
5.285897
-16.091173
-10.878682
-6.195876
11.942014
-8.789225
14.468477
15.676142
30.086054
-14.402439
-1.251080
11.178566
17.667571
-17.478592
17.694820
12.063054
7.194932
-10.100157
-10.629342
4.444137
7.919072
22.223818
11.114426
12.318773
8.363371
6.086226
-22.761037
-8.139511
8.588974
-2.423001
2.269437
4.752139
13.280670
-26.700409
21.721629
-6.556367
11.221191
5.850168
3.637408
0.455685
-8.100107
-4.047136
0.297521
-1.542305
-5.183971
-22.583294
-9.311620
12.207467
1.937431
-2.802652
1.683004
4.507624
-11.572519
-5.947927
-19.379227
11.038775
-5.296429
2.627429
11.629848
-4.629332
-1.211572
0.410239
-3.395108
-12.785951
8.175011
3.441624
-7.619963
14.428260
-1.683962
-20.152057
-14.424121
-5.215833
16.995488
3.415360
4.295211
-14.012373
-5.709546
-2.324167
-19.004796
-0.810566
14.448856
-17.451104
-11.691644
15.299730
3.058362
20.427442
10.140705
6.594645
-11.476212
13.387534
-9.749323
1.675483
14.595394
6.743718
-16.237938
-18.737637
-13.360830
-7.062996
-2.120349
10.279865
-13.865341
14.676944
10.220839
5.396580
15.456559
9.578509
9.711728
-8.422790
-20.755336
-20.786288
-1.559906
-6.621334
-4.297342
9.796000
-2.435755
10.151111
-4.609997
12.151270
-1.765122
9.709640
-4.684794
4.732397
1.318728
12.931514
0.441435
-16.965999
1.003735
18.842133
22.386039
-14.791602
7.927266
8.979221
-7.306148
2.566317
18.419249
14.502357
-16.270146
1.739088
-10.110611
-6.398323
3.574841
13.724472
-8.564619
-11.357134
5.314232
1.154023
-1.091856
-19.074614
-13.150316
-21.319984
8.619473
-7.865201
-4.953223
16.168280
21.582744
8.660782
-10.007738
3.287414
19.999042
4.429470
0.494295
-7.768289
11.292246
5.515688
-17.335374
9.075957
-11.030325
-23.344775
13.785271
-4.217682
37.554653
10.367779
3.903752
-22.230643
6.985292
6.353564
-11.540380
0.917396
-10.573130
15.974094
11.238503
8.925606
7.057442
-0.410790
7.984990
16.581262
6.158336
-1.756694
8.179157
3.228443
-23.630275
9.071409
11.707528
18.756979
8.157085
-22.642148
-7.524930
8.769097
12.193466
7.832349
20.197435
-5.045955
1.934769
10.620391
-6.219416
7.790979
-2.268676
0.366759
1.291924
-2.139064
-1.359780
19.711640
-26.366263
-20.941986
-22.029817
3.408384
2.508610
12.790047
2.578194
-7.366352
15.469360
-9.621678
8.807975
7.801951
1.263603
7.019301
-10.267026
-7.421720
11.323450
-10.486112
-11.407581
-3.801992
2.969711
9.106344
-3.875469
0.883051
-2.251860
15.249565
-6.529653
-0.265348
11.280120
1.117073
-6.234181
11.135135
-12.446951
16.367701
-4.282660
-9.943106
-0.541008
9.740569
-12.371137
9.590050
4.071084
6.759390
-28.525127
10.040283
7.604425
-8.124473
6.085148
-14.184960
0.877043
-7.254685
-2.467805
10.828365
12.679152
-0.693940
8.474532
4.296310
16.371388
-2.025579
-10.172166
-10.772841
28.723642
-12.510813
10.183729
-11.860419
3.992001
-20.048792
-11.251125
13.329032
14.256826
-11.065508
-2.473496
-5.482937
-5.194227
8.356863
-24.835411
12.237077
3.558533
17.521111
-13.679524
8.999448
11.653600
9.232335
-21.312022
9.688053
-1.912858
5.350527
-5.697976
3.872678
-8.764551
-14.375687
-5.873636
1.548584
10.437659
15.420137
-20.345326
5.084442
-10.938504
-18.996874
6.916830
1.824621
9.411672
8.917862
-11.226957
2.768624
-25.524334
-7.283460
0.898098
4.358966
-3.346252
-12.436552
-1.722705
-2.088195
3.984297
-4.566791
5.018779
-5.077649
2.906554
-5.870333
-12.092775
-4.116159
24.475698
-2.293296
-3.903547
-7.662233
11.700741
3.453148
-0.574240
-15.910612
-20.095565
-3.961042
-7.892646
24.329156
-0.133595
-4.161584
10.550529
14.686274
-6.787233
10.677372
4.807592
23.917474
-9.018008
12.198381
-34.978671
-14.912684
5.853184
-4.141285
4.038992
-3.645044
-24.640522
-6.226822
-20.236537
-8.122981
-14.415194
-23.302980
29.712856
-19.459027
23.343406
-11.757931
16.552156
-4.576626
-3.980802
27.089512
-6.894194
0.552223
-6.684954
-2.029919
-4.006116
-1.766861
-11.755171
-16.376922
12.351890
2.365449
22.367566
1.604080
-12.016846
-10.782526
17.883743
-4.582956
1.716379
-16.789021
-5.789803
-8.645255
-4.607872
1.578518
-0.573723
-8.125638
4.725439
-20.296274
-8.880081
0.097948
-8.234201
16.807882
16.180195
-9.940712
4.418214
10.630524
-4.474896
-5.219032
4.396245
0.370238
-2.513641
12.189463
-4.343075
-13.040549
0.139497
-0.969742
0.045343
13.439821
13.886616
0.084571
22.878553
-9.146341
1.693467
-4.459264
0.213998
-3.897119
13.678983
5.055090
-5.690969
0.736179
-12.488719
10.575746
3.686515
-1.198164
35.605034
4.559748
1.914990
-6.201003
-3.145999
0.290469
3.040125
9.410717
24.425357
-29.403012
-14.051751
10.318790
-21.116746
5.368184
-2.476866
6.836542
-12.879048
-6.967643
-10.243629
-9.890522
-8.938030
-2.101573
-2.560319
-12.153772
-13.085017
1.126263
-4.471448
6.552498
-10.080372
14.249897
-12.034847
0.555502
9.001674
9.330335
-3.343368
2.219459
-1.736727
6.997400
-0.224850
6.466618
-23.146450
16.000420
-17.679924
-8.412403
3.264116
-28.342789
-2.592468
-2.184132
2.534058
5.320888
-4.533024
-10.076773
-7.005366
-32.203604
-6.922369
-3.640412
9.235962
-2.330533
12.361785
-14.463448
2.001473
26.302724
13.966473
29.986365
-6.959698
17.210163
13.309714
-8.597649
16.249627
13.986177
-1.804829
-3.469812
0.319940
-2.508752
8.721765
-10.790466
-20.678079
-11.944577
-11.804474
-5.073452
-5.241257
-18.403343
12.150134
-10.346313
-7.108437
-16.007919
-8.935116
-16.859857
-1.718386
-18.450654
-31.920659
-3.935881
-1.812335
-7.060637
-8.213278
-3.220034
11.051729
0.116639
5.941135
15.368884
3.267098
-11.771823
-14.175736
13.344731
-15.119082
16.606264
-1.886598
1.748540
3.641860
-2.268071
17.500721
3.256674
-10.534930
5.082075
-5.827304
-24.957321
-22.397937
8.454082
-9.408926
24.126345
1.776210
-3.970221
-7.370492
-21.014632
12.528413
-0.370236
-5.078349
-2.310106
20.210054
13.366932
2.468530
9.755304
-1.690815
16.640614
1.629902
-7.420077
2.454412
-27.312511
-9.925922
-5.157771
24.112057
-6.383198
3.624035
3.830745
-6.816268
11.894358
-3.125616
-2.204303
6.580452
-26.192228
19.941886
9.273808
-2.652995
1.245295
-18.164722
-18.472602
-22.398243
28.616757
4.504192
5.456953
-18.388550
7.120007
9.341204
-6.298923
-25.935866
10.633257
16.222305
-10.264139
7.544869
-15.758540
-17.257084
26.269391
6.580123
34.108896
-7.693205
-14.232455
8.567638
-17.929790
6.417619
12.642947
14.053893
-9.276876
-11.571376
-14.354202
1.697133
-5.086210
-17.690520
34.041270
0.290130
9.943779
-2.910285
-8.097372
-25.558928
-9.168733
-0.400688
0.246553
-25.932078
4.187300
-17.474723
10.533253
2.774033
6.878483
6.156777
-11.504279
10.088455
1.111872
-3.735350
-17.588673
0.758394
1.977422
-12.188773
12.616234
-11.878788
5.557487
-13.028107
14.575179
6.704034
14.276000
0.088769
20.648262
1.440292
-9.354660
3.302853
-7.908234
-0.431792
-1.176886
-8.240945
7.057786
-6.210821
-22.545416
-4.152042
-2.263947
-13.811241
-5.228483
9.087264
7.147525
10.859281
1.137333
3.312211
-1.111281
9.314032
5.977223
6.650013
-30.021429
1.345010
-1.652100
10.091065
-18.383616
-9.875545
-18.104871
1.495163
-7.703389
-14.049589
8.888560
-6.625619
-1.559350
4.834436
6.109803
16.473030
5.952539
14.151383
-3.471242
-14.987811
-5.484310
-0.748250
3.036445
17.713999
-6.932915
-2.945467
1.511714
6.964253
-11.938007
7.438894
9.977632
-4.304472
19.463612
24.098748
17.359547
-12.909715
3.294365
-12.892623
8.238885
2.381368
-4.409907
-11.868647
6.939373
-17.722531
28.651483
7.308642
-12.059008
10.477571
27.644222
-9.691862
-7.263544
-6.723898
2.637767
6.294734
19.770507
1.888320
4.574920
-2.484726
-10.865183
-19.503637
-4.516876
12.841472
8.457033
-5.729902
-5.971168
1.740473
6.066440
-4.577828
0.974273
-4.047754
-0.124237
-18.556948
-0.136097
-8.682896
-16.445821
3.149900
22.652524
4.594374
-11.045913
12.163574
9.367407
4.075185
-7.932066
10.096907
-20.323440
3.432838
-5.625231
-16.198789
-10.800474
21.189788
2.534284
-1.081802
-1.785103
-15.915102
-9.506305
7.614147
-2.596228
7.257311
7.712689
2.529973
6.387705
10.709797
15.299724
5.104612
6.984220
-14.312849
-16.231401
-14.835103
-4.462582
-13.771676
33.131687
6.302771
-6.420740
-7.131387
10.352986
-7.979872
-14.053411
-9.997297
-2.869256
7.248596
4.880914
11.469886
4.555416
3.858800
0.826804
-12.839389
-8.471619
1.941315
19.380103
-7.544340
4.660176
-3.464417
-11.328924
-7.537658
2.540796
11.899690
18.190417
-20.633716
0.100227
1.247317
5.953345
14.950589
0.023480
19.743962
-10.580334
1.661362
-2.591178
-3.383666
-4.372209
-3.291401
-3.266470
-18.449919
5.082328
14.029268
7.171815
-6.859446
24.376035
8.405246
1.821424
-12.807279
-12.279252
-2.875136
-10.522287
5.117115
-1.369503
17.549108
-6.369690
4.189111
3.418723
-11.823876
9.176130
6.887139
-1.988103
-7.833346
-1.113167
-18.262283
7.597742
9.432210
-16.159082
2.397746
2.366921
-7.943406
-26.388561
0.817694
-5.600905
-5.664959
-9.896753
-4.614415
-4.920110
-9.189620
-1.044154
-13.363233
-3.842432
-9.266938
1.416827
-0.880234
-10.087769
-0.870139
0.979030
-2.776330
-2.003095
-1.664291
0.627709
-0.270791
24.850991
9.041304
0.547439
-18.651763
-8.632625
1.280682
-5.549160
-9.418711
8.430982
-25.504762
1.299277
6.061931
-1.808799
4.262449
-0.636762
26.810554
-4.353909
3.726319
-27.108018
-2.578779
-2.758418
1.821117
-18.692363
-8.792234
-4.848828
9.275113
-7.347692
18.778709
3.765091
-8.308456
-13.752639
13.562196
-3.863157
-14.956864
4.180090
-4.869640
4.843553
1.917642
13.292727
1.841378
0.652464
11.432100
-13.821783
-5.152686
-4.517605
-13.637177
6.919153
4.509127
0.425246
-3.014696
-10.906720
1.246112
-2.203636
-1.037291
10.550650
-4.692644
5.947356
24.537372
-20.334109
5.655250
-27.270092
15.648058
-8.571622
-2.802030
-7.979617
-4.504403
-16.531741
7.940979
3.020936
-0.863380
-10.748983
2.056800
5.591163
-24.446300
-0.396032
-4.966458
-5.344146
4.060262
5.515247
-24.045611
16.196807
9.255691
4.985859
-7.312093
2.632078
6.269153
0.880068
-15.816375
6.083981
11.187683
-12.186849
22.751341
-9.691511
3.687569
-19.420697
6.932856
-18.321459
4.145435
-6.278329
-10.712995
-0.500377
0.741934
-10.820784
20.532698
5.712860
12.057939
16.918236
-10.290818
-20.175257
-8.134798
8.569150
-7.685555
-9.594135
5.141144
1.045648
-9.137664
1.757056
-1.410076
5.931877
-5.673662
4.304155
-19.221449
-8.303349
-5.799228
-4.811070
3.717655
2.145336
-2.348799
11.708962
4.153257
-17.064028
-7.487522
-4.633593
-6.444419
2.423591
23.725211
10.299173
-10.478945
9.108001
-13.178678
-1.415402
2.959781
0.232929
-22.850326
5.935710
-0.637743
-12.891379
-13.330819
11.797541
12.314953
0.762829
7.134998
5.898689
11.978503
-8.483629
-1.903726
2.427748
6.836997
-5.680410
-17.742711
4.967454
-21.289435
4.710825
14.703121
5.910844
12.939737
-1.703420
7.394059
0.158282
-5.249010
24.503084
-5.957206
12.726547
14.670517
-6.141157
0.073189
-1.592050
-9.969011
-12.554440
-0.673890
-14.040239
29.272268
-20.145915
17.383964
7.556404
17.791325
-11.093023
-1.392481
0.368823
-23.505749
-10.834862
3.247593
-2.001713
-24.082252
-5.386446
8.039937
30.556347
4.288723
0.807816
-4.005412
-42.002019
-17.771556
-9.417012
-12.060180
11.609320
13.019427
6.671050
-17.719023
0.264520
-13.388872
-21.461318
-0.287384
-4.351991
10.633140
-2.601370
5.893974
-14.390024
-25.370041
9.278675
-17.725013
0.492279
8.481980
-7.466581
-4.942528
15.907378
-14.521627
6.288240
1.351929
33.739814
5.746109
18.078898
-9.139632
-14.875912
-9.164024
3.380325
11.418834
1.443681
1.755834
14.426696
-6.531051
23.263530
-14.637248
-11.307393
-10.171384
6.578035
-3.127977
12.016284
1.255531
-6.670645
-2.058555
-34.750559
-14.515453
12.846003
11.513208
-7.633158
-29.075919
-9.215236
-15.127806
22.700741
-15.327359
17.393740
7.584237
-6.536150
-15.968219
9.293601
-20.879241
-13.947983
-20.354550
-2.401588
-12.093307
1.037712
16.029274
-20.851057
-20.797358
-8.050499
-28.459074
-2.110354
-11.477175
14.182673
-16.809796
0.572036
-12.346353
-11.213413
-22.917889
-6.509609
8.481810
9.352243
-6.516714
-9.116157
-6.836625
-5.526864
3.534117
-8.118313
-4.414770
6.261696
-1.316768
15.827081
15.796829
20.540813
-8.422321
-1.571212
3.204307
2.829397
-5.399152
8.443245
-19.743122
4.987216
-11.816441
-7.200181
-12.593814
6.326806
20.087418
-9.502809
-23.475211
11.868338
11.761758
13.524021
-3.644293
-0.957737
0.587051
-6.166835
-2.026075
4.194022
7.260972
0.873330
-2.645347
-0.400244
-11.167520
23.491891
-0.079025
15.641050
-5.876129
17.403575
-9.352532
-5.502813
4.168797
-17.905924
0.893403
-4.901762
-4.505345
4.397946
9.768344
5.582799
-2.970328
-14.136991
-24.079565
-5.173212
-8.497069
-14.798520
10.782375
4.150315
-3.004425
-14.475315
4.523532
10.295172
-3.790353
12.957065
7.679775
18.380250
-0.514433
2.384698
8.570576
-12.673654
-24.289835
-5.198083
8.896207
12.696835
9.897756
-6.921726
-11.711333
-4.125984
-9.204761
7.211602
-3.291584
2.803674
-0.853854
10.347955
-1.840797
-4.257872
-11.319870
-7.353949
-14.260075
2.462202
8.457143
-11.014101
9.511451
11.215687
-3.056379
2.628191
-0.222715
-19.168166
17.383373
-24.691030
5.541433
1.288974
14.222448
-3.061373
13.604677
-16.396926
7.104017
9.993277
-9.424269
14.398109
-4.234424
-13.532614
15.123813
-12.037151
-8.845163
-11.308296
6.966028
5.196518
-4.930289
-6.032143
31.853653
-7.081552
8.630947
-15.947669
26.948043
-3.673570
-31.033807
-2.655513
-1.527981
5.584341
-21.989178
8.653662
7.790453
12.728194
-1.457579
-3.902976
-24.255227
7.597297
-5.829357
22.613241
7.742759
-9.850171
26.233076
0.561605
-6.387291
-2.359395
-8.311668
15.450166
5.315144
-0.445601
2.033190
4.323315
-11.704259
12.853880
3.907869
-20.211001
7.515885
4.845764
-3.445106
11.005041
-13.541784
24.331235
7.558901
4.783583
-3.312893
0.180982
5.110123
4.312568
27.554293
10.765265
-1.521932
0.248067
-8.487230
0.006869
15.351352
-0.170541
4.138099
21.352001
-4.924688
-0.036625
-9.349576
6.978962
-10.597993
4.391584
-5.285930
10.398941
-6.244801
23.721163
-7.563460
1.316415
7.764338
-3.183755
6.305766
5.310151
-6.534072
-17.870246
15.421065
-2.742459
-13.637974
-7.703447
14.958842
-2.058963
-12.746814
-4.972208
2.225372
-0.759730
-4.746397
-4.258656
-2.347076
10.145571
-7.829905
19.518197
9.778475
1.836209
-11.446335
13.935875
-13.467102
-12.137969
-6.351659
-1.205711
-9.453105
4.739785
1.722156
-0.465871
10.004238
-1.785159
-7.506063
-0.421635
21.925258
-14.377257
-9.355118
14.605376
7.852436
-8.600872
21.407292
-4.222245
-19.224992
1.749907
3.186955
2.592872
-6.386530
-2.616556
-8.459031
-8.837443
-1.112382
24.767401
-3.350900
3.174784
17.868919
20.206124
-3.357743
9.276111
2.770279
-28.931249
21.075790
1.152261
-13.485519
-2.099853
14.883727
-13.757629
-13.136346
-14.639961
4.435604
-3.826116
5.530271
-10.668701
-9.928894
10.700623
-20.374115
-7.421207
8.022273
11.196976
9.383357
9.999723
10.032410
-7.652003
1.456323
-11.807200
13.713606
13.899905
12.294622
15.009745
6.283663
-13.134364
-18.043974
19.769262
0.408120
-2.413702
1.077345
-6.800052
7.515265
-4.082097
4.262836
25.879670
-1.706283
-0.308095
7.044234
7.908200
6.003345
-0.676312
10.908200
-16.310008
-6.014749
11.250360
5.444479
2.406279
2.074446
-8.927707
-0.439554
12.311406
3.444490
-10.254437
19.180487
-11.017169
2.334414
-0.340517
-28.292135
8.948092
11.337098
1.746141
8.520050
36.508362
3.605893
22.782537
-9.533491
-20.131289
20.163244
-9.408177
5.110378
4.775386
21.523290
-10.056903
-10.812571
6.907746
7.237006
-22.786199
20.948306
-16.027878
1.906799
-2.629579
-7.900775
1.034611
-11.176633
2.147352
-11.805483
-26.939513
-13.606740
-0.533740
2.912281
-16.292787
-13.168536
-0.978188
-0.056878
8.252140
6.858283
1.997626
13.617324
-7.775171
8.812785
3.423693
-11.757909
7.794227
-1.013928
-6.756822
3.329956
-4.436750
13.590304
11.997369
10.635464
2.530547
18.193152
19.057435
4.744250
14.955231
-0.219872
-6.618323
8.794802
2.631459
14.353456
8.523710
-4.358334
10.488139
-24.524666
34.254651
-9.538644
12.217899
4.841893
-9.347726
-16.896412
-7.320548
0.407887
15.749077
7.317620
-8.682225
1.274284
3.997430
0.289936
-3.908462
-0.611378
4.656802
-13.823344
1.926824
-13.565075
-3.187129
7.679407
3.504742
-0.892957
-17.912050
-16.331412
-4.613830
8.590761
13.191282
-23.898098
5.068491
-8.896601
8.687173
-0.547595
-11.503387
-4.376156
14.296244
16.127117
5.773849
-31.378718
8.200120
6.809347
14.361338
8.878411
-11.604939
13.655578
-5.756794
-13.172131
-24.255773
-3.528092
17.079784
8.578500
-14.563277
5.420052
-1.914512
24.297953
-1.706436
-1.705392
1.161316
8.430707
2.698488
-16.319747
-16.591496
-3.081302
13.695285
-14.688276
-0.106481
0.085226
-2.530533
28.999664
7.885499
-7.897941
-7.708812
-7.025124
7.206602
13.436109
-2.038172
-15.943422
-13.018827
9.819928
17.152455
10.522493
2.584783
-15.809487
-4.842331
-3.548239
-11.626890
-6.509218
-1.087403
-1.022297
6.754830
-9.843183
5.753826
12.383994
1.235736
-8.622272
14.702875
-5.364361
-21.998351
-12.757377
5.820403
-6.720635
-14.215920
-0.627056
1.975330
-10.026431
0.349066
15.559761
-5.229001
7.469955
4.498047
-21.964629
-18.552905
11.677370
4.958446
21.807958
-2.910472
1.236611
-16.234627
1.235164
4.681451
-11.878575
10.927511
17.155086
-10.053512
-9.617537
9.575740
-5.012191
-1.042472
-21.179809
31.280657
11.166387
-18.268197
12.870852
-8.196355
5.546383
-2.894908
7.059739
-12.140886
11.853967
17.397883
20.372668
-4.671476
12.056781
11.575304
-6.267434
-19.341019
15.991185
-23.705326
1.336454
-23.364535
-2.232663
5.242503
1.684022
-20.012600
0.845506
6.003183
-1.629402
-2.064961
-11.543834
-0.482481
14.432617
13.830970
0.916134
19.501654
7.424834
-9.580228
7.586979
9.922084
-13.485834
-1.340455
15.290428
-15.822263
18.809807
-9.056994
-6.661562
3.616893
-5.808782
7.819765
18.907213
-25.667835
6.143492
7.789452
8.294620
-19.176942
11.732760
20.853844
-11.544527
10.905516
-25.630621
8.367220
-11.467374
30.457059
2.263767
6.731006
9.587018
-23.490751
3.723280
-5.542333
-3.969907
-25.970680
-2.096510
-5.165410
9.007010
0.214308
0.707114
-8.528375
-3.587227
-9.282728
1.011451
3.095908
13.444053
5.758435
0.326114
2.549639
-1.962413
-3.189061
8.263024
11.384531
10.070458
-10.792802
19.960017
8.034328
5.635327
5.301994
-18.141035
-16.281112
12.640750
7.229402
-14.408040
-11.193345
4.656148
16.090330
-13.178413
-15.077886
13.687308
8.038858
0.582101
-1.336637
13.039577
-4.814735
7.344547
2.080566
-5.619718
18.637438
1.555937
-8.635609
12.969848
7.432678
-14.977306
8.798276
-7.228921
9.211967
6.846722
4.854774
-20.147111
-14.802432
8.609989
20.858174
-6.424003
0.228251
-4.956515
10.600172
12.597248
-26.243236
4.961272
13.439113
12.196398
-6.418412
8.913402
9.042148
-16.097831
-6.585320
13.409843
2.112719
-15.053293
-23.883480
1.222438
-9.348338
-13.462553
22.111598
8.600022
6.238444
0.226718
-1.008794
-0.196535
0.255031
-2.184659
-0.810789
-11.882132
-3.737819
3.079862
26.602142
15.964325
-7.164416
-15.962813
2.583010
4.852895
2.367388
14.715408
-7.664227
-17.656615
0.710580
9.099358
-0.882275
-9.361151
-7.910575
-3.965327
6.053368
-13.267751
17.247000
4.883732
-12.286259
2.860838
-1.062490
8.326223
1.673774
5.544676
6.775455
-17.403120
3.239922
29.255570
-5.621413
7.600077
-2.257336
-0.800366
0.197838
-4.411870
-9.860690
-2.009664
8.263030
-9.090444
-19.742910
21.170385
3.360692
-1.433191
-2.464110
3.810547
-10.549677
-5.996774
1.595422
-10.815005
2.486891
12.796037
2.211206
11.579730
-3.312330
13.038417
-0.334180
-33.224035
6.834203
16.411074
3.874866
-2.150259
-9.176668
-17.209017
6.600252
-4.404984
4.411456
10.693652
-0.227996
10.507985
-24.074986
-5.211807
-0.157079
24.274177
3.728192
12.514797
-8.100721
6.085624
5.813564
-12.421626
3.391479
-3.847753
2.857823
10.421863
-15.682375
14.360608
-7.704962
0.883742
6.576177
10.793053
-6.990518
-7.435857
9.504238
5.131425
1.812826
-20.385166
8.172174
-0.464875
-2.934473
0.468855
15.886895
-18.362006
-1.133304
-10.872996
-5.892431
0.226494
2.751683
8.825499
-8.366108
7.313944
4.619850
-8.037173
-4.164578
-11.430449
1.846188
28.953165
-2.672051
-6.012972
3.871023
-8.954200
18.070388
15.004534
-4.130649
12.717471
-1.890945
-20.150031
7.314289
23.674841
-18.915397
12.542958
11.139525
-10.589757
9.585849
-1.856021
-4.346087
-15.475715
-7.692811
1.059898
7.435890
-5.354810
-6.803896
15.083153
-15.997215
25.914053
-14.263877
-8.235392
23.997672
-16.320427
9.891581
-21.624186
-2.633968
-12.672137
-11.597432
-25.090055
6.310006
2.994036
5.369887
-7.550478
18.565697
-7.064904
-11.386207
5.107487
11.745531
-12.893733
5.633649
1.454564
10.771093
2.149301
-13.947328
3.800951
-22.250341
-4.725692
-10.072630
26.138877
8.863367
-2.154168
-5.537250
-16.645931
5.610809
-11.769720
-0.598350
17.080987
-4.608049
-18.183281
14.494945
7.893957
5.785370
8.612132
-6.861736
-5.452610
10.312256
-16.593762
12.295029
5.062821
-16.742025
4.196778
-7.561101
7.243003
-3.130216
13.185542
-20.332401
-9.779269
9.110245
21.569841
2.135129
-0.743538
-12.862747
-22.012107
16.808759
-8.183339
12.265377
-10.422662
14.594186
-21.442759
-19.572127
0.084337
14.700569
-16.556022
-16.631063
0.290178
10.927001
-12.803105
-2.593950
-2.610456
-10.440963
-9.602761
-8.279314
-2.907936
-17.213803
3.864371
-22.218488
-4.419294
-7.297445
7.518196
-11.127882
-5.652107
6.298546
-27.299392
-3.647839
-12.547015
-3.963485
6.799659
13.850166
16.484129
-13.063527
26.761476
-12.588596
12.756459
-13.477469
-0.343483
6.448741
1.061451
-1.971693
8.169196
2.377540
-1.781891
-4.123862
-8.004441
-8.816868
-2.172174
-14.284998
-6.429416
7.576464
3.421377
-10.200353
4.867728
0.911980
-8.798141
2.269929
-2.470528
4.196761
-1.310807
-1.331820
10.122412
10.464594
7.130757
1.772990
4.395910
-9.216393
-4.826304
10.438109
3.812404
9.275370
-25.099309
-9.812324
-6.791025
-6.032392
6.337018
15.650810
-9.285907
-21.707499
-3.190292
12.791020
0.998985
12.846776
12.773524
8.390806
10.855025
16.379827
-21.930538
3.489752
-6.465043
8.267965
-0.374037
5.948717
4.553760
6.083496
-22.789664
-13.963037
19.565269
-1.519445
-16.708625
-8.669981
-9.487158
13.810277
14.590535
-28.504367
14.750322
14.502001
-5.679277
-21.383625
12.811035
18.054507
-11.705634
10.428376
-8.038600
-19.250161
13.480317
4.097980
-3.091918
14.068246
-32.352663
-3.997076
-5.007094
5.999624
-1.475006
-14.611663
14.659291
-3.430148
13.349872
-6.475004
10.993426
26.075898
3.181098
2.644459
8.598421
-1.834594
-1.009049
-14.245563
-7.486046
-27.761412
5.012132
-21.370841
16.524368
4.826357
4.386074
6.104479
3.491556
5.931709
4.089057
5.347484
-27.207122
12.188891
-5.494717
12.711775
3.785399
-6.006571
-1.058990
16.388500
-8.285207
7.002330
8.982464
0.095015
-5.644953
-3.577484
-1.289356
-7.899755
-15.720624
-22.266188
10.743868
-11.323188
-7.409604
-0.319931
-25.324678
5.187478
-3.219443
-15.128370
19.170394
-1.436128
2.574963
-20.042556
-4.402856
2.155288
1.056249
3.281924
-5.159232
-1.866208
8.076664
-12.337227
0.287829
22.583530
-19.754711
7.463782
10.820955
-1.318589
4.716133
10.540192
14.461271
9.351479
-2.238391
18.551079
27.933911
5.180246
-5.399036
-18.874088
-0.417694
-15.351032
1.803787
-20.206390
-34.321748
-8.357138
-1.075067
-4.672322
5.053465
19.072985
8.558552
2.102172
21.549110
-1.965681
7.045580
-24.359357
5.022074
0.745485
12.006907
-11.042613
-14.254009
6.074061
0.251701
-7.118095
11.958745
15.206712
14.351213
27.922779
-3.189365
-7.130669
-2.169141
-0.615292
8.395875
-18.712084
-0.446849
18.309252
2.297051
6.736751
9.949294
3.963553
-1.652009
-2.775543
-24.714962
-16.942632
18.925437
5.267527
12.240573
2.651422
-14.696251
12.608889
-9.720781
8.119359
8.256925
4.145483
-17.466515
16.825674
17.804317
6.936087
-24.227434
-5.095412
-1.928070
21.088930
-29.854312
8.941795
10.037999
-3.394003
19.706767
-3.469818
-4.164856
-1.799805
4.517033
-15.716244
9.269126
4.196176
4.303242
5.456185
20.145127
-18.436404
-18.558786
-4.472792
1.832655
-7.117681
-3.964016
-0.153386
10.940377
-0.199895
-5.461605
11.441263
-2.722557
7.105181
6.573107
-4.071140
2.418522
4.800296
-6.455296
-4.692464
1.562996
3.456215
26.034265
-0.772604
-1.599158
-1.745581
-22.353459
12.600986
13.991315
22.914133
-3.826104
-31.391489
-0.334231
11.468789
-17.621815
18.746861
16.203125
-5.537272
-22.983458
-1.045979
-0.154544
-14.487861
6.039687
22.652885
5.513981
14.688510
-4.454565
6.718497
-9.945986
-12.202861
2.053025
15.279486
13.868824
-1.011823
-16.818690
2.700605
-20.721891
-15.613583
0.840381
-7.675718
14.869543
-12.838241
0.580147
-18.039310
-13.448091
11.396120
-12.280797
7.074204
7.253463
3.287542
12.665904
2.769168
10.353803
1.938068
18.170093
-12.666044
-8.826933
9.067572
0.929502
-7.463958
18.829516
-12.278249
-6.289754
-10.288510
7.976855
6.544213
1.781810
5.344359
11.669327
0.822483
-8.466332
-7.499414
3.147602
12.022205
-1.664717
-6.323057
-6.387667
1.633637
-25.143764
3.941057
3.966384
11.785863
-4.157120
-9.286100
14.103273
-14.242120
-5.220271
9.005765
3.948563
-14.076162
-7.521230
4.911855
-34.759283
14.430758
35.076737
3.555398
4.776093
-0.251171
5.707796
-4.835952
-1.353633
-4.823688
-5.738886
-3.359687
-4.742258
-11.509873
22.430810
1.716418
15.394289
-1.252405
-5.738973
0.087156
-9.072128
-11.564972
10.825220
18.949845
-4.650578
9.087947
-2.191250
4.989836
5.865312
-16.697955
-24.770321
2.599946
-6.967406
17.393666
20.346263
-15.240981
-6.497611
9.792123
8.006342
8.406420
-11.501106
20.155422
4.329300
-5.065376
3.876902
-1.225550
-12.768512
-0.814358
-0.947521
4.329265
2.525769
-1.270490
1.246093
1.828659
-15.625672
6.834119
1.596833
-17.480528
-9.822577
-7.112077
-10.490339
-8.095705
-2.901618
-16.109184
-5.400855
5.364036
8.648177
-23.301359
11.497694
-1.989457
14.521377
6.070045
-12.192943
12.820542
11.329466
16.359044
5.852291
-10.342534
3.082011
5.933238
-7.626115
11.023153
-3.054315
-5.481573
-7.150764
-13.707769
-0.039128
-13.725866
-7.354439
11.653642
-11.372551
-21.538764
-8.979722
-0.489859
-23.765762
5.085583
1.482145
12.554943
0.546482
18.367268
-16.397053
8.832291
-14.502430
1.804978
-1.185248
1.916600
-23.845741
-18.186035
4.471865
-3.810495
10.682148
13.328787
6.070296
-13.010776
30.927471
24.109647
14.909665
17.525651
-3.982468
-9.718673
-2.158369
-17.773451
4.597851
22.984451
-23.284551
-16.954991
-16.948086
12.306416
-12.160972
-7.412041
-1.809732
7.006560
-7.610341
2.746956
6.259663
-2.472089
1.359662
5.155222
-6.830866
13.475314
-2.955517
-21.467347
27.652129
-13.529113
21.618661
-0.258266
-2.978602
-13.940789
-3.341506
10.513718
-13.617646
20.513981
-0.771304
18.289331
-3.284432
8.820869
-14.713591
-8.419050
10.611329
13.335857
-6.824217
-13.122804
-5.037741
-8.913357
-11.849727
-1.988248
-0.340606
-3.084880
-2.804163
-5.883711
5.437439
6.976973
18.744600
-16.885919
-4.222403
-11.824405
-0.178044
-1.252773
28.614788
6.510169
8.941851
-9.343299
-17.239478
-3.326397
18.077307
14.030652
-13.515683
-9.619145
12.737259
-3.781975
-2.631875
-18.465217
-20.895261
-16.184957
5.314191
3.677185
14.553883
0.452001
5.576702
15.104674
-6.224459
-5.508904
-12.496011
-20.603251
2.241320
-15.248832
32.708017
-1.087147
-12.576331
-9.361099
17.323309
-3.320132
11.563790
-25.080697
8.684176
-6.280974
14.155320
3.619889
1.588575
-22.914530
-4.475315
14.413276
-0.513491
-1.010842
-14.277654
-7.392246
-1.914454
-12.593177
-12.536709
3.788407
-5.264812
14.711432
-2.084648
-15.668983
-12.802564
12.033971
28.420927
-7.511630
0.370586
1.270447
1.532446
-13.659797
-0.194674
-7.644818
13.801042
7.414592
5.161845
22.358543
-0.520856
0.074873
5.276131
8.814573
-7.523290
9.758928
3.850478
-8.087010
-20.754583
-13.887483
-14.653312
20.903507
12.672183
2.823990
-5.396724
-8.307592
-5.634683
6.495660
8.812333
23.156784
29.393123
-12.741710
6.368847
-3.211205
-8.894126
-9.473408
-0.492665
0.550213
2.835881
-3.724128
-8.753080
-11.104645
-0.895494
-1.883887
-8.502535
-11.364988
1.285793
-9.720907
-16.075412
16.742719
8.799053
4.161887
-23.569938
21.769625
17.738506
-6.611297
14.802273
-3.740148
-36.696802
12.893606
4.869871
-10.111269
1.249159
4.604607
-15.320908
-0.049148
15.747148
22.340942
3.384806
-11.210955
15.584660
4.304989
-4.509828
-11.871043
-1.634206
2.208520
10.054587
1.492573
5.053991
0.906000
17.113988
-7.062732
8.340815
0.625617
7.115531
-11.024875
-6.307650
-18.226159
-16.569148
-20.513203
3.990460
6.478607
-8.401373
12.694455
12.240214
11.866474
-13.358709
-1.330214
7.957327
0.974348
3.909402
8.292827
-24.699637
-5.610992
-23.029328
-12.686827
-10.987561
24.634654
2.568056
-13.874204
12.390238
3.808437
-12.466934
28.268624
-5.793902
8.751991
2.573888
9.292683
-13.900120
-16.679470
5.193353
6.280084
-14.288044
-10.382309
4.573396
12.150830
-1.427498
1.246586
-3.861095
-25.560666
4.061612
-13.413612
3.001487
20.808869
3.757411
-11.453793
-1.143078
27.375783
-1.764654
4.172085
-8.031305
-5.236682
-11.230960
-9.448789
-4.303717
-8.183229
-0.648268
13.948549
-24.894952
-18.325809
3.229805
-6.592670
5.701868
8.830698
4.103168
7.510268
-8.652813
-4.215663
-6.289998
-4.456539
3.127273
12.018397
6.548061
-17.732453
-18.527227
-9.232778
-21.485567
-0.582709
-1.350463
5.807669
10.950610
-20.208394
-0.627922
10.902844
18.228028
10.404537
-2.076019
-26.305898
-13.708617
8.877990
5.973323
-1.374121
3.534210
-7.095329
18.364634
6.222163
-0.713570
-2.193820
1.936445
15.041322
3.611707
17.460680
-4.736892
7.237248
-1.768209
-11.497686
-2.437394
4.728301
12.855873
6.932091
-2.662816
6.138140
9.313772
-0.189829
-3.672609
14.179434
-5.529809
-8.973604
-5.662042
-0.521068
3.549825
-0.995117
-6.754040
-4.655140
14.704248
3.062415
-31.353167
14.620994
0.465876
-1.266547
-6.316582
-9.227349
1.655935
-12.727597
-15.291510
19.468698
7.047082
4.910602
-6.046202
2.890194
17.601324
18.902914
-15.104974
8.833197
-11.131008
-5.796046
11.767828
15.486862
-6.584931
-3.590088
5.260266
5.695980
-10.250882
5.228023
-11.828858
9.942916
-1.951393
-2.777032
-2.007050
-4.045041
13.561744
0.610600
-9.573528
14.014282
-12.712437
4.560345
26.581143
11.528953
-1.696143
24.455257
19.214892
-26.949759
6.490728
-2.170411
14.751261
-14.114185
-6.739372
4.024697
3.086018
10.147354
4.952610
-7.436502
-16.426426
9.754200
8.870645
-2.320997
-16.374241
-0.277388
15.308761
-8.257189
5.993541
-8.595301
-3.210187
-17.923640
2.625683
-2.865368
1.190822
1.820232
-17.977966
4.052338
33.491521
12.967271
-6.791653
-18.575079
10.583956
4.706358
-4.942776
11.632832
-4.627939
-23.356477
2.411392
-9.262515
1.995127
-8.711796
-3.926877
23.992862
-15.418661
8.306208
6.106944
-10.700106
9.696224
-1.801336
2.321123
-12.778753
-6.857464
-4.406897
-14.834291
-6.258352
-1.481015
-20.606509
4.759517
2.401974
22.998521
-4.665121
3.239769
-1.235469
2.917301
14.284834
-4.513476
8.524757
7.154749
-9.736343
-6.963941
-14.883294
-6.296883
-1.720283
3.393756
4.431052
5.223990
3.048736
10.776753
14.188779
5.013039
-7.447469
0.297377
-4.416802
-13.449017
-16.544685
-10.372045
11.265016
9.954343
9.804220
4.720556
-5.894081
11.457428
-11.421198
3.683080
3.539060
10.028553
17.936306
-1.812284
6.654358
-2.274069
-12.288485
0.175823
-12.604816
2.801772
-7.519391
-9.878565
-1.516383
-4.419758
-2.918021
-3.614264
6.940271
-10.960770
-20.743617
3.995561
16.285414
-15.022353
3.164682
13.106062
-27.571858
-0.138016
-4.641093
1.080200
8.705640
13.649423
0.863420
1.168733
-17.191483
-6.166320
9.110421
7.570324
8.246580
2.455955
16.949490
18.127755
1.371832
-6.853103
-3.738424
4.011866
0.392509
-2.329489
3.298370
20.164181
-2.124033
3.565894
-3.468119
27.708644
9.602113
2.636563
-2.616752
5.094269
-1.242154
-11.217063
9.634219
-8.664424
-11.609665
10.733402
29.963846
-2.306554
0.200099
28.197653
3.284515
8.885513
-11.624573
-0.271879
6.009501
2.445393
-9.872772
8.064040
0.783919
37.088083
9.848947
-7.785509
6.443826
-26.000597
-16.429762
-22.338649
4.613513
10.614899
7.965254
-17.119147
-14.075754
-14.016746
-4.352581
0.098045
13.098612
19.280408
10.839002
2.258090
7.385687
3.222531
-5.843543
-1.509331
5.558402
-10.319011
16.907820
7.435498
4.650288
19.653756
0.301493
-1.005940
-16.754961
-9.803284
-7.616180
-7.574205
1.899696
1.735122
-18.421215
8.639081
-7.648618
7.079081
9.378401
-2.766056
16.711861
13.477958
-4.076409
-6.541906
6.952694
-7.217624
6.772973
-5.767019
9.903256
1.877541
-5.989750
2.773430
-2.133832
8.989068
-4.497206
5.071145
-2.682795
14.752764
-10.233656
-3.511547
-18.260774
-4.750815
7.352552
-12.882236
18.956764
-36.209637
4.671797
0.835204
-0.176031
3.684339
-15.114055
0.115719
-5.012287
26.540112
11.116965
-0.915856
6.388768
-8.848643
2.295749
6.872578
0.814224
-4.429487
-13.041285
-3.064078
-22.104489
-6.319895
2.777379
-8.974008
-11.288216
9.864771
15.935331
5.122297
7.163553
-6.773719
0.493947
-8.573476
-9.034492
10.981029
6.503118
-18.617778
2.540231
11.787740
-7.533645
23.443916
-0.631878
4.323147
-0.441076
-8.525529
-7.776735
-8.376377
16.663712
0.866396
-7.043923
-11.821321
-3.430773
-15.316723
22.067404
18.671586
-8.089008
8.548090
-3.790781
-5.274974
0.475885
-4.364931
-8.374882
-28.036150
-1.186284
-14.103531
18.073894
8.462552
3.823601
10.626131
-13.449320
-2.929307
-12.030245
-5.945285
9.302666
10.810540
10.256660
3.149232
-15.612175
-1.429360
12.970411
-1.441085
1.834873
-0.038729
-18.358507
2.158766
2.041083
4.717469
12.077421
-0.331069
-11.908485
3.358405
20.472565
19.990296
8.543627
23.193499
10.485476
4.550349
1.096488
-29.236734
5.910289
-9.515201
-3.718585
8.405117
4.831905
9.612911
6.174815
4.235849
1.349173
-12.596345
-8.571732
-0.313371
2.890572
-2.116079
6.464764
11.441601
-15.992468
-3.952662
-2.404867
-6.941844
2.220265
-11.222814
2.030015
-21.865480
8.874650
5.138165
-7.483091
1.599052
0.545415
-19.205409
-4.382245
-0.077994
21.383846
-19.174922
-13.986416
8.655657
-8.936840
-7.529842
-13.156058
-4.138442
3.625228
14.574656
-10.721653
12.060305
7.916201
1.089032
-4.758128
-6.459186
2.477546
4.515264
-12.670034
-1.592389
8.630559
11.140461
10.867712
19.624341
-14.142468
2.383824
1.033860
10.071805
10.190108
2.006677
5.841385
16.495104
16.613274
-14.170584
10.463294
9.551755
6.125286
-23.965735
11.265833
-11.816734
15.546920
8.135398
-2.143847
-0.221806
-2.825464
-7.870136
4.714089
14.367019
17.609390
5.833598
1.361253
4.935580
19.849600
-7.369525
-8.012905
-4.880029
-9.398864
29.487732
-7.576792
15.822751
-1.711190
-14.607883
8.501915
6.161620
2.095358
-10.643240
-4.823805
-9.411459
14.409146
-11.365653
-0.991001
17.739512
-6.223361
-11.933594
-1.419173
25.109017
-4.686016
-13.976167
-15.324620
-4.110910
-0.190923
15.547498
-3.503218
10.370117
-30.900422
-17.837427
-7.974477
16.090980
5.741978
-7.134153
-9.524308
23.813204
-1.692268
2.379580
13.689154
12.701833
2.154322
-5.960346
-16.018899
-3.489213
15.490494
-5.862839
9.496606
4.214269
-1.986006
-9.117483
26.155435
13.988049
-16.295698
-12.233355
-18.563525
-7.128265
15.831803
-5.814162
-10.729575
-23.545797
-22.755043
15.079925
-9.368737
2.344342
-6.920889
-12.227836
0.099685
0.563418
4.578930
2.597042
-19.336756
-8.968734
-10.965346
13.505621
4.342447
-9.119235
16.627769
-1.215819
-10.039161
-7.338957
-20.306189
-10.792204
-17.764417
8.567826
-11.383441
-6.317821
-21.156198
2.996240
-10.848655
-20.494857
-18.753721
2.364003
-1.814184
9.424417
-1.885486
12.680281
10.330304
-14.755040
-9.962024
0.942031
-12.645552
11.852420
-16.456537
-26.908333
8.179714
10.955876
2.648126
-3.821105
-2.199561
-10.880010
-9.264157
7.912898
-5.241590
2.716072
14.600004
10.173430
-8.656532
10.744970
-18.152501
2.112224
5.109370
-14.370909
1.522969
8.072807
0.304347
2.882626
-4.676443
1.592682
-0.175369
-0.554246
3.312991
3.281982
3.108503
7.202586
15.368205
7.026984
23.048399
-20.077597
-20.253247
-10.845940
-10.435656
3.418406
4.591586
13.883588
17.357397
0.416737
2.686150
-12.519107
-8.506902
9.162196
9.118192
2.473985
-16.637775
9.931703
-3.585088
-6.681059
-2.209650
-8.630297
-13.687517
9.342400
10.254603
-7.243452
5.530617
-14.322431
16.326542
24.360845
-14.389827
-18.287234
-1.119089
-17.215998
-3.917490
-8.359981
6.789541
4.954579
4.716284
0.168985
-6.353756
-1.821515
-21.244416
-3.544173
-9.008421
4.759600
-5.115295
0.926468
-3.150776
4.186582
-30.236958
7.206163
-5.609480
10.613631
9.290664
13.401325
17.806762
-13.347329
18.202724
-15.013428
-3.057268
-24.493585
3.710675
7.542620
3.722304
-12.027252
4.722644
-10.126234
-1.278142
-6.100518
0.619707
-8.323941
-7.162530
0.198189
4.478922
3.784791
-19.953678
17.814582
-1.274114
-10.744341
1.415228
-27.254875
-1.776014
9.826070
-13.137583
-13.970945
2.488146
12.471408
-3.331559
6.087625
3.556196
2.801323
-13.217999
-3.850415
-2.335987
9.389572
-1.431225
13.011597
28.645582
-2.892950
14.608370
10.991941
-22.134767
1.322701
3.645661
7.835451
0.287921
-1.664415
9.711682
-1.468703
2.464424
4.374861
-7.606309
-14.437870
3.109681
-7.467522
-3.621218
-7.007613
-5.529107
-7.295359
3.007980
-9.046092
-6.241723
5.129615
-10.969013
7.080251
1.690394
9.614876
6.693102
21.593292
14.465065
2.384572
13.474337
8.233685
-10.125420
1.273677
-5.512634
-13.483568
6.428146
-2.655366
9.341760
-13.996836
-6.617659
7.096188
-17.703627
-4.447606
9.546116
-5.120766
-7.871467
-3.648664
-3.143068
-15.752461
-5.434714
-3.325954
13.374333
9.456533
23.474123
4.205816
1.193219
-8.163706
-0.908637
10.533225
-9.235128
9.865517
5.564923
-9.635182
-1.872781
-1.758526
4.189281
3.565997
-0.574662
-7.943617
-6.871301
-15.091231
-0.048462
16.704573
-5.816574
11.374270
10.879520
-17.435197
-14.538400
-39.124904
-15.353766
-10.513962
20.262438
0.788275
7.816296
-5.815515
3.854422
-10.890685
7.788494
3.509282
0.184708
-7.492037
-5.609710
-14.876516
-2.269497
-3.388500
-5.040121
5.311591
2.360784
-0.251715
11.515733
1.522237
4.565270
-3.278541
7.437764
9.611404
-19.837449
-12.940541
-18.253827
-8.923874
-14.916969
1.949842
5.832495
-15.065101
18.991486
5.364132
-1.686850
-11.031130
16.114745
-0.580541
6.897799
-5.382901
-2.530264
-13.771365
-3.788847
9.621232
-5.568169
0.023492
-24.475719
2.343881
-5.135550
-7.245264
-0.958707
-4.957065
-18.258712
-3.103344
1.267053
-0.109829
-14.048887
0.533989
-9.908863
7.640166
20.743505
21.920565
-8.739664
-16.295903
18.154791
-11.658521
-6.841291
-3.574208
6.352252
-12.139580
-6.943539
-11.916850
13.556159
-24.784909
-6.504323
-7.106594
0.368645
-0.639663
-4.923037
16.283353
13.959411
20.559642
-6.585850
17.638352
-6.004043
-18.084833
9.499566
-8.213505
-9.204527
5.651389
2.558399
2.766818
-0.807459
-5.684953
15.662891
-1.067091
8.422046
-24.413670
0.821839
-12.540960
-0.607237
14.215801
-9.018971
13.482745
5.863488
-8.547920
-20.234569
-0.908756
14.456641
14.055026
1.991223
6.753426
-18.046056
-12.869287
-13.879149
1.871765
-4.793649
-3.727613
-4.832066
-13.415214
-4.120687
-4.529945
-1.101349
-7.314376
6.021832
-1.425188
-7.575721
-25.427005
3.024379
-1.793633
5.158952
-0.560829
-19.709499
1.899004
10.363021
2.135001
7.325943
-2.034946
-27.926280
-2.892711
3.082979
7.105733
-8.991535
-6.646439
-15.686018
-14.928184
-16.444185
12.380882
-7.197783
-1.330010
4.326661
-4.369324
-5.827795
-26.759556
-19.482562
-6.224236
-8.501098
-23.058907
-1.830921
0.380705
4.887422
0.075250
5.600444
-6.518468
8.114188
9.078361
-7.769663
-5.042502
25.382951
1.528595
-24.759870
-12.979738
-5.698565
-14.387155
-16.745657
-3.654286
-22.191568
9.158458
21.928309
-1.719554
-18.229372
-9.453144
-0.143952
-4.368733
-3.295938
-15.502518
-2.794480
14.510279
-7.140651
-4.135134
18.061043
5.107855
-4.681320
-7.894164
-11.181473
-9.714540
17.760251
5.718932
-25.527451
6.465403
9.969396
-26.331883
-8.864488
-4.639574
-11.627085
10.918045
5.538021
-6.557238
-0.516811
6.153492
-6.397082
-13.063410
-11.847658
3.119246
-0.872887
-1.166543
-17.505639
2.462022
-16.120707
7.223983
2.038125
3.846285
-3.647553
-16.621160
3.373959
2.619819
13.078035
7.820283
17.529884
-8.732761
-2.039755
0.211833
-8.068803
-7.736545
-8.231172
2.668465
9.852331
10.358554
-5.826602
3.136156
-1.987149
17.251244
-2.369932
22.529190
-14.481919
-12.504692
-0.260207
-4.330213
-1.356854
-11.740294
-16.495071
7.301923
-1.233795
-11.358035
6.334517
17.473770
6.945666
-1.364270
0.166610
1.641614
12.036886
-11.358203
5.169489
20.919901
-4.740068
-8.529847
4.792888
-21.561672
-15.897723
-12.295965
-4.804615
2.030367
-10.687049
8.073526
-19.349650
1.685209
3.714620
-5.226554
-11.942901
-7.911352
6.957413
15.008635
5.621974
-1.810342
2.915939
14.744581
4.436742
10.308216
-10.621783
14.879479
4.524107
-4.220881
21.453732
-15.721804
-10.805859
-8.314621
-25.481299
-14.622688
14.845833
-8.851316
8.465751
0.580767
10.949082
-1.982256
-5.424328
-3.609361
-8.987558
20.396568
2.174796
-1.964248
-3.727533
8.043140
23.220647
-16.375836
0.719709
23.120466
2.955422
36.549606
-10.921375
11.539995
-0.494191
7.946131
0.444347
6.140926
-16.760696
-8.661423
-11.351118
20.076430
-4.411592
28.623956
4.414258
-10.143068
8.694239
-7.009892
9.380372
-21.415975
-32.697064
-1.685954
8.691311
0.394083
-12.287800
11.241468
9.700598
1.642679
15.007721
-14.199477
2.049719
-2.160012
4.321442
0.000210
-14.887341
8.226279
-9.606561
-1.973957
-16.259325
-4.042035
-6.874739
0.129268
4.099617
19.215017
-5.682252
11.045552
1.729792
-22.918819
-0.165621
16.540666
15.822292
-28.233697
-5.939814
4.878215
3.890850
8.593502
-1.390538
-5.358082
-23.285293
-2.594933
7.988030
-4.335289
-13.742084
-4.939381
9.394576
8.781268
3.659802
-16.440597
-0.645116
-14.734511
-2.778710
-0.544378
2.127546
8.981330
5.852003
-3.791233
-3.162019
6.561432
-15.997227
-31.365944
1.790208
10.561406
0.911696
1.212158
-17.598267
-4.808322
2.471640
-11.086115
0.494525
-0.086261
1.696692
8.004239
-4.371793
6.099944
12.902233
1.312897
-4.140410
3.183003
-5.114349
-8.262328
-11.425527
5.783168
-0.939728
-6.173402
-9.465642
-9.913718
-17.673985
-7.435096
-6.266253
16.583561
-2.765060
-0.040238
26.064174
-5.381631
4.179699
-6.949239
-8.784024
-12.591912
1.671731
8.411890
4.204843
-1.386584
3.475159
8.828169
-2.922388
-4.276673
-10.583605
-17.864650
5.031661
18.136440
16.908469
-8.984602
-1.567325
-3.725207
-5.779474
6.029729
22.712977
-5.999282
11.820173
-14.239179
3.233437
6.132205
6.257720
-0.920590
-5.624142
-2.015582
5.410915
-6.560348
-2.852721
-17.342531
1.313124
-7.812817
1.561975
19.306008
0.724354
6.805017
11.437155
-1.697157
-11.725120
25.109893
13.712774
10.013445
-18.677960
-13.123781
-2.375517
-2.353878
20.928511
-6.440498
6.177172
-28.163415
10.462039
5.981257
21.639650
-11.079988
-1.060278
-2.919787
-1.878079
13.563879
7.648809
-7.461216
2.658093
-7.557598
-6.314411
-8.288306
16.193125
-27.303168
-3.302344
3.840279
3.454947
-1.284390
20.402087
9.759543
1.274219
21.099831
-12.659366
-16.525220
11.165558
-3.116991
1.030334
1.538717
0.467579
3.246744
-7.318772
-11.131358
6.316788
-11.482901
-12.448634
-11.016066
3.849831
-10.448845
23.001984
-4.213749
-10.108745
-3.694756
-12.570190
-12.244128
7.668540
-7.050899
18.127185
0.776074
7.155458
-13.421366
7.705740
13.286701
-2.045064
-14.980762
11.510457
1.912953
1.810905
-8.686481
5.587886
-2.524187
-20.367623
-5.832050
-4.380447
-2.860366
-0.365174
4.512266
-15.714002
-16.929485
21.368945
-3.118234
1.017621
-7.281338
-10.218160
-10.436969
1.648474
-2.888109
31.387249
-3.171504
10.517114
-25.799577
3.619023
13.440653
-0.156525
-14.814382
-2.117402
3.932549
-0.081057
-2.988367
12.140338
-8.869077
-8.098512
-1.178783
-12.979375
-2.572821
-7.292394
-3.878661
2.606329
-20.230330
-6.716051
-8.203113
15.193084
1.129362
-4.328976
-17.345258
5.009989
-6.358561
0.947133
-4.622631
15.576295
-26.980923
10.237031
20.788220
5.128082
18.190831
26.808863
-21.541537
13.939869
-7.611584
12.455031
-8.511277
4.459448
2.812474
2.592766
9.284491
13.397912
-3.171406
0.140671
-0.373600
13.109324
-14.769590
-1.365114
0.100856
-6.513938
15.117448
11.793049
-8.583800
-2.320528
-18.129278
-6.262181
-17.799812
-10.134672
6.617643
7.000482
16.458964
-3.335725
-12.425554
6.206625
-2.865170
3.335743
-14.536719
19.173321
35.863328
15.793562
1.610328
16.377086
5.956394
2.559790
-5.445839
-9.714665
-14.982830
1.407720
2.306864
18.018933
1.712431
-7.959294
-10.750837
-5.650227
-20.566781
-19.551162
-14.813522
15.615336
9.055936
8.489856
17.634501
0.067933
12.769659
-13.924648
-1.321976
10.387657
28.893861
-4.314557
5.568056
-5.876025
8.220448
9.165629
24.976470
-9.792107
20.766571
-4.356918
-22.102951
6.460515
8.083212
2.893412
-20.708520
10.108228
-21.859453
0.707160
-7.935460
-1.760584
-8.698271
-0.626241
-16.928613
9.292611
4.196749
-2.072283
-0.229055
17.832950
5.832488
35.604491
-15.672495
2.489251
16.951537
8.927472
14.691753
19.427780
-8.112911
-18.061555
9.654177
10.681774
8.364687
-5.374183
15.886443
-8.980782
9.488219
-1.785594
17.210662
-8.311818
-3.772572
0.954819
-6.992221
7.676571
10.614440
3.271688
-1.041621
-8.449621
-15.505597
11.929351
5.341976
-3.486269
-7.169021
-31.294324
0.133415
25.691994
0.442377
18.891508
-0.063490
-4.101434
-5.576937
-0.804405
-4.488283
-8.957981
0.370445
-0.134815
13.976430
17.224379
-16.116252
14.189492
12.605028
8.155768
12.595971
40.578499
-2.151075
13.288244
-5.037500
-12.362433
-7.971341
-0.604132
-3.311853
-9.848521
-16.927200
-2.395588
-3.371463
-5.679065
-31.636209
-1.803146
-3.309891
2.807924
1.898610
-6.946079
8.380604
10.098795
-20.439645
-8.548777
-5.819571
-5.993913
-12.982410
21.732738
5.498060
-12.073482
20.110022
5.766059
18.077402
1.797546
-8.369656
-2.353185
-11.928574
-4.136702
-6.055767
14.265485
2.650027
0.660716
-5.269526
4.878671
-1.221911
6.149785
3.217893
14.781026
-7.113945
10.344161
-3.710018
-21.616922
12.278075
8.172045
-21.267780
-6.658732
-3.972282
-2.637927
17.268050
-1.366074
-25.680729
-10.997725
8.232600
13.209472
-8.749107
23.065474
-1.795355
-41.087759
13.602000
-19.340004
28.115089
13.230790
6.340254
-25.171120
4.828468
12.780143
0.196169
-4.237471
2.728481
-2.717401
-4.278325
-0.141156
4.687184
2.750190
-4.900330
1.343733
-7.068182
14.582037
8.412963
7.282590
-1.771135
-17.964423
-0.324493
25.207481
9.282918
-0.165717
3.010757
-33.253455
-4.143799
7.406376
8.438144
19.484713
-0.230042
-6.983234
10.977065
-2.533620
-3.041262
11.051134
17.584494
-0.077320
-10.491076
-4.419420
-2.066270
-3.787653
-13.856141
-17.332721
22.646872
-24.301551
-5.518925
-3.401920
6.252915
0.598204
27.935995
5.141316
13.029798
16.984103
8.284782
-7.138112
-9.229307
8.939054
17.657004
14.949341
6.167049
23.616758
23.756016
21.565647
-20.986272
13.220342
22.160517
-1.751843
-2.447353
4.301337
0.331343
10.855974
-4.938393
12.270091
-33.430061
-10.809022
-1.631600
3.434229
-9.721235
7.134812
0.923844
6.719528
-8.378195
-15.586434
4.484963
3.136982
-13.541374
13.093884
-12.478591
0.299584
-8.728088
29.685021
-13.034231
10.614749
-8.838055
-11.531709
16.946031
-12.442360
6.873269
9.849121
2.874163
-0.960902
-11.291103
-5.559896
-2.159102
-0.965499
-3.389634
-11.842426
5.596823
-21.083785
6.845560
20.684249
-17.497973
-20.715775
-4.706883
-13.524091
-11.570087
2.723435
-7.999734
22.362321
-4.412196
-13.403486
-15.667638
30.077378
-0.016522
5.107422
13.522774
-1.779131
2.585365
-7.983507
-10.985507
-4.076652
-13.233470
16.572157
-18.309732
-0.643328
-10.715393
5.185875
13.717195
-23.688422
15.214618
-18.064446
7.484517
1.191490
22.327796
-10.902774
-24.737378
-14.464376
-4.629246
-5.196608
2.275236
3.377587
13.957150
9.721757
-5.507285
12.389528
9.104364
10.082361
1.283741
0.403273
6.520944
1.674664
-16.065685
31.000266
12.095876
-7.152537
-0.197472
-4.823927
-8.435422
-9.561925
-14.139700
-6.555639
-9.596897
-18.496783
5.220888
0.238446
9.440024
15.295479
-2.530343
4.767587
-4.513839
-10.456716
-2.402580
-8.193395
-16.964741
1.871344
-3.890528
23.120845
-12.977181
14.070554
6.341065
-5.880530
-9.701740
3.930665
1.275682
-2.407326
12.258741
6.592828
16.508485
-6.929627
11.165610
-21.582179
4.137902
10.710848
-5.914664
-1.163719
-39.647005
-2.608267
18.827671
8.644307
9.883009
0.574474
4.966079
5.916331
-12.022672
-2.504324
6.275059
-21.718010
-6.535170
9.155594
-3.575778
-3.205249
-16.823733
0.254633
26.801681
19.710103
-11.924932
24.186537
-0.243242
20.861032
13.400002
2.593587
-15.297962
-17.872423
-18.557151
-15.572031
-14.634259
-6.869919
-12.167746
-11.967342
8.515438
3.789969
-4.705399
-0.911264
42.742956
-11.450386
20.060953
3.038590
18.479491
-4.574113
7.332920
2.992017
-13.110429
5.998457
16.007545
-12.256172
1.124541
-4.573367
-0.348647
-26.811170
-2.801631
14.666072
17.764338
-1.013360
9.888396
-2.817606
18.489681
14.226902
-11.021238
22.745054
-6.800370
5.756864
2.086779
-1.176931
-13.631228
-11.993357
1.871442
11.855380
13.989449
-1.430035
6.362982
3.147560
-22.721241
-15.114920
-6.188449
-4.745984
-8.953779
4.679720
-7.071648
-12.529277
-3.727928
1.396888
10.711386
1.122631
2.951965
4.365095
30.820667
19.672989
2.265123
-8.678014
-3.643400
-13.698496
-26.426159
-4.278303
10.014690
-0.490413
0.744515
-2.030846
-15.447652
1.659282
3.751031
9.674268
-8.886017
13.529030
7.900207
9.329294
-8.211377
-8.019643
5.015792
3.049459
13.452717
-15.405687
-14.358987
-5.875915
6.851634
16.408036
18.100538
7.328330
-6.430925
21.535534
2.315773
23.945934
-3.495137
8.515050
-17.611391
1.354998
3.112427
-2.590603
6.848904
-1.323900
3.768420
6.607943
8.956622
7.704730
-3.663670
4.613566
-8.806887
-4.232629
-3.375714
-23.479018
-0.272402
-4.714754
2.663756
16.443685
2.703980
-9.081915
-18.369832
11.086448
-21.294213
-6.441407
-17.532526
1.166014
-8.182945
-9.988728
21.271516
-12.653369
1.703585
14.335287
-6.364833
-10.340550
14.547619
-6.089467
16.836654
15.403907
-9.560202
-18.576554
13.409729
-6.871255
19.037202
-12.474313
-0.107636
-25.637770
5.421682
-2.181549
-2.224732
-20.602931
-17.442762
-15.596963
-14.605784
-3.615240
-12.807354
-21.730312
-4.830037
-7.590229
-9.555085
12.947223
14.974148
-13.521201
7.252484
1.225531
11.784794
-25.459553
-10.390090
-5.606699
-4.737761
5.566634
15.913802
-3.443489
3.320862
10.591873
-13.365246
4.962795
0.919009
-20.139564
-7.711403
0.639781
12.246267
-25.906541
-13.694177
-8.427430
-11.225952
-13.456934
-4.795861
-25.442474
-10.584881
-23.130976
-6.811698
9.628521
9.690913
-25.883602
0.614918
2.722984
-21.887539
7.066540
-16.374154
-6.686631
20.110037
7.265548
-22.807247
-7.826886
10.375672
-13.984425
12.223014
15.092294
-6.298562
0.449447
-1.004483
-21.619074
21.435291
6.735893
19.893172
-5.708267
10.412272
1.150457
-22.638075
-14.231297
13.065686
6.213169
13.552478
-15.977779
1.285799
8.021727
7.131309
-20.348068
-15.839244
5.469175
-8.507216
-1.296587
-8.811330
-5.237234
14.910824
-11.085381
12.599864
2.934244
3.574934
-19.906964
-0.955210
-8.876424
-1.617881
-27.273778
-6.730730
-16.971130
17.179687
3.425710
-4.155693
11.896755
-29.145419
6.562601
-0.592906
9.443646
4.257871
-14.262859
-19.195624
-11.524036
-9.883670
15.193359
-4.079881
-17.084659
-5.591114
33.082052
-18.631340
-16.567796
-13.425539
-6.178646
18.866866
-1.787439
-2.927786
17.273795
-7.039327
-7.686778
-6.377461
-31.252010
10.291086
-26.101933
0.386439
-17.899897
9.749514
17.782300
30.274011
-6.960876
4.456494
14.292293
-2.183149
4.511285
-18.024404
-2.686197
0.260003
-5.628995
2.250723
-19.292915
-18.070701
-1.315805
-6.302882
-1.809526
-12.259226
-13.765173
-13.568725
14.210307
-5.445933
-3.604441
25.951301
-24.414519
-3.351744
-13.096131
-0.374900
-6.553291
-1.970631
-1.021306
11.578848
-14.191785
-5.284505
0.606688
-17.570177
8.846132
17.772159
-6.885615
-8.930939
0.501768
-4.395144
-11.569365
-7.196441
7.661713
17.659328
-11.563539
-4.073219
-2.375143
0.021430
25.364282
7.732820
-6.701780
-11.459250
6.543900
3.117218
-5.996211
12.035063
-5.699648
-15.402845
13.766479
13.377927
-4.877702
5.714663
4.683311
-4.746109
7.143028
-4.069557
-4.812741
8.898574
12.346283
-8.155620
3.238997
-3.271675
5.861536
-5.501128
-20.069306
1.142061
0.177003
-9.220256
10.384814
3.802012
-3.420750
-2.430832
-9.788505
-10.322431
1.556007
-4.581447
-6.212745
-4.785181
12.514365
-19.690497
-7.487682
6.441114
7.557416
-7.240616
6.866729
1.187889
-11.827031
13.372827
29.348825
2.982315
-3.722157
-7.237299
-2.646087
6.162714
-29.563650
0.272763
-11.505391
2.141145
-25.044601
1.643510
6.689175
-5.395785
10.945698
-6.165149
-10.073405
-0.537742
-7.582911
-4.200812
0.843293
4.048126
2.039596
-15.621250
9.674625
4.424879
22.624124
-13.685551
-12.141898
-11.277103
16.550495
-11.969154
-27.108279
24.728337
5.298109
1.542937
-7.730150
-6.141493
5.089056
11.170822
-0.676568
-0.048689
-7.963794
-0.137141
-19.736412
6.338702
-8.180368
11.297407
8.156920
2.675008
-10.440315
-8.019952
7.975531
25.044109
3.835319
9.176926
3.586695
14.632708
17.455218
7.649617
6.068209
-11.005272
8.567629
16.982555
1.615332
-25.187288
-1.570406
9.225099
-1.993161
-22.633741
2.367248
13.814965
11.911291
23.908750
-5.089773
-5.569999
17.455967
7.705822
20.228453
5.020626
9.729023
8.892180
18.945903
-4.555014
12.094387
1.601865
-16.511571
11.524182
14.040673
25.464893
6.256967
-8.733092
19.253358
-3.989295
-3.075640
-8.335696
-10.350461
16.870625
-4.355757
6.135694
3.928440
-5.792950
15.096309
-8.730076
10.490793
-18.105503
-12.657779
9.937801
7.422020
-1.167654
11.875759
20.808286
16.920152
0.820371
16.629313
22.797325
-10.359069
16.204491
-2.418407
4.516916
11.577969
-5.627999
18.175720
-0.573455
-1.951783
5.645245
17.646739
-2.956107
8.395167
20.308019
-23.430760
-13.690067
18.957944
-9.251698
-33.839777
-15.877090
-6.208021
20.291844
-8.835317
1.923058
-6.828931
7.457931
-25.892941
-6.711165
12.017958
14.533229
-7.342582
3.447842
-10.947307
11.425833
-11.184743
-13.796716
5.342266
-3.615001
4.424054
12.533328
6.666434
25.146066
10.825576
-5.460114
15.392096
9.833206
27.662978
-9.979680
-10.090711
-7.000131
-18.499386
4.448055
-3.405043
1.112945
7.340294
1.097880
9.559224
8.804810
-4.197833
-22.291613
20.688191
10.729584
17.405645
1.822408
10.477266
11.937076
12.906043
-27.751575
0.054293
-6.869817
0.222412
9.523882
16.562883
3.360171
2.558501
22.186196
5.795710
19.654294
-2.925976
-2.177908
3.939809
-1.731312
-0.702902
5.885028
-3.750736
-4.012455
9.841294
29.542865
-3.853509
-15.782737
-14.931302
-3.846839
-12.691298
-5.558493
18.140755
-26.522821
3.033394
13.543462
-1.775716
27.743242
8.900325
3.961750
-12.117450
-3.419761
-27.572212
-5.311459
-5.417024
13.738616
-23.778467
-6.935657
11.489251
-0.478358
5.876623
9.844570
-2.749258
4.448743
-4.222916
-5.363057
-39.843463
-8.461528
7.569612
-18.262619
-23.349195
6.492703
3.315111
-4.138949
-4.160158
4.057253
-10.722886
13.415640
11.338424
-9.555333
-9.967687
21.191543
3.218058
-12.089390
-19.436144
-3.956130
9.951791
-8.202726
8.355449
6.220251
4.173873
-5.431083
13.730428
-14.241346
11.422245
-10.544005
-9.338510
3.620505
-13.603565
-17.969389
1.607173
3.081015
-20.428542
15.902516
35.074247
-28.956495
1.019054
25.684758
-1.947455
8.959963
8.022719
-9.705793
17.868604
-9.167032
8.602466
-20.668131
-25.948143
-16.001967
15.637235
12.802372
-6.394659
-8.443105
20.507924
-19.203544
10.145196
-2.550607
-6.441728
3.102780
9.905232
-1.473146
13.270932
-8.895483
-5.541676
6.126817
-1.271688
23.582647
1.402175
10.084063
2.242220
-3.922936
-1.542595
-7.336739
-8.070926
10.567228
-21.181624
-17.919710
-5.284970
-10.691439
10.514571
6.189157
4.444385
-6.364103
-2.542163
10.984872
1.598129
-7.625975
7.614900
6.264354
-5.272355
10.276388
7.786992
-14.776212
-5.062890
-2.153057
13.276259
24.825147
-6.419511
-18.620434
-19.072667
-10.617670
9.555348
6.135286
1.213028
17.521821
1.345449
19.756333
-0.781934
-13.399421
13.696957
1.458742
14.924932
25.409102
7.756519
-7.271569
-13.654337
3.853000
11.218172
-12.456605
-17.389397
-8.516558
22.020798
-17.188459
-2.501318
22.053307
-25.711998
6.803611
-4.431091
19.551075
-7.121529
-7.469983
0.055529
-6.581549
-2.365006
4.581396
-0.491924
11.582749
8.853371
8.760894
7.875867
1.293921
-9.118874
-19.125306
5.867533
14.165737
7.398354
3.921079
-6.358113
4.312554
4.395918
8.173564
5.701003
5.267906
0.533586
16.071239
-3.924561
18.526594
-8.177610
28.928229
-1.549748
-6.427927
9.719394
-7.473084
15.463752
-2.033443
-21.790990
20.125897
-6.403418
4.616634
-25.376144
-2.431304
8.704121
1.692386
1.464935
-3.626995
28.480468
-4.633906
0.219675
8.721819
15.504898
5.840486
20.160402
-1.713504
-3.768808
6.397577
2.021529
13.032939
16.408884
10.059743
10.513926
4.828435
6.133598
-12.216370
9.648256
10.414260
9.166574
4.298875
18.391477
-13.840342
-6.167593
2.765807
11.087339
-14.247477
-9.497979
-2.079424
7.463226
17.974475
-16.736820
9.420955
16.160966
10.764043
-0.928898
1.657831
7.252858
-4.368735
4.047480
7.432148
10.615643
7.198601
-12.929468
10.155236
12.083315
-9.387867
25.972367
7.269835
9.048072
0.626773
-18.855654
8.053733
-10.349396
-3.238886
-5.145442
-10.491579
2.186367
-9.760854
-10.395911
-16.561418
6.589810
-4.909999
-6.685949
-5.796753
-18.297440
14.303068
-20.595497
4.399107
20.813231
18.139977
-15.700258
-5.001735
22.691311
-12.458541
5.277771
-33.065907
11.160806
-8.975661
20.950538
1.362323
30.418357
3.581540
4.415852
-8.235388
4.573304
-1.263777
-6.434321
12.885022
-5.117298
9.806949
-8.800194
11.782930
-2.519979
2.160544
10.088686
8.183791
0.418965
1.108234
-5.930430
4.228861
-11.164975
16.376346
0.957503
0.609212
-19.408699
0.095420
2.567857
-15.332313
16.319334
7.838954
8.917786
-19.896236
8.524874
-17.042852
-6.035707
24.509679
15.402313
7.244944
0.775715
8.914462
10.783060
21.970473
1.694957
10.230650
-10.452820
-1.104225
1.627152
5.005753
18.169031
6.637168
-5.115531
-20.538314
-3.011643
10.158801
4.450286
5.782247
-0.543615
7.435741
-11.340857
-3.148511
-12.740353
14.476165
17.458019
-10.204033
-3.823998
14.323372
-17.266864
27.465845
5.088686
-10.108782
-18.643435
-10.611660
6.558951
-2.168787
1.540258
14.755581
-11.233956
9.249832
-19.002390
-5.792461
22.532343
-2.172616
-10.686254
14.779711
11.114884
-13.209443
-10.199111
-20.170138
0.519085
0.297765
-16.262894
0.443905
0.981661
-10.113993
-11.205005
18.065515
7.795341
0.163450
-8.076156
-18.322173
-8.734378
-3.318209
-18.103060
4.275596
-16.591162
32.498297
4.574272
-8.522044
11.679297
7.641372
1.071318
0.706491
1.317486
-0.563197
-6.509940
2.340376
7.839271
5.294172
-9.086395
10.380267
10.770445
3.707690
-10.578755
3.325976
0.826319
2.982093
6.176667
-31.754976
-1.584327
18.074138
-7.265098
-7.667782
-19.755434
-12.104156
4.316490
6.978326
-5.961699
13.916799
-16.410171
-28.948687
-12.902014
4.018442
7.017904
9.648429
-8.301273
21.671859
-14.042758
-3.274105
15.914677
32.918239
5.374130
-1.331882
24.565436
7.282733
-5.570457
-2.960153
15.821990
-8.205463
-1.511780
-13.790918
-7.866432
-18.971075
-0.101912
0.647412
-9.546181
-14.538344
4.478922
-10.862207
-4.690257
-0.355415
1.377217
8.235768
-14.277309
14.490094
-21.113230
-5.241216
-5.576264
-0.655886
-19.984517
-3.484300
18.056026
19.783538
5.700322
-3.471392
12.429967
15.454853
-7.152395
-25.588162
8.142193
-42.633079
8.401858
-15.831572
1.224378
-2.616414
6.686167
-15.851825
18.992523
-0.171024
-5.265196
1.845528
8.404066
-2.069109
26.346352
-7.886530
2.095800
-0.514210
8.385307
11.733074
2.585796
-5.163680
-11.796004
10.700621
10.454187
11.312227
7.064975
2.002710
6.675104
29.583830
-30.033569
-4.070161
8.388326
9.250888
-6.876886
8.162223
-7.475438
12.914758
-1.967637
-11.074782
-16.761966
-1.536519
-9.184182
2.302609
-9.112236
3.285564
10.591538
11.819629
-9.087245
7.566238
0.510791
-6.231189
-0.211299
0.382550
-9.532553
-3.971463
12.773485
6.764068
-24.552655
-10.041988
17.583067
8.909605
9.664664
-17.040116
21.599775
-8.280467
-17.433433
-14.177704
-10.786225
-8.535997
9.413046
16.076386
1.566096
9.903194
8.511077
5.726856
-11.651384
1.303198
-4.073728
8.465660
-9.425495
-4.050923
30.578393
19.000667
-13.170291
12.534356
1.790299
0.894955
5.233248
3.559893
-6.693215
16.750772
14.426442
-18.705763
13.765240
-0.977543
5.710288
-5.917045
-11.418182
2.541277
15.803336
9.965477
42.293723
-0.821793
0.673135
2.945963
1.652355
8.040012
5.893553
-1.563418
-12.106072
-5.153172
-9.102709
-1.176150
16.840751
8.844812
-15.061093
-15.147270
1.791552
14.578255
-14.595219
10.267894
19.610846
-8.397432
-18.043955
-15.555355
-9.353640
18.229000
-8.266198
-8.837463
-14.946473
-15.500296
-9.245669
10.929536
3.913006
2.572079
1.887757
-4.140569
5.366544
17.997815
18.956671
5.690435
-6.342315
1.422675
-18.228448
8.983432
13.723402
2.997450
20.886245
2.197525
6.906615
2.129834
-6.612587
-20.192011
5.654541
0.708195
-2.889498
-18.068725
0.456056
-18.131730
16.142375
7.197765
1.776447
4.870665
28.202112
-11.987173
-6.568331
-2.910685
-12.123108
-9.452671
-6.242409
10.985249
-11.890971
-6.773512
11.229362
7.879335
-0.146130
17.200477
3.713769
-3.961282
16.861602
-13.953377
4.672277
-4.478667
-6.486236
-9.174766
20.298405
-10.442113
-12.307736
9.373894
14.143881
6.330346
13.888428
10.135725
-0.286233
13.596215
12.236168
11.213069
-5.946248
-1.584630
12.422364
9.508218
5.004604
-7.934977
16.498806
1.522893
0.902076
-4.426727
15.995648
30.926215
-11.224546
17.127131
15.627714
-1.968202
-5.983988
-13.348158
-5.880209
-17.665632
-12.832298
4.879080
13.620818
-16.456778
10.219158
-2.822890
-16.478783
-7.334810
10.032218
5.416730
-18.378017
0.903396
1.779586
-6.119793
-5.092007
-1.350046
8.631595
-1.771343
18.982397
-3.499421
5.542488
25.321114
18.381070
-0.210840
-8.420003
-21.827814
-32.134440
22.007555
-11.731378
-1.849646
10.342248
12.439884
2.732363
16.507726
14.726224
-9.313444
11.696618
7.741426
13.823548
10.229294
-6.905800
-13.542923
-11.248815
-21.037101
-4.138765
-9.493451
8.996542
1.547866
-0.832943
19.306214
5.611010
17.677376
9.164195
12.640033
-19.705708
-17.369178
13.818017
0.146482
7.710146
-13.066103
4.650732
-25.970346
-3.549186
12.218590
8.814737
-0.726633
0.447455
5.686261
8.351216
6.439851
7.814581
14.832385
-3.703751
-8.432001
-19.852649
-8.281857
-0.456796
-23.549525
5.593964
0.102372
5.263806
6.577845
15.041469
4.304437
7.086160
11.535758
11.227282
-23.254233
-10.795962
26.882200
-7.872891
-28.419691
8.704679
1.106612
-22.741634
7.958317
13.692873
18.783564
-2.034021
-10.404309
12.200674
3.354147
-14.837755
-7.663902
-15.635753
14.899815
-18.279926
-3.292933
3.462991
25.242112
0.033709
9.618835
-14.337044
10.822868
18.643669
-0.101001
-4.392415
-5.646164
-6.071711
13.441682
-9.969671
-4.793357
3.850306
-13.464409
-7.640833
-0.351015
-11.361553
9.562081
11.148174
11.883866
-14.522470
3.431390
-23.771781
-9.745064
-15.476906
-5.916269
-33.393221
3.074445
4.939686
-2.395124
7.355948
-8.994142
-13.534094
-6.649264
-23.758036
0.009452
-17.134192
-10.566790
-13.591263
-13.477732
3.377451
-11.996286
-3.464186
-9.734743
17.189271
-10.301357
6.237957
5.526042
14.178995
5.812760
-9.538649
23.164870
21.236622
-3.748766
10.804633
-9.260133
27.078258
-16.168074
-16.357808
6.224874
15.080358
-3.094107
-4.029387
-6.154233
-28.040009
0.617359
-10.814672
-10.826132
-8.486775
17.605933
13.599616
-4.028861
17.275199
-7.676772
-8.469141
1.094399
8.557853
2.854226
-0.617404
14.372335
7.397209
14.118388
-4.189061
12.067650
11.923892
-16.371450
11.999121
-3.702282
-1.065951
-9.450775
-7.711076
6.109723
-2.324506
14.204251
1.925826
3.524183
18.015226
0.999099
-4.295771
-0.178861
-10.833778
12.502052
27.264346
-16.107522
-13.983085
-2.320733
-11.839042
4.448960
14.913076
-2.771326
-0.123151
-3.482134
2.980949
12.852037
-22.960425
-4.972309
-12.813952
-6.253242
7.464856
3.476873
11.959469
-18.179297
6.265855
1.986434
13.814275
-5.859760
-37.262581
-7.891522
8.315329
6.043347
-3.321161
0.099916
14.621487
-0.678768
-10.663574
-3.329243
-17.624172
7.615470
6.098296
-3.234076
-17.544340
11.319575
31.143377
10.071967
12.516112
3.589821
-2.216871
3.792969
27.869865
7.408587
10.459428
-8.208468
-6.181614
6.834664
-7.166888
-9.233004
-1.893571
-1.273812
-11.095048
19.279568
-4.369604
-7.458120
-8.788419
1.309489
0.733201
2.689169
9.679952
2.157143
2.139041
-1.813659
-4.463576
6.923811
-8.819576
-8.997535
-3.940981
23.304569
6.000170
20.614131
15.618347
-20.394645
-15.727370
-7.859425
8.820363
14.480125
13.338036
1.376905
-17.794267
7.168880
-15.650116
12.121995
9.765110
0.354720
-3.080358
-29.670065
12.883582
-2.245381
-11.858840
-13.007486
25.920808
-12.448618
3.420757
5.188907
2.738706
-0.746627
-3.447197
-4.751890
11.194995
-3.464285
-13.132047
6.060297
-9.607195
13.912455
3.351465
-15.253924
26.734423
15.732714
10.781865
-1.816613
-7.082492
-17.631425
12.304024
-24.873105
-7.328506
-1.299292
1.436866
0.270075
-12.109564
-12.466836
-6.468429
-14.686061
10.705477
-10.774679
10.893093
4.297340
14.405560
-22.480437
3.596823
0.127843
9.856037
-11.198268
14.044679
14.900339
16.485356
-12.532849
8.233180
-1.840908
2.097909
-7.714432
-18.225860
-2.751228
-19.224168
-0.645312
-7.775914
7.746848
1.849034
5.578274
-9.103686
-7.869250
-3.495732
5.478828
9.091232
-18.949284
-1.192065
0.367243
1.240993
18.943356
-12.122297
-14.152979
4.787114
3.210926
-7.830156
-0.870906
4.341943
16.989525
6.647263
0.588245
3.080761
-21.423318
-12.945801
-9.186169
-7.474973
-38.213359
-4.370072
-1.039896
-10.742723
18.601128
13.824141
8.224958
5.433303
-5.362301
4.931656
-3.243965
16.378157
-5.645107
-4.933272
12.824149
4.432947
-27.738866
-18.021087
4.577917
-5.896723
11.030740
-8.070288
3.271920
10.838551
1.011339
-13.825983
12.202450
6.696694
2.943583
1.848539
-7.299611
3.959959
0.935340
-3.950924
-10.475126
5.037040
-15.672979
4.592909
5.918741
-12.660485
4.600377
-3.398049
-0.044637
8.689716
0.062140
-0.688472
-10.232234
14.026326
-11.681405
13.600031
22.189295
-3.072943
9.717572
3.603845
6.466392
12.746171
-28.281083
13.508495
3.008444
10.164643
5.991289
-1.037958
7.177444
5.321005
6.702773
4.152441
21.865864
6.637257
-11.069009
-8.660176
3.173938
2.285977
-3.615829
1.127878
-20.471043
-3.368833
-0.544567
3.013399
14.809023
6.521451
4.873265
-33.156661
1.302301
-6.092972
1.752679
2.174888
-23.209949
-14.044708
-4.257206
11.909954
11.396390
-7.485045
13.531533
-17.834065
8.812759
-2.264733
2.092418
8.473145
-20.277920
6.932628
-7.766601
-3.723121
7.809800
10.094398
15.086598
6.197487
9.538838
-15.412681
7.268212
-2.525582
-15.308331
-24.631587
-15.317638
15.491263
10.514756
14.908635
11.249501
-6.756890
27.387638
-2.984521
13.849456
7.900776
1.549685
7.682030
2.153415
5.943182
7.882456
28.652005
12.598957
-16.368804
15.012069
13.106323
12.160184
18.557581
7.608287
-0.168739
-14.051999
-18.938761
-7.499664
4.874879
6.829794
-5.108540
5.885924
-6.125489
6.437239
5.631710
5.306819
-18.495504
9.193054
-13.678798
17.392169
-6.039866
11.934649
-9.492343
-10.871938
-4.971547
5.450270
22.579951
-15.148169
12.472409
-7.507458
-6.129698
-30.099827
-0.145425
0.665530
-3.564718
0.283452
-32.017480
-2.524791
-16.063569
-19.348347
-11.825964
-0.239561
5.878061
-2.665463
-12.222919
0.529853
-9.808898
-7.462428
-18.281072
13.906719
2.559063
4.155418
13.414767
-4.794827
-18.024901
-6.412720
-1.990286
6.480702
-9.009616
-8.651855
4.779531
-4.831360
30.533409
9.775848
16.337560
20.754810
-5.749032
-17.195112
27.487423
0.375499
11.290404
-5.485275
2.529752
-29.586111
-1.716674
-20.190427
11.514830
-2.771829
5.265644
4.725588
19.217186
-8.771990
-0.079378
-1.474462
2.134604
-9.848731
-2.349376
-5.787912
-5.798040
2.112585
-8.389062
6.115257
-16.366946
15.003821
0.969502
5.154460
-1.834284
23.851354
13.678196
19.342454
24.050809
18.482157
3.954583
3.741321
3.943936
-4.549044
42.509979
5.329444
26.679046
-10.342816
5.346137
4.050366
-6.091230
1.310896
-7.282105
-12.235974
-12.112288
-9.560157
6.182855
-25.533040
2.577230
17.255123
-2.718004
-5.564871
1.021154
-9.191704
2.461519
-15.249210
-12.069580
-10.828154
14.914581
-5.344906
13.393211
-6.486747
8.762296
-0.525882
0.556308
-4.811877
7.538545
6.732409
6.318709
10.047746
1.860991
-24.643976
-1.127652
-2.252794
-9.842666
-9.178615
-8.379011
-11.880688
10.199747
5.786516
-4.862356
-1.036734
1.057214
5.596251
-8.078693
13.736546
-10.483326
-3.584088
7.416517
17.852124
-18.346869
6.975981
-17.901705
4.659963
-3.317721
-4.284280
3.346802
-15.065851
13.501444
-17.026304
-1.448632
-18.719450
29.984878
4.491370
6.446808
-14.930960
-2.212894
-12.751302
2.156438
-6.018062
-18.263812
-1.850967
-5.585412
-5.714602
4.963414
5.835310
0.137741
6.482114
-18.182891
17.047832
10.736889
15.709913
4.720645
12.364338
-10.242662
3.987254
2.989786
11.372505
12.053199
-33.792775
23.001440
0.035729
-19.104006
10.956846
-15.553009
3.564750
0.432008
-4.020432
-3.141720
6.341002
-6.399789
-11.402110
12.348193
-10.530681
-2.533384
11.500400
-4.014364
-19.453114
-0.989251
-3.847056
-10.536709
13.162847
-2.315975
-14.791245
-14.409674
-5.435200
7.342126
7.412447
-6.848459
6.057592
-11.379919
-23.279867
7.946492
-8.308985
-2.044421
8.108640
20.709210
13.119997
-0.870355
-1.297790
0.603831
-17.632548
20.302638
0.136150
3.950365
-9.155144
4.225626
-7.901112
5.282264
16.089106
-21.511058
-6.745991
-1.586207
6.047002
-12.886466
-4.211799
-6.998271
-12.881433
-1.512690
17.067074
-28.736103
-3.661247
1.762891
6.130463
1.130999
-1.961706
-5.830355
6.516496
-2.593571
8.076293
-20.267081
-12.957721
-15.202759
4.637402
19.190732
13.831671
-10.328598
9.918321
-23.932311
-6.656216
8.688990
-7.286009
-8.380295
-5.772894
10.459722
-3.655527
8.204925
6.828613
22.463561
-7.013280
10.404264
7.886146
-15.968166
21.553541
-9.470682
-0.982687
-7.199563
-1.419021
9.828428
4.843415
4.171209
20.425009
12.405881
14.013984
-3.091658
3.109366
0.872687
14.954360
16.298491
-8.795662
22.328253
-1.961050
16.906115
20.090339
29.939799
-17.054500
33.723034
-4.283574
14.738884
-1.570040
-1.957193
-17.101116
-6.351219
10.927236
-0.321962
-2.404802
7.230186
-6.150336
-29.565896
7.249725
-6.448310
-10.035189
5.348866
30.578813
4.427789
8.004910
8.771621
18.596457
-11.137210
36.511307
-2.673381
3.060529
19.413983
20.696321
-4.883550
4.155864
-14.044598
6.932544
-15.091007
3.522384
1.723500
-0.492753
-1.455859
-0.522709
-5.777035
5.328654
-9.144903
12.901836
3.193132
-1.119447
-11.546703
-1.837309
0.806029
12.932364
-2.721208
9.272333
-1.446672
-33.680699
-19.625494
4.604062
17.943227
-5.648290
5.248772
3.863319
-4.350499
9.180899
2.340859
-7.501122
8.129998
-8.486424
10.917741
-6.233341
-11.055688
-2.813389
-12.061064
2.857458
8.618989
21.679958
15.566057
-6.536086
14.602574
28.063024
5.625207
1.543400
-2.780114
5.909316
9.945337
-5.957975
1.088843
6.386575
20.476411
-19.824709
-11.872002
3.661194
16.961086
-0.488505
12.506495
-16.614842
-7.844198
22.151754
-12.226698
-10.059541
-6.326613
14.079320
-8.052152
11.067004
-15.698087
-8.484096
-25.234952
2.020269
-5.772446
0.214152
-21.723560
-5.146529
-11.004595
-4.862085
-5.688094
-4.126669
-19.154037
3.151849
9.346711
-7.205527
22.820697
11.490468
6.185480
12.751350
1.767737
10.742389
-7.684561
-11.304570
-6.750836
-11.452338
6.224586
10.417926
4.315011
14.656201
6.081806
-13.911681
10.659332
3.783122
-5.451777
3.163237
-0.991795
-4.819486
-10.641279
-9.740710
-22.155100
-13.585958
-3.275334
-11.412945
-10.577399
2.570260
-16.755623
-1.261785
-15.947354
0.798076
-13.369079
5.499392
7.716100
-13.262876
5.060333
-4.566087
-0.184565
10.260891
1.311058
-15.405691
8.535909
-3.819953
8.031349
1.954959
24.420051
4.717994
5.246206
-5.278408
20.407603
7.117768
22.197454
-6.387642
1.136978
15.948595
31.583778
-21.526332
-10.615592
-11.911672
-11.572973
-5.299167
-0.937713
-4.693072
-5.120184
-10.808669
8.377875
-1.263275
-3.932140
-8.102771
-8.221913
10.376463
-6.879460
-2.755751
-2.650045
16.951674
-14.468179
7.865892
-12.922361
4.333529
8.786521
-3.388257
13.292186
7.402227
-9.392078
4.462244
-4.969510
-6.243907
19.764797
-44.464999
-17.908491
-1.377648
-4.739908
20.937830
4.820339
-4.963285
-7.621668
-21.645033
0.130229
4.298295
3.783237
-16.082693
13.865519
13.268863
9.851140
-4.661713
-12.574007
-8.404975
-3.307523
-4.967308
6.287518
-8.016316
-12.383959
2.342123
5.999186
4.261663
-7.338533
3.512394
1.009055
-6.643881
25.210155
1.975393
0.787543
35.291692
-13.170082
12.707657
-3.138545
-7.402215
-4.878537
2.565609
10.643499
16.940593
11.111092
-13.262327
13.859097
-16.940882
5.200507
3.966104
-3.968347
-19.160622
-2.480228
9.647103
-21.208449
-7.286754
5.496454
-3.763799
-13.763112
7.368478
-4.683217
16.954731
1.641024
21.986770
12.723414
-12.636152
9.944619
-5.793044
1.160785
-15.831879
-16.297196
8.400672
-27.366437
12.523673
14.223663
12.358400
10.075729
-3.410820
4.563063
-11.771753
-22.373882
-12.118724
-13.082424
-2.886005
3.268755
11.667076
4.924392
-17.253007
-1.643851
0.638616
3.719694
-12.658592
-6.882912
-11.716794
-21.108853
-1.574137
1.315036
-19.113060
-9.828994
6.007988
-2.335803
-4.072822
15.148628
-0.652207
7.317096
-4.802919
-0.399395
10.159373
15.988349
-2.260453
-16.824282
0.702901
-13.700275
-18.520040
1.997339
-5.024873
-6.529607
-3.381150
-5.397349
-26.180053
0.625582
-3.434211
4.334869
-18.494870
-25.310959
-5.648213
-10.553865
5.640009
1.248391
-3.172938
-8.987592
-9.142527
8.038843
7.177117
10.058349
-0.823460
-7.937255
7.424038
0.678376
-13.461224
-0.808423
-9.076957
-4.794752
4.351933
-8.931851
0.692341
-11.556662
2.280622
-4.928249
4.419961
5.191746
-10.208244
0.102836
4.507166
10.392736
13.147166
6.045045
8.488164
-0.291606
17.655552
1.564219
0.520345
-3.037633
12.781056
4.523558
3.068790
6.228480
10.145785
-0.907761
-6.260646
-7.934537
-12.405118
-16.013571
0.661733
1.903650
-5.436595
9.611460
5.342722
-3.453929
0.097947
-2.823215
-9.963420
10.992109
-14.013350
9.977789
3.881555
15.639012
-5.028326
4.938716
8.119388
2.627673
18.070568
-15.464426
13.953060
0.585083
24.920192
-7.843967
22.625315
2.884050
-3.587045
15.318473
9.849404
-6.782852
-3.893899
-20.565733
18.730962
10.905184
6.671010
19.849628
-14.291974
25.906129
7.114604
15.281991
6.399353
3.181034
-16.128465
-9.358738
-11.566103
-0.023514
15.755448
2.425826
12.439251
-8.074776
1.844312
-22.364103
11.770349
1.363128
-9.621146
3.878826
13.674811
-3.206688
11.565633
11.996584
24.132098
-21.476663
23.347159
5.861343
1.497623
5.442307
-6.827252
12.028536
-6.308730
-10.585667
-2.159176
29.410460
2.642935
-20.555482
13.080943
7.040646
18.211780
0.836603
4.227656
19.561336
-9.851231
5.299319
9.159131
-1.438622
0.837313
-9.264817
-6.730424
-9.627462
6.770790
1.790536
18.596022
3.191209
-13.172263
-8.614676
3.563143
-1.431447
-10.519480
10.044183
3.930572
-4.031777
1.329973
-1.817227
-9.688995
8.849365
-1.245338
-3.708005
2.169134
4.586608
12.803728
3.517120
-5.427816
-19.386954
8.082838
-1.643808
13.707313
2.828040
-22.545061
12.020486
-27.827588
10.860170
8.786638
2.669593
-1.850758
-14.183072
8.564497
7.596873
-12.448768
6.574753
8.681385
-7.740329
-4.940120
-7.051331
-30.962420
0.344730
-11.283540
5.209808
5.001361
-14.610914
-0.255341
-13.208139
1.417334
4.648501
4.507965
23.414717
3.468663
2.718759
6.702130
-19.577473
-2.885362
2.521199
3.711024
0.847105
-16.457843
10.184549
2.611628
14.138443
2.616377
9.683244
13.449562
21.560932
-6.067133
23.672831
-1.852056
21.683936
0.505509
-19.294623
-13.551635
17.128081
-4.895423
2.129245
-6.921140
10.646542
-9.881260
5.574604
4.527193
-4.491786
12.187092
-13.433174
-23.634788
12.955485
-5.957412
17.948539
27.090873
3.584848
1.206511
-18.905201
-6.535268
-5.235643
1.569187
-7.221185
8.276010
-17.324179
43.606914
8.968667
7.696013
-0.309571
1.059395
10.748712
13.799580
-23.956981
-14.798356
-12.158163
27.242829
16.201285
-2.219564
2.919496
-8.620808
14.669682
7.991396
-3.166664
-21.899282
-24.777573
-16.338598
6.258085
12.781996
4.930186
1.285130
-4.497838
5.324627
-2.128891
3.929907
-10.129053
-3.128955
-23.335210
3.900207
1.560748
0.836996
0.253039
2.108533
4.070869
9.640293
4.568012
-7.766825
7.119178
-10.249799
7.379703
-6.106263
12.661635
-6.361401
9.018022
-14.188451
-0.255117
7.477275
-2.359907
-13.419321
5.423119
-7.851050
9.183287
-12.123745
15.738499
13.833660
-21.301232
-6.265325
12.717307
-5.498383
9.570357
-25.497130
-0.301267
-9.769111
-7.526649
1.087057
-0.079967
3.910210
-2.594819
18.363454
18.227860
-15.595196
13.220688
-14.614142
-7.389185
2.737650
-5.885928
15.455837
-2.388416
-4.547077
-7.977854
-17.092122
27.226322
-19.850589
14.185390
-5.505384
2.636405
-8.190812
11.574195
8.368154
-23.515249
-6.891874
-1.158022
-5.835091
1.731714
14.303242
3.523738
24.927454
-2.323180
-17.052838
-6.069313
7.768782
6.545464
-11.220137
-7.121257
23.974296
-12.808864
-1.870269
6.748232
8.136561
2.982865
-0.283041
-14.306914
11.011464
9.010618
-15.700780
2.421492
4.442751
-2.084691
-13.677985
-16.441433
-7.555932
-6.877884
-9.673516
16.121851
19.632642
-1.950402
1.286334
25.494362
-3.303034
-2.017451
9.743519
6.093467
-15.580640
-20.444949
-17.423579
-6.970531
13.665312
4.957394
-1.146970
-3.602672
-2.798626
3.459757
12.641415
-2.236161
-20.550906
0.172808
-9.380461
-16.251373
0.571535
6.640446
13.441102
-12.210178
7.366021
18.190656
7.290716
-3.036578
10.108427
12.159831
0.678355
1.600068
12.823699
26.366143
17.700198
9.120598
-3.055574
11.112198
2.876198
6.240206
-4.308957
-3.536119
-4.283512
11.414293
-7.236326
20.479112
-7.889439
-6.561466
-0.115224
4.723820
-19.547109
-11.068318
0.212179
-21.584428
-10.359210
4.053667
1.576231
-4.084192
3.027660
7.770927
-6.566367
-14.804099
4.270573
2.925833
4.988881
-9.380458
-18.697127
2.071652
-9.328106
27.229779
2.340902
23.059036
-2.777920
11.448146
12.791164
-21.153372
21.520367
3.902095
33.419147
-21.656075
-8.745802
9.234472
-44.604080
1.558652
-9.996116
7.273931
5.282961
-24.053156
-6.745142
4.293102
1.520949
9.289373
15.227659
-10.099974
-2.815118
-7.251094
-23.318488
-8.440264
-6.253103
18.618225
-16.655981
0.530338
7.595853
-15.280238
-18.873178
-14.185690
9.607534
-15.284933
-0.611686
-7.750990
1.878276
0.347032
4.052095
-4.221937
-14.756803
-17.535060
-13.710802
-7.730081
-6.692876
-13.408586
0.536642
7.225491
6.738321
-14.761862
-14.051487
2.791329
26.194484
-12.369804
7.445025
-5.654349
10.682930
7.243197
-15.291535
-0.582121
3.496758
-20.008145
-12.722157
-15.319769
-2.918322
-8.588692
19.804228
-1.317951
-33.500323
0.177218
-8.079944
-0.911341
18.372194
21.285689
-4.694170
20.647894
-9.070808
-9.450393
3.003463
0.476146
15.031497
-4.977806
-9.780234
13.246730
10.692836
-7.215449
-13.607020
13.765338
10.281199
-12.472245
9.096496
21.914343
-14.432917
-6.286500
0.146126
2.587668
-7.825039
11.611385
21.848463
-0.816534
14.265716
0.159016
-22.535226
-15.978592
11.420929
-14.437146
20.826164
-4.007137
-3.239181
-2.459484
-3.534363
18.544407
-15.177407
0.757780
19.751018
-8.725232
5.431713
3.255536
-12.792086
-8.114280
-12.216836
8.796836
-19.183173
-13.408372
-1.112816
4.128902
9.949622
11.488816
15.294862
3.981762
0.964217
9.326333
5.642458
-13.928914
31.167424
-9.945291
-2.641556
-16.931283
9.611903
-8.309183
4.019762
-14.337115
6.606770
1.358310
-2.802270
0.926940
-5.315286
2.898683
7.351250
-14.461006
-0.138237
3.258901
-12.667691
1.074759
17.113531
-5.304879
-5.937139
-13.177763
-7.077581
-15.286642
16.372831
-8.450394
7.410171
15.561284
-18.738636
1.435350
-15.496189
-0.377843
-16.089219
16.394918
-10.352963
8.377142
13.743860
0.485514
13.207536
14.845351
8.781653
2.103579
-13.389753
-29.656301
-10.147039
-9.463544
18.722981
-15.931692
-8.676719
-16.898354
-3.441644
15.519396
-6.901183
8.851158
29.878676
-19.649218
0.506862
-3.738312
-3.015985
-19.247271
2.113107
0.101701
12.747146
-0.674557
-25.835571
11.587952
14.759675
-0.783592
2.205673
-15.787047
-10.404405
-4.546815
13.038213
-2.515721
-2.379002
7.634972
-1.219541
-13.971366
31.642302
8.348907
-8.021394
0.921842
-11.720832
-9.539273
13.347702
2.139046
3.161403
6.034211
-21.733210
0.825087
2.120187
-6.911766
-4.790014
6.538531
5.189390
8.597302
1.270341
5.388661
-14.562811
-14.037035
17.325758
6.435877
-26.213700
-15.695002
10.928381
2.156548
-14.101685
11.100773
26.227495
-12.257188
-3.001075
17.779556
-29.207599
2.977839
-17.910767
5.283980
1.135861
-2.027347
-2.452192
27.633253
-6.597714
26.762406
-6.469723
-6.555618
17.696430
27.616708
-19.745399
-0.272946
-11.323837
-21.161049
-22.044814
14.026582
-11.352976
-2.039387
0.643587
16.202528
4.080717
5.460058
-17.304282
17.163653
34.900120
-0.329789
-0.620478
2.305383
4.930540
-14.304025
20.076124
-29.380685
-21.334895
6.996056
10.737073
-14.137690
21.207936
1.899479
-3.885312
-5.287693
-0.320910
1.148060
-1.523172
-2.697255
-3.433991
13.631543
15.199556
-7.826751
22.635156
14.885855
9.079080
6.902162
-1.572491
-15.558918
-2.860252
-1.522458
18.556971
-17.186219
9.651861
8.994459
5.882429
-7.648887
0.053100
10.873187
-3.730619
-21.467317
-0.705552
9.415358
-2.109882
-4.691273
-19.938121
-9.831825
-8.282138
-5.450314
17.876096
-5.267066
5.984435
-12.700789
10.916820
-19.532814
-9.874570
-3.906000
10.142851
-23.625045
-14.985202
6.305014
8.251292
-6.015595
-1.447031
-7.142901
-14.200755
7.711568
8.573848
3.261437
12.326779
3.859409
-14.208014
-1.548815
2.275787
1.202119
13.021665
27.705195
17.219866
3.691961
20.965358
6.960032
11.440453
-7.834466
4.462549
7.332316
27.946056
-7.448233
-6.897607
10.682915
-17.843174
-4.959371
3.564955
-13.223478
21.619822
18.321330
-2.764626
12.560022
-18.338057
-1.651433
6.276253
-18.885860
8.102567
-18.582495
-13.181429
3.350230
15.574086
-14.883447
8.655181
-1.512711
15.959369
3.799272
14.342263
16.884519
-40.198502
23.679534
-11.671794
-5.894618
13.787150
-1.808928
-15.818490
5.046357
1.746289
-5.990675
6.395361
8.820650
-0.446900
24.903244
-1.511060
5.390142
-16.128517
2.283291
8.642981
-15.856719
-7.219928
-17.318063
5.227201
8.966192
-5.842094
2.957723
13.222835
-22.328449
5.498144
3.005597
22.201056
5.123688
-8.021467
3.630023
4.256955
11.547819
1.050551
4.786583
16.567333
-7.677054
0.099539
4.561172
-12.238942
-24.028842
-16.206769
7.141419
-15.596778
6.271714
18.339722
0.037030
13.337187
4.610319
-13.705788
-4.439915
15.965716
-9.629312
-8.456118
-12.015239
15.959671
-19.394325
7.139554
-21.311660
12.004692
-1.611368
27.325287
13.556671
25.988933
16.361848
-4.644791
3.748542
12.737617
-10.480291
5.224434
0.102206
21.399635
-28.210308
3.829794
-4.566541
-12.704455
-13.806511
-17.806739
-1.386693
-10.682194
-2.452718
9.323513
0.339252
-7.527355
-4.692851
-3.023765
2.968515
-7.154889
5.211482
-4.476188
11.387086
17.604555
-6.812057
-27.182003
1.042126
-4.131650
-0.070697
14.907974
-3.669698
20.292983
-14.326382
4.283661
21.232466
8.838818
-0.583281
5.591576
3.625866
-20.571543
4.989127
-0.285013
5.083638
5.033252
7.561441
-12.818485
10.932949
3.544982
7.268058
-1.041297
-9.573649
-14.347222
-1.133228
-8.845883
0.282384
2.964107
3.869312
15.120958
-0.932602
-17.920726
-1.900425
6.441364
3.281772
-27.034324
16.006405
-4.286481
-17.042786
-7.285605
2.434839
16.656329
4.218099
-4.671004
-3.895772
0.008360
10.863484
2.057279
2.861238
10.034187
-10.661327
-29.641663
12.668850
-26.893665
-4.163878
-2.826657
9.107548
-2.303624
-1.656489
-15.085759
-4.708744
-0.152146
5.864435
13.075098
-5.559572
-6.388561
6.754283
-9.203305
-23.057711
14.339075
8.767761
-11.467588
-22.061157
1.817988
10.399673
9.282167
12.643660
18.551895
17.989329
-2.310973
-24.280900
16.226666
5.500231
5.105230
30.767039
20.899871
-13.452577
-20.566239
-8.795302
-1.087240
34.749027
-2.785722
-28.056019
-8.212474
23.637566
17.474444
16.036371
5.759214
-0.234706
9.864232
-7.593677
10.814433
15.200185
14.249281
-13.702730
-9.462233
-4.490530
-4.247272
1.395499
7.976576
-0.278005
5.469455
3.224100
0.753301
-12.430063
0.175054
10.638843
27.894577
19.554079
-13.776471
4.741057
3.791376
-12.612348
3.072159
7.028792
-3.448257
16.146031
7.267810
12.388615
-18.781631
-12.531719
5.985472
4.213543
14.890242
-2.313397
3.580142
5.290303
0.726041
-2.183608
-8.814006
4.016646
5.607804
18.888109
-8.392515
16.505296
-16.046131
-3.624543
16.801603
10.937420
-13.873257
-1.993543
-6.380813
11.310436
-0.760254
14.254302
-0.078874
3.298689
-9.519706
-5.564775
-1.336910
-11.940003
-2.460485
-13.812377
3.815408
5.290830
4.037375
-18.823028
2.948040
2.307234
-33.099047
-12.741039
-4.073154
0.454487
22.308951
13.331925
-3.112569
-29.428386
-1.064618
-5.039437
-3.717747
10.071720
-4.629788
-6.520518
13.091783
-15.348015
-1.319791
-20.242882
-18.577550
-2.511041
-23.662536
19.801067
-4.777694
2.763891
-8.568618
0.653701
7.558622
-2.706417
-19.509045
-8.633575
-22.001292
-2.842869
15.107279
11.609456
12.429740
-5.886493
-13.639021
10.783072
4.847654
-10.543335
1.742278
-1.218500
-11.184270
3.323805
-1.003086
28.169804
4.958136
-3.659731
-18.758427
-3.729847
-11.660713
10.523737
-18.457166
7.721902
-21.495982
-21.308755
7.565385
-3.196842
2.093592
9.086557
-17.672161
-10.125194
-17.425488
-9.379864
14.777967
15.651813
3.453409
6.939532
11.158385
-12.040031
-5.879660
5.466586
6.073889
20.853587
-12.303327
7.718299
-1.944126
-14.999668
-20.385939
-13.867526
-12.004091
14.831038
-9.137007
-2.533916
3.940486
5.630827
8.383487
3.825632
-9.354605
-15.099912
13.481548
5.966785
-13.490442
-11.998151
-8.088962
-6.513251
-8.027313
-3.304538
-6.616555
13.928292
10.901800
-17.756913
0.321565
-14.869376
4.315132
16.609753
11.347663
-0.398823
-16.872129
-2.997100
-0.397587
-3.012285
23.884010
-13.640854
-7.372215
9.235250
14.907431
19.443927
18.459083
-7.088872
-17.779094
-14.376964
3.594339
9.644496
-4.270035
-10.338885
-12.099148
-9.845817
19.282765
1.337715
25.451945
18.833911
-4.742622
-2.673742
13.709274
-3.216741
15.755712
-2.522428
3.440583
-0.722840
1.156391
1.842709
5.797618
9.562170
-11.595819
-5.592357
8.674793
-0.809470
5.530949
-2.077552
13.397415
-7.882977
0.630432
3.896590
1.753073
10.952473
-13.835710
-12.519661
12.437142
-10.511530
-9.059428
14.772768
-3.992247
20.323273
15.136691
8.347529
8.139582
-12.702711
14.510755
-16.712709
3.238027
-0.403020
8.453998
-7.709223
14.670590
3.635181
-5.907187
-1.846297
-2.449033
-7.141508
-0.147295
-6.926443
-10.988646
-6.301997
4.249090
-13.066450
6.161520
-25.373294
-7.648098
-12.085465
-5.199825
-10.775787
10.776889
-7.766452
-24.624570
-0.339215
17.621293
14.368861
-3.029242
15.130961
15.973913
-7.114462
-1.969194
-10.373149
-0.625332
-9.874641
3.590742
4.696450
-4.234395
5.548924
-4.501501
4.366266
-8.715273
-12.550183
-2.823824
17.926968
-12.864477
-4.798787
-11.555290
9.339570
-1.051729
20.488394
0.744543
15.918301
-1.498790
-5.375291
-1.523904
-22.432470
15.468138
5.192853
3.738887
-5.624831
9.426572
11.570744
7.423218
-9.260401
-4.788880
-13.159425
-0.845080
-4.760998
8.630431
-13.191591
-1.044222
-5.869319
18.179367
-9.637497
-5.296621
-15.511180
-5.332506
15.463464
-15.557779
8.235161
-12.626100
-15.974571
7.022489
6.886913
11.519730
-7.498625
3.789859
2.627948
-4.550678
7.466838
-4.285252
9.933424
7.246623
-3.126830
-14.718798
10.784584
14.182045
-17.428355
-8.583287
-3.771331
26.040535
-6.510141
-17.448707
-1.428783
-16.234982
19.714218
-10.774218
-9.435957
-4.652424
-23.096731
7.615636
-12.990262
-12.239395
-13.643831
7.044769
1.495858
-8.331882
8.715863
4.982525
-12.451472
-3.519529
8.435268
30.733155
8.727261
-21.833542
-7.467013
-11.688166
12.918863
-0.325391
10.273703
-2.394823
15.496459
-8.076555
14.542525
-3.276494
12.613879
-2.120260
-10.525595
5.201243
-21.250133
3.660874
14.495568
6.381507
-10.141720
-12.345333
-6.608802
-2.809653
-0.305661
-23.807453
-18.059372
-4.352544
-0.915214
-23.442915
26.892302
-18.883549
-25.126652
-18.780429
8.870111
-3.576700
7.542889
-12.754553
-4.507396
11.044853
-15.627758
-1.608438
21.252909
30.911401
8.066143
-12.586369
-3.036297
-0.444910
-6.773528
10.524615
-0.360518
18.830443
-4.507933
4.659707
-1.265178
13.030332
-3.197800
-7.419694
-3.539713
4.958874
-24.603691
-24.166493
-4.259891
-17.454867
-11.719006
1.619297
-25.760131
5.672418
-5.714946
-15.291850
10.422537
12.120850
-20.782518
-4.276981
-0.420541
-6.372487
-12.999902
-6.195549
11.637411
-12.599977
5.723666
10.168626
-7.618115
-6.000842
10.731253
0.026006
5.550607
1.301492
-9.264955
-0.868303
2.108676
9.415887
15.527182
-11.913263
-10.028457
-7.582930
-11.143615
-19.229790
7.901202
15.446689
-16.144648
-6.165129
2.225595
-3.042606
3.668448
-13.631819
-6.083787
-11.710955
-8.398806
12.046895
11.548763
16.613183
14.129809
6.316141
-36.710302
12.687731
7.449375
-10.280080
-7.124383
13.001395
-1.222017
-22.153623
11.288199
24.158536
11.433516
-5.796083
-13.533148
-0.535883
-3.721271
-5.144786
8.926007
24.542565
-0.265914
-14.063363
-1.599861
-8.370263
-7.119565
1.809322
-25.015005
9.266443
6.651792
9.783141
-12.264294
11.060951
10.149440
13.090544
11.651573
-1.357093
17.108631
-1.170106
0.019502
-13.985034
6.699231
-1.424194
14.837154
4.476911
6.656034
-5.493180
-15.269539
-4.771324
9.198685
0.960924
-16.100738
-2.834598
-4.607515
4.773937
-10.393652
14.215826
11.557838
-7.564608
-4.889552
-0.943021
-4.274697
-8.230208
14.654723
14.467490
16.496214
7.340693
3.186238
7.447669
-8.179102
8.954383
9.678621
17.414112
8.470012
6.520270
-13.684719
6.257683
5.704770
8.914403
6.777777
12.522139
-9.842944
-12.721579
-15.243547
-4.151621
5.928236
10.520532
-18.035864
6.302022
8.882461
3.486222
-0.530268
15.907389
8.879654
5.569208
-7.662192
14.641826
-14.556699
-16.535624
-8.551680
29.677392
-2.390701
15.980947
8.847143
10.720035
10.020882
-11.320977
6.643362
11.640113
0.793158
-9.095522
-1.217571
-15.631191
-1.873327
11.652068
2.576489
-7.918125
-2.138081
-3.844466
-5.299771
3.062176
4.444003
4.828060
-32.567170
24.779858
-2.513289
18.811376
11.974632
-31.174820
1.018464
21.746889
16.686852
8.666128
-12.207679
-1.510658
-6.217518
-12.588732
-3.786038
-7.020680
-14.466907
10.093553
19.167282
-12.860221
-15.974163
-18.861753
-0.406712
-11.674391
13.281979
-0.662982
9.995912
4.648003
5.766683
2.284978
11.249821
11.570720
1.431716
-19.082927
-3.630334
9.608031
2.636023
8.673122
7.024809
-4.112476
-0.388761
2.490640
-5.968836
1.352862
-10.645538
11.838527
1.669763
-10.379932
1.180281
10.713406
19.666661
-23.373395
5.850087
-10.920927
11.398978
21.420050
-8.937765
-21.167801
-8.413374
-8.986068
1.790281
-9.941981
14.651640
16.322786
-31.747305
-7.165434
16.605769
6.028287
-8.902803
-15.713290
-9.315354
-28.757310
2.062029
3.885550
-20.187694
1.795534
-9.494408
5.571754
-13.562985
-9.386432
4.592450
10.823490
-4.982743
-12.622528
10.971551
9.797045
8.713851
3.867663
-1.428256
25.769491
2.267784
-11.071742
14.482264
11.095105
4.985975
-7.948311
-0.277345
-20.668430
3.157284
10.015173
-18.915943
6.075799
-2.180537
20.529245
-4.392229
-2.244834
-5.034910
-12.061431
10.636376
27.414013
-5.499447
-17.649211
-14.468474
3.874149
5.238622
-8.251152
-7.081853
12.347377
11.913903
10.342811
0.195756
2.085187
-11.545418
6.272943
3.524225
-2.084959
-4.572626
3.505537
13.581242
-10.934117
-10.719901
27.881141
-15.372749
12.794579
-0.305708
-4.413821
-8.486260
3.667900
11.707000
-7.143872
-4.972836
-4.899504
-18.868870
-7.555345
-10.690655
-2.484469
-5.091773
3.852600
4.406879
-15.005885
7.496244
13.567711
24.637333
-15.039663
9.578585
-9.130222
8.495920
-3.226451
-3.827498
5.841808
-3.799542
18.066880
3.140173
10.669520
-5.310906
-16.916929
2.212877
17.716415
-4.366741
-7.676346
-10.165309
3.903176
-2.400302
2.801365
-10.930281
2.234969
20.565237
-24.295942
12.796445
-10.502059
7.034161
6.039800
-1.106028
6.129501
4.771843
10.074241
-21.014656
-0.128964
14.898273
-0.960297
8.286915
-8.847572
-8.262365
-1.097179
14.651148
16.872577
11.839695
0.731255
5.020181
0.948594
-6.558185
-4.241658
-11.694457
-3.302732
-20.478135
-6.426189
10.886954
20.901268
9.183646
-11.637091
3.366172
6.847388
4.539410
-7.461429
0.886470
6.529016
-20.061963
-13.541476
21.524416
6.118465
-22.440753
-12.033886
-10.742208
-19.904239
-1.020325
-13.479520
-24.866496
4.349619
1.046638
-11.972245
7.331202
3.259749
-3.375670
5.848543
-0.416698
-19.238738
-4.958888
-4.876930
-13.717221
1.634832
-5.900695
-5.935879
8.210849
-6.787257
10.344565
8.706241
16.874651
-13.623630
-1.310215
1.479885
1.959259
-4.205808
31.770623
-9.476017
-16.466101
-17.381660
12.724167
-14.663734
20.295199
2.130302
1.472051
18.572466
-6.569058
-17.594967
-5.056756
-5.439055
6.038649
4.763997
-6.335830
-9.772504
1.170127
-22.091901
-19.160326
28.900091
-15.615977
-6.499062
8.044157
10.120456
9.506456
13.275419
-22.222739
2.726900
-5.038765
3.212507
-11.227735
7.854867
3.806102
-7.271098
0.201547
1.121318
-11.710361
-2.200812
-1.721654
-0.221405
-4.929592
-5.039653
-8.165320
10.204275
16.986124
-6.574523
5.298254
18.062466
4.371219
-4.106316
-1.313764
4.435363
15.228568
21.096776
15.799212
6.166896
2.653149
-16.397067
8.137406
-11.776338
12.463543
7.449935
0.914801
-3.032040
8.115876
5.704424
10.716082
-23.062116
-15.471729
11.361766
8.199063
7.637101
-9.249808
10.063317
21.063232
-10.673859
5.694111
14.737353
6.540527
-11.265951
24.120962
-4.551088
11.837281
4.213139
1.036505
-20.872057
-6.845898
10.564307
-1.885278
9.381233
-3.403621
7.938089
-3.604505
-14.638545
17.269576
-3.360826
5.856385
22.148717
-3.657059
-11.508216
8.773066
9.870392
5.722793
-19.828851
-18.543999
4.849972
3.870994
5.654085
3.623831
10.290693
-32.653083
3.664416
5.284530
-10.004427
18.301116
21.938257
4.297899
15.509161
-3.098277
14.395922
-18.146159
-16.433769
8.568416
6.283123
13.817745
-15.903073
-16.390858
7.186782
-5.837810
20.030896
1.153446
1.602947
8.021689
7.407265
20.413880
-2.072985
-13.789623
-8.937054
22.072345
-15.630984
-1.341813
8.651861
9.373093
-14.785514
-29.608203
6.828273
20.207081
-0.879321
26.239963
8.931321
-13.951603
-1.638962
-2.595277
21.130848
1.703382
9.168309
15.082743
-4.530637
21.505471
8.114907
8.199505
-2.650980
-1.018297
-3.501531
6.374056
-9.073975
-7.090764
12.398576
20.694249
-5.590392
0.789710
9.168578
-7.784663
3.607587
19.510350
-19.352929
-1.459276
-0.066652
22.243840
-7.007108
-15.031213
-10.148926
-13.531482
1.517950
11.796164
-8.640530
21.183546
6.555824
-29.354817
9.500440
12.576678
15.112345
4.897794
19.140919
7.842380
3.224904
5.526785
0.478198
-6.694121
-8.859609
-20.695026
-14.632520
-24.965018
-2.791651
4.850648
-5.634519
-1.401079
9.420146
0.197688
-3.195379
-21.943062
-4.009381
2.539823
-2.095111
-7.784924
-3.555551
-6.752430
-3.097996
6.957956
-4.443237
-4.112061
-12.346340
14.117980
-18.159381
-9.919803
-16.040494
-17.249910
-9.919505
13.991508
7.456133
-10.550631
-3.443900
-11.139689
10.200389
23.199360
7.099213
8.480034
-7.709297
-24.549149
25.145703
16.095492
9.336304
1.867909
-6.336679
-6.446808
-17.452872
-7.050916
12.719456
-15.826342
-11.688455
-19.515023
24.950613
6.401431
13.691140
-22.032509
-1.334650
3.774391
-0.243597
12.861568
-16.251552
-2.081517
25.176260
-9.643583
-6.370711
12.041066
3.065846
7.118494
-11.936582
-10.345027
2.512826
-11.586972
-3.273046
15.037935
-9.566399
25.721369
4.129173
-10.612122
4.021795
24.460563
9.820105
-2.047760
3.933244
18.900655
-13.315889
-10.587189
-17.352838
11.743686
-7.405670
2.938447
0.790585
3.086261
-1.356341
7.094389
0.291514
14.653950
-0.005879
-26.593702
-5.769673
7.738448
-13.507967
-0.111916
-9.416046
26.499308
18.531280
-7.711826
-0.711469
-2.132861
-0.592595
14.020295
0.822622
-4.416163
13.418144
-15.245090
22.492866
-1.904504
5.775804
-10.242923
-11.853943
7.688285
6.410836
-2.801479
-9.175106
-2.816667
15.078708
15.290447
-7.836903
11.595746
-13.377058
-12.543247
-5.527607
0.574079
4.371331
-1.409581
1.660212
-2.578342
-9.318893
-2.940651
6.841858
-11.156916
-32.416136
-1.248657
4.579740
17.788923
-6.200896
24.057142
-12.335998
0.005365
10.064463
6.292824
1.544011
17.690254
-0.800501
2.958366
-4.096598
-1.712416
1.645533
-9.048684
-3.978127
16.141977
14.031629
18.853367
-18.915274
-18.221022
-11.649546
-17.160147
-4.941951
27.542450
-21.997104
12.556778
11.483380
-21.540909
1.190840
-15.139330
5.144203
-3.481352
-1.402314
-14.740045
9.960665
-9.174079
-1.083376
-3.340851
3.680321
2.512860
-7.024941
-11.708438
-12.371289
16.517414
-3.826403
8.345113
-2.424786
-13.646489
-7.060178
11.006814
-4.121514
3.466668
3.504452
-1.145682
22.118226
2.926609
-9.876807
12.836148
-12.510518
-2.375847
-3.849499
1.840607
9.618975
-3.980692
-3.684377
-8.335704
20.388075
8.780008
0.445297
-14.846267
1.592681
-0.467522
5.391480
-9.168322
5.578936
3.214829
-15.660307
6.103570
7.858849
11.438745
7.528043
-3.680806
8.247753
1.193127
17.138356
-18.569731
1.785607
-8.952806
7.601054
-19.500365
-13.608478
-15.457194
-20.527108
-20.806439
-1.428359
19.540688
-2.937844
-2.964022
-0.017937
-10.028473
0.972183
8.233741
3.702191
-1.954446
5.120418
5.735307
-4.535682
-9.383570
16.360777
-6.556536
9.316569
-3.393442
8.821142
-11.875028
9.955633
1.242819
-5.388825
-15.547779
-8.844238
14.634446
9.017688
8.048991
-6.928294
9.171308
-7.785494
-8.446889
-13.970097
-0.902971
-13.362547
-4.208467
-6.880882
-16.628803
2.438319
0.711343
3.132329
11.415413
-9.056665
-5.560961
-1.783193
5.117085
13.710682
-10.347931
10.998121
-2.261775
7.023365
8.267269
4.211975
-0.738420
-4.561598
-0.062837
-1.195198
10.407634
17.263847
-6.376955
-7.179076
6.040353
1.051033
-30.089481
-8.470674
16.749930
-18.641645
3.396485
12.432283
-3.332323
5.864810
-2.731558
-0.363693
7.687516
6.852852
-5.308653
2.146203
-2.134841
20.632767
20.647362
8.752847
5.907189
-8.655462
1.386349
-6.418473
3.010908
-7.211573
-1.946805
10.418597
21.169156
-1.405539
-7.007580
-6.111051
6.973090
9.138699
-29.204795
26.137127
-6.762002
11.125920
-12.100626
10.068814
4.250112
29.338257
7.418627
3.802826
-9.177780
4.139610
-3.048055
-18.298470
-8.360454
3.202054
10.403352
-1.999240
-17.992392
15.405161
2.493810
-4.749857
-10.054900
16.347224
19.290910
-16.242746
-14.059321
11.389081
4.598061
0.728205
0.537003
-0.574445
11.751620
5.499140
-9.519734
4.428235
3.041790
-0.984879
2.168937
6.192741
-2.076123
13.661522
-3.877416
-25.796134
-1.369218
-0.588248
-7.807378
-15.433881
-8.830866
-14.313496
8.902318
-2.828771
-24.033743
-3.183489
-15.596972
7.038115
-11.061137
20.195293
3.554108
-0.651999
12.135272
0.761363
17.016919
-23.645988
-31.250152
5.427099
-1.950178
25.750373
8.137171
-7.596996
4.177415
-28.200368
-5.741953
-13.278480
0.169921
-20.080227
-5.105477
14.726381
13.325209
-5.186744
20.092553
-18.356104
-7.737035
11.474954
2.200373
7.203312
13.292929
-6.079483
-2.953462
-23.205561
-15.926831
27.157596
-1.592087
-17.615867
-3.325342
9.894544
16.397804
5.024784
-14.253960
12.638100
-4.241978
-6.277922
-3.943865
2.850432
-8.216236
-11.815529
2.149450
-0.510340
11.591415
8.192261
13.682593
8.714363
5.869523
12.652563
-0.997492
6.792704
2.971782
-5.557338
6.240798
-6.419190
-10.160018
0.995228
2.976186
8.536428
-4.701946
-3.936604
-18.435176
5.829311
23.068602
-9.408557
18.604624
-8.667492
-10.072995
3.969000
8.511036
13.939611
-6.361629
1.343354
-5.565568
14.189312
4.693904
-2.849438
-13.411416
11.436852
-0.388290
7.039869
-13.480914
-14.841823
-9.751195
7.559871
-0.272885
-9.271509
13.517959
8.595207
-14.128703
-7.356833
5.998477
-4.770295
19.190386
-17.765534
11.602035
-10.173744
-12.627912
1.174111
2.849698
-1.018418
-31.977248
1.724000
1.018065
10.799715
2.570180
-11.468459
-17.659465
12.606751
4.125361
-0.988673
9.032170
-4.602258
17.907934
-2.958307
12.665448
0.016721
15.668344
-3.349363
-4.171590
-20.752579
-11.368107
1.167253
-5.915052
-17.417681
-3.655796
0.151755
-15.949861
11.533908
21.307650
0.795604
11.298961
20.926929
13.812222
9.995522
-9.787243
-6.431057
3.394969
-4.621457
14.460562
-4.444821
-16.787082
6.940587
17.217859
-12.397482
-15.020252
7.563357
-16.588848
1.480037
-5.949943
25.088744
13.408753
-6.581305
-0.034485
-5.418819
5.036955
2.410413
-17.429419
-14.163761
-8.560896
1.310533
12.224096
0.384840
27.489727
-18.012994
1.156905
5.922889
1.523017
-10.071915
17.119972
-0.711595
8.849004
-11.247239
-31.053490
-7.712662
8.739910
8.120529
3.005677
-18.388450
-3.402061
9.400368
-17.026848
-10.486912
-8.907589
-18.061298
-9.941374
-11.234636
-9.655727
3.421475
-23.787687
10.175272
1.028353
12.269462
3.358372
-11.339677
-8.188903
-6.672737
8.567571
20.978407
2.057701
16.760603
5.492118
-1.933959
-7.902233
12.269343
18.021091
-14.875208
4.546822
-24.110771
25.069741
16.942251
26.463327
-16.282594
-22.905202
-20.399241
-2.470535
4.596172
-7.173499
15.061390
-7.693296
0.425322
5.213325
4.422200
15.836333
15.410904
16.427585
15.856376
5.151547
-8.651267
1.866366
-0.194320
-25.183353
-14.378110
0.895659
-0.693744
-8.874489
1.233057
-21.187414
18.655967
2.533024
5.545095
15.241722
-13.620025
4.038816
2.628953
-2.254644
14.805428
7.257677
26.634039
-6.695994
-22.768673
13.753123
-13.257299
-1.161253
-25.002544
0.980971
-10.516679
7.552036
-9.324384
-9.696808
-7.041545
4.071742
19.995419
-17.059834
-6.203084
13.837463
1.310387
-5.236978
-6.916338
7.887339
-18.520123
-15.447294
7.556926
-11.300215
17.632738
-2.174156
12.459347
0.334244
32.898294
23.667094
-3.708994
14.606845
14.243166
14.489625
4.333663
-4.802527
-13.438845
-0.290777
10.647003
-25.255755
1.988706
-0.451008
-2.545720
0.143210
-5.949076
6.580863
2.867374
7.125326
-4.358436
-5.084045
-10.534553
15.834131
-0.653692
11.579971
6.084610
-7.341475
5.414358
14.229822
-13.162411
-8.677783
6.747467
-7.896987
-10.756861
3.633095
16.517568
5.483160
11.267127
-18.684994
1.284913
8.471970
6.024811
-20.130180
0.067700
-19.122541
-18.472069
-15.384960
-5.960729
26.615261
-17.276693
10.785443
5.081154
13.505690
9.040506
12.147500
-12.390841
4.860647
3.904167
6.205172
-13.054012
22.005763
9.049058
-3.018347
-12.604134
19.981377
-7.847331
16.082239
-2.995714
3.012638
-4.018864
19.032739
9.085760
11.302748
8.198766
6.519983
4.468949
-8.467306
-24.043291
-16.297351
2.582355
-10.545034
0.028575
13.952524
-10.429868
-8.844187
1.405219
21.766224
-20.563962
-5.789317
3.808938
3.464097
12.140748
-15.154002
8.640933
8.062612
3.431048
-2.426849
9.923606
-24.775776
-7.260836
-9.017732
-4.512709
-16.962985
-0.317382
-0.467625
12.305974
-7.037944
-4.321966
10.840014
-8.725063
20.723689
-26.728749
4.093705
-9.948696
0.605493
-31.334225
0.629056
-9.111353
-10.861048
4.523545
-25.025620
-3.907871
-2.794053
18.307428
-4.710219
6.739668
14.417408
8.838238
-11.144615
-21.470963
-9.649220
-5.711171
-9.565562
6.618213
4.189063
-12.253547
-5.586147
-15.229295
-3.017819
-14.914913
1.773932
2.303818
14.358014
13.008651
21.665641
1.676242
1.865743
-2.109645
11.388124
-20.384730
11.866450
-10.814104
10.820237
-3.906643
10.140818
-27.763945
-0.444792
-22.548661
3.332109
2.752819
19.294420
8.585110
-2.929697
1.144883
8.359170
-4.454972
-5.114869
14.958654
-17.275146
4.674224
-10.831719
-6.182035
12.022035
24.268441
-27.013463
5.299700
7.200683
9.054073
-4.813725
4.366294
1.989524
7.473296
14.545534
-4.263693
-13.002829
-8.322779
9.470894
-16.687844
15.078767
-15.905878
10.727051
-19.116378
13.500104
-12.963386
-4.986142
3.182704
-4.092385
22.101042
-0.084516
-10.102676
-12.527398
12.452044
-8.890385
21.322755
10.270070
-5.995469
-14.658120
10.872244
-2.193959
4.244130
10.035130
4.840331
-14.721467
-0.965581
18.356934
1.619892
17.133952
16.952426
-30.620066
8.383720
0.485980
8.051899
-17.498186
-7.784120
-2.335608
-10.152188
-11.441670
3.480409
-1.645531
-21.925094
-5.368091
-12.040998
-21.665797
-9.438936
17.153193
5.995034
12.263855
32.210866
-3.738328
-12.513995
-6.948965
22.302963
-3.093380
2.653555
3.888782
-0.670864
-11.130798
12.247973
9.473458
9.379512
4.279190
-4.444223
-14.516723
8.794291
-27.601176
5.025224
-15.680638
9.895517
2.725482
-6.319295
2.969267
-3.601265
-0.446383
-0.116817
4.768594
6.806592
8.455545
7.073436
0.268457
-6.222931
5.729648
-6.957413
11.816485
-9.631779
6.829211
-3.609924
3.347358
10.964123
7.285900
-1.923784
-22.576419
18.756876
3.875025
1.266437
12.259001
-17.738328
-2.269391
-2.935424
10.734173
-11.080672
11.048493
1.961714
14.030814
-3.759530
-3.648930
-6.565870
24.352395
2.685316
5.144503
-5.620007
10.660824
-5.901630
5.445934
-23.462990
2.520853
-14.325115
2.419914
3.438686
7.962158
-1.394254
-9.128529
-2.660534
-9.221304
7.061346
2.394848
0.527025
-10.680502
5.650715
8.754972
-12.279646
11.272112
13.364354
12.048225
-2.148191
10.046411
-6.411501
15.613923
-10.325965
-17.331721
17.231011
14.648931
26.993601
-24.449730
-2.026426
-6.670138
8.176437
3.114971
6.839229
-16.448711
-3.279005
18.990445
9.325864
-12.241424
-14.331157
12.182395
2.185344
3.566165
-15.087260
7.549003
11.840871
-25.354758
-10.055958
7.545679
-3.561847
1.139022
3.928554
-10.723182
7.756673
-15.629053
-4.938480
15.852299
-6.839922
-8.281321
-7.013441
3.673728
-15.271989
-0.986585
3.705974
-7.986373
-12.289572
32.552578
1.295695
18.672724
-12.293569
-19.560509
-12.163542
-11.631944
-1.830537
10.950898
7.192433
9.899603
0.018863
5.528008
-22.921846
5.224168
3.477031
-4.035896
-16.829412
-5.804395
-3.373829
23.962629
5.745553
-9.412212
8.402439
7.275769
-6.737315
15.087526
-23.883028
-10.622959
0.773461
5.351393
-1.413907
-19.166913
3.618403
-0.364233
5.759023
-2.031431
-5.372020
4.534003
5.825638
-11.631030
11.261708
16.195040
-5.749295
-7.762832
-17.000531
-7.023161
12.783536
0.273239
-6.670078
1.764239
-13.244082
5.855282
2.806554
-5.337616
1.021837
11.075034
25.961402
23.662636
23.366037
-11.142540
-10.554228
-5.748721
-5.346370
6.331816
-4.055751
-7.971489
2.681514
-7.434368
-1.374793
1.110424
9.578735
11.278249
7.416421
-7.834573
-5.194287
11.604891
-18.369573
-11.037309
-15.020599
13.129973
-3.301661
-6.443885
-2.008825
-3.829847
23.748946
-15.166966
3.538735
-25.423511
-4.309023
-7.064979
-14.207524
-7.598574
13.060884
18.337365
3.307524
-3.409207
17.592847
5.948238
-1.475116
-3.733933
-11.899543
-7.676345
-1.464138
7.325840
4.632691
25.791831
5.158700
4.397548
-26.007143
22.500419
-2.028105
-1.558896
-0.134297
17.142019
-11.561356
-12.455078
27.499544
10.674690
-2.260776
3.971466
13.492246
-4.517193
-0.567282
19.256323
-5.544833
11.556432
-18.029249
-5.117113
-11.387909
-14.747808
-8.309585
15.183298
-2.429917
8.077788
-2.285818
2.953015
-2.202350
17.933320
-0.489954
-6.183299
-1.339402
4.817955
-21.148160
1.851925
13.096446
-12.861221
-11.560127
-23.935747
23.196159
21.266694
1.768283
-5.738822
29.601689
-9.095660
-9.796746
13.641057
16.009538
-12.891894
14.457953
11.572704
-9.478806
13.005331
16.152000
1.108104
-10.643400
-10.238598
-3.439660
-10.439047
2.821807
-22.591524
3.058739
16.978155
1.795565
4.170591
4.050597
-17.810742
-0.351183
-14.108667
-24.413638
1.958331
21.966792
-1.794812
4.658297
-15.758776
29.687041
8.701086
-22.943355
4.581368
4.185144
-12.492953
-21.435191
22.064864
-0.632365
-5.408412
1.959077
-13.364263
14.216095
20.486870
-3.002085
-17.173464
-7.079944
-9.289490
-2.072047
2.767613
0.635133
2.135977
2.783106
12.194733
34.791909
-3.205025
-28.232459
-5.332347
5.227398
13.548755
-1.940475
-7.834070
-7.160687
4.203815
-21.162529
0.583144
6.177078
-13.753562
8.575895
-10.220054
-0.728851
5.503037
21.266200
-8.583686
19.014868
-5.518372
-8.929738
-6.231503
-2.336380
14.916520
3.949312
6.584507
2.611636
-13.401986
15.591525
0.370089
-2.842152
-8.085397
18.977670
-17.361717
0.206925
15.206365
3.079552
2.352952
-1.565714
5.051173
9.184028
9.001898
16.510419
3.615489
-25.260429
-2.647689
-20.116883
6.821549
-2.049662
-5.935231
24.048710
-23.888892
22.239530
-9.960175
11.991877
-0.524988
-0.148435
17.350156
5.830074
0.325403
4.820531
15.876889
-5.834997
-22.582119
1.934629
4.855955
-11.379842
12.824552
14.943119
25.404600
-13.301174
-19.015741
-1.866849
6.956717
19.030704
-9.263259
-10.796905
10.327628
-17.523671
-20.118778
-5.180327
8.581950
-16.519260
-18.400588
0.477347
-15.918558
10.131841
-10.629700
18.610799
16.668928
5.382754
-0.457879
-1.755315
1.994856
-1.031735
4.379410
11.739809
13.029068
1.385238
1.289783
14.052954
-3.488373
7.214094
13.728544
5.333301
9.298427
2.296742
7.800252
5.850637
-10.578946
-18.893221
4.550538
7.341922
17.193164
-16.860521
-7.757810
24.153061
-9.285276
7.012372
10.496652
-17.069972
-10.057269
17.489155
0.020022
10.590933
-18.330825
-24.987852
-2.792815
-20.444689
10.139756
-19.360013
5.803833
2.313565
-12.207522
21.738440
-22.601667
-12.060218
4.330693
-23.551380
-2.884835
1.878148
9.369324
7.403112
-12.119153
5.532488
21.332743
0.964093
18.863885
14.919139
-2.748750
17.534568
2.343030
-29.807298
14.813686
-7.048737
-6.820763
-20.260672
-4.403772
-3.922681
-3.157031
9.298626
-12.032640
19.911836
-8.262898
6.863833
10.563799
-9.543785
-0.414752
13.006531
-10.142328
-17.132290
-3.380203
-1.749878
-0.747119
22.831496
4.252061
-6.162960
-7.227069
6.682694
-16.826818
22.321712
19.455551
7.042588
14.324182
2.922772
14.492198
7.096253
0.615730
-1.509883
6.566090
-21.483796
2.092429
10.634906
3.862206
4.877082
12.118482
2.790667
-13.750212
8.356591
-12.616846
17.824464
-10.636572
-12.310281
14.493492
-1.538464
7.712830
2.720269
-2.686441
1.170684
-23.038258
13.003891
9.914505
3.049681
-7.280280
9.030518
3.749545
14.543841
9.347303
-8.314625
2.556348
-0.389719
-0.124580
-0.457094
11.179452
20.901662
16.592491
6.300181
-10.804016
-8.440109
-11.457832
11.436010
-8.173947
1.846192
2.437863
-12.746358
-14.941378
16.089754
-4.493466
-1.165032
-16.477007
-0.870638
-12.121173
7.617125
11.590601
9.734414
14.186241
0.580374
-7.564295
1.959029
6.958033
5.363951
16.028714
-0.780667
10.116054
-10.158998
10.214080
-11.099823
-10.043622
-3.363990
-30.224910
-3.979122
7.087079
-10.477046
5.487290
-6.638565
1.751311
-6.832039
-10.861226
1.901167
-11.122756
-4.866214
-8.047985
-1.532876
17.879474
13.497238
-3.626144
-1.459174
5.619419
-5.391183
-6.170889
13.071692
-4.537347
-9.259428
28.915653
24.101489
-9.566066
-7.466392
9.179835
-0.415964
30.213371
-3.906356
-5.794864
18.197916
3.104199
-7.757469
1.187660
-7.592521
12.348249
-13.264898
-6.586237
6.583171
0.305840
-1.433026
6.720972
-12.219436
2.191334
-8.443861
-24.017827
13.334183
0.301155
17.214123
17.204533
2.989617
14.834461
2.025425
-18.779820
0.850912
17.259101
8.087878
-12.803920
-0.116247
4.638903
6.007544
2.108907
-0.097005
-0.887499
18.307810
-16.527212
-13.499351
19.819308
6.711002
-2.381829
-3.926375
0.286600
11.324451
-5.137732
5.082406
3.797671
16.714781
4.628126
0.196737
-7.293383
0.200312
-10.512099
2.890252
4.467631
5.026766
-5.669994
9.437182
-20.508951
8.563723
0.852715
-4.825263
31.452678
-9.034116
-1.380160
-19.821415
-16.858969
19.761318
-13.502376
3.630098
4.362114
-15.142317
-28.317058
15.195485
-6.097990
-5.512134
-0.081739
0.704191
-4.109876
19.814798
8.735818
12.202812
-6.872819
2.656316
-5.504604
-4.438977
-1.699140
-8.078496
-12.062752
-1.235003
-8.408458
-13.683233
-14.294201
-19.508832
14.703647
-1.341403
-4.540072
3.545460
-5.096017
-2.413769
-17.307778
-14.145776
-0.457319
6.223239
-8.769199
1.904960
14.083984
12.402170
-19.109932
9.429632
-7.634955
-18.509326
12.922339
-24.422736
-14.142423
1.574136
0.670728
-17.569370
-4.502563
-5.881265
-21.075496
9.005395
18.269244
11.806825
-4.635269
-13.846062
6.693999
4.651290
1.405156
8.630666
-21.107453
10.761393
-3.288022
16.957378
-18.078486
-25.307015
-5.287276
16.284256
-11.930194
-7.840075
-8.812271
1.497393
-4.347937
-10.143677
5.380301
7.421540
-5.733596
-8.843849
10.048210
4.723093
16.781052
0.295326
-24.350606
-19.592214
-17.181524
8.670355
-4.891740
-3.626875
-16.112961
2.644186
15.645913
9.451275
-2.687031
4.565428
1.444483
27.175339
13.919982
2.542568
4.230166
-16.147202
-24.459745
-8.643612
15.464989
-1.597974
13.944300
-17.971091
-22.312649
-19.612936
0.279902
-6.781749
5.425172
-4.906282
-11.403875
-11.849396
9.838805
-18.994605
18.854412
10.028781
-2.826123
3.898829
-15.291603
-21.905409
8.902286
1.446882
9.570313
16.999933
5.803737
-9.404030
-14.977208
5.076701
-4.892355
-21.481431
-1.750612
16.718098
-13.127231
5.108188
17.093669
14.672642
10.442868
16.108596
11.371305
17.879410
19.366612
-6.678645
3.928969
-10.235083
-29.336120
-11.431483
3.474543
4.013763
-5.032294
11.552409
-3.979397
12.231049
11.042253
-12.145518
-3.653921
-7.032205
-1.452863
-5.151285
-2.535041
24.928340
-6.814394
-17.410937
0.966384
-12.626192
-16.958756
-10.096706
-0.738486
-15.371625
18.399182
-13.760918
-8.972322
-17.993520
-3.691599
-5.689322
7.843042
-3.237589
12.550814
-2.498382
6.134034
11.948826
-13.700686
-5.412180
26.651794
3.406976
-5.881587
4.375867
18.379478
19.762247
1.173201
1.638243
17.626352
-1.847477
6.882760
-13.201386
3.147630
5.785987
-0.471427
-16.901125
-13.798003
5.200901
3.372351
26.931375
-2.501400
-6.600781
-6.096910
0.725668
-6.810024
5.106607
-0.180777
-3.676161
-10.928203
-12.312818
0.799621
4.971741
-32.071662
20.169250
0.286468
-0.114251
-4.993927
-24.197213
5.099350
-7.556872
8.244555
-8.467013
3.872461
-8.320537
5.394407
11.663440
3.614964
-4.943600
-19.251173
20.398745
-4.559718
-0.775493
-1.082626
11.719320
5.850740
0.832487
-10.396590
-6.934337
18.113388
10.208070
-4.484549
-3.360232
-1.132730
6.818110
-7.810037
-3.535949
7.140790
2.619482
-4.330503
8.677582
4.275691
-0.768361
-2.314393
-6.288795
-17.091456
14.930426
5.776428
16.612856
-1.995233
9.783010
-9.495027
-14.583760
2.295692
16.480886
-8.279750
-7.798091
14.258966
-9.473595
-18.351340
1.497803
-10.904801
12.444775
2.743451
-17.472394
4.540703
14.584417
-7.276418
10.961934
12.931117
-19.497089
-11.908219
11.015357
-9.936925
0.854959
22.071478
-9.845582
6.219326
18.094363
-2.718004
32.077746
5.143803
-9.742342
-25.699650
-2.534621
4.417676
12.067712
-11.150815
3.789875
16.641765
-14.358540
-0.108141
-16.010629
28.857503
10.269346
10.759494
-8.240364
23.933200
16.520249
-14.901992
-2.331819
25.313811
-4.440727
-7.546667
14.436530
5.102023
-18.126354
-3.448690
12.376775
2.756029
-8.469793
-3.233800
-11.799506
5.433978
-3.469846
-7.964805
10.942099
-17.492493
6.113626
19.648825
15.181975
12.852762
-5.255957
-1.236615
30.180413
-4.111820
2.549187
2.240024
-19.293105
-4.009575
2.906775
7.347666
2.248673
-8.330409
13.460476
3.672197
-9.699648
4.130109
10.929014
-8.773083
21.101694
-7.378650
3.196881
-16.768202
8.470304
-12.785957
2.041566
-2.541472
-5.057810
-3.411465
-3.833066
-9.630892
4.403770
-7.794791
-29.985950
1.720005
4.866628
18.354475
-9.442678
17.080272
7.494295
-2.816369
4.572613
-3.367861
-2.570542
1.906377
1.983923
-10.080343
5.845794
-9.067420
-5.401300
-16.028280
-6.323444
-1.427659
6.469690
29.782277
5.167356
-0.705396
-0.649892
16.461238
-11.179221
22.264087
-1.539039
18.859504
-8.475992
-8.385179
21.204826
6.876749
-2.471170
4.686917
-2.174811
-5.521355
3.563267
-4.246151
-9.660604
11.134453
15.492927
-8.509848
0.291168
-1.912310
-17.500458
20.256063
-20.732475
-10.446677
11.906964
-0.157804
-18.051889
-6.262041
-3.276495
-14.397668
-8.572783
16.831773
7.800294
-14.222808
19.068800
-9.192649
5.733774
-12.228182
2.677347
-4.400170
-1.127673
-8.844345
-5.038695
-8.994890
-5.444941
5.917475
6.248893
7.537106
-3.897140
-23.602181
-0.648340
-2.358184
-10.904732
5.896700
-3.257397
1.424734
-21.734302
0.785675
0.282082
7.050308
4.132707
-6.693292
-10.279194
8.303011
7.177309
14.100176
-17.744323
21.282208
-5.461608
2.949732
-13.975710
8.693324
10.681860
-7.502355
-8.839832
16.183268
8.745801
-7.174586
18.547117
-13.356259
10.280734
-8.028545
-5.789556
-2.041831
15.632403
-7.352588
3.243314
11.196043
1.744782
2.197749
3.860574
5.441835
-7.806114
-3.053912
8.943278
15.028873
11.826999
-16.299347
-9.506389
1.069053
-11.873148
-1.263731
-1.059411
-9.284085
5.135202
-2.375570
0.820629
12.487332
-10.000691
9.107591
5.047709
-32.197413
6.872752
-5.138368
10.958366
-35.766318
20.895097
10.892865
-5.724881
5.861826
-5.230326
3.430911
17.383005
-2.919211
-11.456535
1.323609
1.817654
6.913487
-6.414816
-0.116462
-7.566736
1.504302
13.877399
3.197780
-13.680109
9.658993
-0.688002
5.581167
14.560666
-16.364150
18.886629
2.495833
1.518841
-8.149578
-16.133826
1.268257
6.958132
-2.228337
-4.694789
9.899433
-12.360270
13.281662
-5.591855
-7.948320
7.350317
11.044373
-0.655505
-8.984600
2.829273
7.822331
5.888537
-11.149091
-2.543170
-1.460748
-3.606109
15.223321
4.637883
-9.604249
4.031636
4.714322
-12.201455
3.060503
-2.939140
4.632777
-4.375418
-11.425665
-9.672016
5.771167
14.022376
-1.505366
11.694865
-16.447453
2.033375
-21.991521
-16.207504
17.587042
-15.821043
1.978897
6.753667
4.429133
8.165542
0.630766
-1.536371
1.733558
-22.365064
11.882137
-10.767690
3.630143
-0.581746
4.742840
11.439344
9.484526
16.794197
25.291505
-8.491401
11.789409
-13.500752
-2.447953
6.264267
1.580801
15.243676
-3.654737
7.989357
-9.451427
12.685432
-6.031043
-12.877045
18.616562
-12.732242
-4.472709
7.131821
-8.618201
-12.597857
-11.887255
9.721064
-10.344200
-0.696101
-16.586944
11.089729
11.719503
4.011522
2.533261
-1.875022
-7.021400
0.686552
1.179622
-7.122449
-12.133330
-3.096753
16.949078
4.529313
-2.448097
-8.091701
-3.122535
-3.654872
10.721177
12.264541
22.896697
-2.077911
-23.548883
9.757712
-13.647921
12.860937
-7.157768
-8.084698
22.687170
-4.465254
-3.146274
-7.202523
-6.172196
15.505068
11.179190
-5.468349
9.460176
28.699153
17.503110
6.462455
3.083926
-27.293771
-10.041682
29.770099
7.663710
0.159271
12.556416
-3.682955
7.704036
4.587460
1.150079
-9.642786
3.889135
7.781014
-23.700443
14.657238
-6.356144
19.308386
15.697578
-16.285740
1.250403
5.222874
-10.464333
-9.276506
4.224797
8.019619
11.898716
-1.316628
-12.602822
4.965466
-24.926654
-2.306916
1.970986
-0.114380
-12.440426
3.090950
4.348362
-18.747519
4.896703
5.789015
11.796293
12.048262
-2.785962
-16.772806
-12.995527
-19.673081
-16.947461
-7.898446
3.146449
-2.941562
-2.370887
5.097247
-0.989589
4.265869
-16.014586
4.369137
8.745638
27.490440
20.516607
15.255580
0.593065
22.576995
-8.843601
4.220276
-13.691802
4.299405
-6.426712
-14.120655
28.247088
-5.623827
-0.506163
18.952331
-13.002825
-1.716084
34.247474
-3.773800
7.084215
0.671259
15.389043
11.354066
14.516938
-0.258925
-4.723879
20.064297
8.542432
-7.672080
13.645920
0.572200
19.055604
1.401959
7.325205
-14.942339
-11.726807
-12.575743
-5.822148
4.654375
-5.084311
-7.549541
11.429306
-12.317761
-7.246962
-9.048883
-15.382322
19.817509
-6.045266
-7.247637
7.149183
-12.543648
1.093849
-10.405634
7.171632
-9.410587
4.686234
-3.941949
-14.628394
-3.748180
6.863405
-2.477221
3.907876
-4.678729
-7.017607
-2.739276
9.710117
7.383979
37.558673
2.661160
4.179012
-12.738327
7.091818
-1.410180
-7.594472
14.857773
-2.879356
-2.410544
14.707618
1.001822
8.051530
0.914089
14.092465
3.166130
4.916543
7.714402
9.846860
3.089505
0.854945
11.210156
11.523026
-15.582009
4.223018
0.099664
15.854115
2.998986
-10.609595
7.133159
-4.388007
-1.753017
-7.853537
-0.724179
-11.505018
-15.525632
8.902910
-0.876297
-9.786804
13.992193
-2.411899
7.642010
13.700718
-16.597440
2.273993
-9.963691
10.265758
-0.325070
12.385774
-19.904877
16.738868
16.531554
20.297346
10.918063
2.441767
-6.366718
8.318389
-11.279194
7.918505
1.179429
-5.784457
-6.204198
-12.416122
-1.563271
-1.095234
14.859031
-12.672732
25.953229
-4.379324
2.289950
14.007484
11.633323
-10.246337
-7.649515
10.091228
-14.660711
22.880575
-3.940921
4.647072
-4.859483
-14.767491
-4.717476
4.384409
-7.787108
-5.509112
-1.106518
-10.112134
3.422298
7.022037
-9.504378
18.933998
7.443726
5.255293
5.827279
-7.016250
13.996017
-14.678024
0.729759
-5.486381
-3.020018
9.347603
2.436591
10.345702
-9.383916
-3.339375
-7.162286
-7.367285
-7.394432
15.983133
-18.897046
-5.681325
-4.733333
-5.896484
26.251982
21.357329
-18.924376
-6.046716
6.257233
-8.111727
-9.603445
-1.307566
-1.910688
5.565892
8.193559
-0.792044
-9.779312
-3.891773
-13.697186
-1.431206
7.204269
-0.182206
10.671034
3.567905
-9.294633
5.295957
-12.568506
16.058313
-6.487696
-15.697069
-13.928717
15.791248
9.874236
-20.879815
-19.809647
-10.727028
28.330013
9.653511
-9.513270
-2.557178
-8.394447
-10.915054
-0.428735
18.875529
-10.801132
-1.375071
1.201129
-10.448750
1.444718
21.947692
-3.876914
9.720418
-2.981505
-2.404035
-8.397589
-8.361007
-2.399207
-14.560763
1.992060
-0.671411
-8.346423
5.156577
-2.405915
-8.487969
21.857728
4.217462
1.797185
2.724964
-3.651176
-0.957412
6.084789
-9.729499
-17.735186
-0.542783
25.590853
5.833813
-5.144259
-0.910022
22.940537
5.682092
4.962037
3.219112
-5.241998
21.595377
1.521848
2.444307
-24.116699
6.550544
0.687896
-3.815707
10.557016
-0.162719
11.940824
8.409325
-8.895806
9.162864
11.873725
-8.359777
-3.460933
-5.607793
-9.513139
-12.709299
-6.814298
27.686614
9.877822
-0.892491
2.611861
-6.597155
8.025156
20.704059
17.823392
-7.214862
-17.549177
-7.127368
9.540356
1.828872
-3.185152
2.511697
12.050401
-2.143844
2.685877
21.048489
2.979176
-13.656633
-13.075158
-4.071898
21.725592
5.119283
-14.328544
16.682803
-3.524227
7.519136
2.682192
16.713319
-2.857393
-5.584375
11.496210
-8.249709
-3.097803
-2.676970
4.601690
-4.620706
20.264370
0.460000
10.869934
-9.056431
4.937789
-16.935640
-4.000272
-13.581854
9.726497
-4.796723
-4.734808
-17.162940
7.017811
-1.473899
3.975320
-7.186993
-8.609200
9.836339
0.937442
2.432135
-12.345713
-8.978224
-22.430618
11.484704
-21.679141
-2.702086
-0.749893
-16.103977
18.963384
5.221407
6.292231
3.768396
-14.138859
-1.884970
-8.778893
-0.930493
-3.464400
-7.970525
4.661194
-3.400354
12.709076
-33.770548
-9.319162
-14.485323
13.995358
-17.517155
-3.050880
-5.923110
-19.363728
19.983544
-17.275777
12.242218
-9.873014
-8.403304
6.761441
12.923629
-6.344054
4.502958
2.676607
-5.101076
-3.468593
6.236033
-8.318772
5.970265
1.897635
6.355729
-10.304676
-3.008123
-20.053652
1.725571
7.122746
12.212531
-1.356418
2.018234
23.881031
-5.114645
11.268416
-14.637606
3.278222
28.230978
8.190904
-0.637697
2.856376
-5.128725
15.492759
-4.176058
-23.705207
-15.091964
13.922455
6.975682
0.128708
16.197020
-13.453524
-5.607088
-8.248129
-5.201899
4.241754
10.891453
1.699130
-8.259850
7.236583
26.143064
0.627623
-15.252304
-13.918689
-1.260785
22.617952
-13.879977
-0.239733
-14.012124
4.967154
9.448548
-21.301947
-4.204127
-1.287842
-1.095082
-18.092368
4.901776
-10.204874
-4.599813
-9.906498
-2.261572
-13.046557
11.766165
-1.401781
7.857159
-1.180493
3.406498
8.501571
1.757108
-10.840254
-11.098059
-10.563302
10.452904
-9.788768
-13.510760
1.486656
9.136718
3.055280
11.594496
-3.288595
8.307567
8.119280
11.933481
-8.625016
15.529500
3.151814
5.855919
-0.366615
14.590781
-3.864356
-3.853633
-1.398909
17.069432
2.805020
7.710799
29.087516
-0.301222
-13.574321
5.696565
32.583956
-17.520231
-4.414839
2.497174
-0.180854
0.005098
-6.176563
4.770257
1.438444
-17.258527
-18.326065
-5.058033
4.021019
1.350916
21.106892
0.308407
-11.524461
-0.294393
14.235431
-2.969264
-1.774968
-0.139755
-21.751682
-15.077720
4.200240
-0.143510
-23.246855
15.605856
-1.175691
12.242291
13.797781
-16.251034
7.797672
-15.304290
22.163603
-0.127792
26.456101
-1.523299
-24.231029
-19.055814
2.204720
-17.170453
16.193655
-13.480525
0.417107
2.001224
-3.740034
-8.750662
-2.518982
-1.740378
-2.008621
19.579752
-13.272898
13.085299
-10.507133
11.796906
-9.386759
7.242684
-5.235466
17.700167
-10.284247
-0.378362
4.948427
19.695042
-7.144155
-16.433472
10.039465
-15.201801
4.733340
-18.022444
-4.662251
0.122012
9.765559
-6.366516
7.147481
-8.820538
13.095648
1.749806
25.584621
-12.167665
3.106981
15.527480
-15.230539
-5.653854
9.233712
-6.576203
9.516773
9.994027
7.227357
-4.437855
1.748182
12.368127
-22.956615
12.786717
10.028373
3.091431
-20.014846
0.700669
-0.857009
-2.722621
12.562355
-0.826765
-4.770609
10.820608
22.209248
-16.701850
-1.732572
7.399847
-13.910234
-0.035990
-13.591935
-28.559983
-15.077164
13.755458
-6.986005
-0.916685
18.120955
-0.251897
13.603770
8.542042
-5.678707
5.342626
-31.680685
-5.120345
-22.018392
5.674364
19.968728
1.616852
-27.889524
17.808101
-0.993661
-13.972693
3.040916
-12.061236
5.097032
-11.829614
-8.492806
-7.176337
2.535778
-7.458915
-20.578692
0.788403
-5.289819
-8.540284
4.648004
4.084629
18.468502
-17.177450
14.741414
-10.350804
-0.317597
7.254254
12.500128
24.383937
-8.065094
-3.805394
-2.079540
-17.948765
11.862376
5.146163
-13.775738
5.068016
5.666309
-10.921260
6.933018
7.946140
5.347998
0.604360
13.494591
-12.324675
6.148471
5.942669
-21.520197
-8.475038
-3.125338
-7.518162
19.934176
-5.049665
2.155513
2.951612
-6.792431
-7.167120
-6.633497
6.563871
-20.572602
5.782508
-11.184007
-9.167065
20.818226
7.150537
3.683434
10.386683
-4.727082
-15.971126
5.081163
-14.654774
-11.387643
9.662518
-2.825129
14.733053
8.871144
-6.872423
3.546410
-0.884961
-6.972816
14.921932
10.903248
11.731827
-12.590792
-9.655745
16.739053
3.312953
-4.287410
14.914378
-8.662106
17.141982
3.932215
-0.979329
-7.485176
-4.421957
-2.965924
0.959956
26.060872
-18.070658
14.847170
-7.763956
8.919075
16.679970
-4.485462
-22.890394
0.294655
-0.223954
-2.889520
15.914982
15.900740
3.621930
-0.470068
23.613132
-6.060441
6.856924
-9.608280
-20.701054
6.023296
-0.240323
0.062298
14.662523
-9.872025
-20.016889
9.324745
-6.480993
-0.198383
-13.399791
16.461730
-4.539696
-11.100558
13.459932
-10.011420
-7.302713
9.801307
-19.785412
-3.399640
3.223016
14.870129
9.864484
-5.297679
8.917718
-11.540605
-2.782805
-4.316403
0.923445
-3.843377
7.852598
-1.499340
-0.261373
-9.285529
9.761326
6.769921
-20.773110
2.034711
11.482154
21.368737
22.622669
-12.781792
-4.931467
1.294353
2.213613
9.392152
11.815077
-2.879879
-11.486073
-0.668376
-4.095266
9.569864
-12.262067
2.921571
12.279348
-4.965658
-10.970265
-14.643649
-2.102435
-5.139093
6.371321
-9.922212
-3.245018
9.582047
-14.870044
-10.377112
-1.324823
-3.451051
-9.178870
27.861006
-1.183315
-3.802372
-2.057839
10.424779
5.548465
-19.072195
4.293120
-14.934844
-2.037907
10.733034
-11.435640
10.774454
-7.206236
7.960706
-7.602890
-23.889288
-5.047273
7.196847
-3.862264
-9.334319
6.544244
8.078715
0.245203
2.142494
3.574878
-14.284544
8.113356
-5.363258
3.085596
-21.114069
-2.214631
11.145542
-17.903029
5.178967
-1.327918
8.521839
-2.885696
-9.325092
-4.739211
6.878305
-1.431000
8.609029
1.438405
12.358223
-10.476626
3.767674
8.928334
-8.381473
0.471159
3.066850
12.516176
-1.205826
-28.855273
-2.640009
2.759443
-11.162929
7.673036
-0.552775
-3.804486
10.333575
-0.107549
2.600814
-4.929170
24.180692
-9.274986
-0.460347
4.037092
1.164580
-5.457926
11.337954
8.837967
-9.904565
-12.620268
-3.657128
-11.957393
6.115421
-8.881428
-0.130285
-3.295498
-0.053200
14.843851
11.050389
15.553893
-22.749554
24.533128
-7.847740
18.151776
-8.506577
-12.619879
5.479712
-8.819017
6.313406
33.299357
7.334223
-0.288470
-28.657563
-5.946588
-9.986617
10.482066
-0.156242
3.957505
-6.882197
-13.430656
18.267688
-1.241470
15.358570
-5.451772
-18.688625
28.614084
-24.666952
-13.677642
5.642113
-18.046559
-10.729443
17.087067
-6.643021
3.484873
5.964074
-12.834140
6.904093
-1.178974
-7.593459
3.220372
13.809151
5.226967
1.436289
12.070252
-12.187721
24.546606
-8.955769
-2.336988
-6.380355
2.184811
7.849796
20.257036
-20.858575
-0.205080
-7.786002
11.221538
9.155151
-12.817349
-1.837855
-2.561176
-8.638262
6.105750
19.484803
-8.533461
-10.829875
39.813507
-5.148578
-4.952099
9.574894
-2.528360
18.368930
-16.231619
-9.713853
8.548160
-1.143341
-1.348679
-12.579961
1.319653
-5.998748
-8.346603
11.617701
8.308321
1.869686
27.981586
-1.406477
21.332385
-26.636295
-14.842821
-1.560416
11.353544
6.434789
8.409558
24.045984
-17.274104
16.163444
10.059413
-6.283222
-19.022737
-18.587218
-26.180197
7.611536
-0.524571
8.608792
7.109081
17.842619
-13.367012
-20.464720
6.572963
13.463131
4.787316
7.742064
4.483308
3.778962
5.271025
11.270928
2.091397
20.894066
26.195413
-13.543620
-19.167350
-6.879788
-15.904296
-4.576973
-9.676510
13.581281
-14.731006
13.854428
5.405381
10.592244
-23.528367
-11.640243
-6.165228
-24.280898
-0.731484
-0.889061
18.660881
7.864820
0.592344
0.613399
6.469492
6.074172
14.579701
-15.114654
9.153861
-9.941783
-4.396749
15.640028
-1.786362
4.600314
-22.020981
-5.374546
-30.470461
20.272362
19.694879
-15.021546
-0.010297
16.513942
-15.955055
0.683168
-3.250948
2.993792
-14.690639
-12.482808
-0.046224
9.867282
12.779243
-9.621125
0.875694
9.336487
12.383655
18.551137
-0.793780
0.926075
5.103378
-15.566440
-0.955744
-8.712681
10.899028
-2.291450
-0.617524
44.256791
-13.870081
-9.361040
-3.136187
-0.940690
10.590910
10.796279
6.664698
2.902132
2.623561
-10.037740
6.213087
-11.161726
-15.209629
10.025699
-1.058576
3.492558
10.807862
40.526715
0.249868
7.856154
16.801862
4.002611
-13.295964
-17.705235
-14.269132
-9.589264
12.843656
-12.482968
-10.225161
14.010579
19.642022
5.596517
1.697103
4.160155
-4.410451
-9.213160
7.893515
-16.152966
1.820360
-1.032142
1.244042
0.495072
7.897762
1.525968
-1.312069
0.890774
3.188451
5.571647
16.361764
-3.706768
17.748808
20.858684
-7.218808
-1.533195
15.012117
-13.938941
-0.755395
4.784094
2.241131
24.061768
-17.358340
-29.366817
0.990794
-0.791373
-2.184131
3.024198
9.252156
-8.065606
-13.221641
-4.196991
-2.379084
-8.274563
5.019374
-17.290093
30.743343
16.480442
3.205270
10.852009
-2.408964
-2.717065
-20.723455
32.296255
5.182768
3.667279
-2.173384
-1.729841
6.021167
20.029095
7.409609
-0.125521
-3.232300
11.398520
8.745910
7.790377
3.212246
-9.471766
2.131981
-10.608599
8.860990
-12.991652
1.949061
-8.985905
3.060021
-20.431249
-5.999605
-14.542735
-11.362187
3.555474
3.966689
24.128417
-6.051630
22.473622
-25.273670
22.661678
-28.473978
1.248527
1.948794
-11.531022
27.039289
-5.568706
-24.271870
-16.979754
13.122488
6.273273
5.724196
8.205846
-7.290237
15.842103
-21.922608
9.401482
14.766850
2.949097
30.925545
-30.493167
-20.904175
11.326034
-33.158578
22.258766
18.186708
-4.542844
-13.495281
16.087737
-7.871741
15.492041
-14.782682
-12.517181
22.444845
-14.875679
-2.027487
0.907408
9.267695
10.299027
-24.694990
12.623727
-4.059537
-5.700367
-4.661322
17.626280
5.005447
10.856828
2.369864
-1.584335
-29.813868
8.564458
2.386406
13.724795
22.658871
-8.593298
10.333253
-1.863474
-4.008707
3.399902
-1.268122
-2.951222
6.864383
32.362521
-6.156222
4.529365
8.754381
17.073278
-24.787157
-15.165896
-38.365360
3.223615
-2.072017
14.669779
8.927738
-7.614829
4.107012
28.000899
-7.777541
17.313458
-8.906276
9.474547
11.052289
0.082338
-4.861792
-3.191611
17.940213
-16.800826
2.632967
-6.794893
-8.328460
5.554805
-12.219100
-4.740009
-6.868769
2.725146
-6.344927
-12.635323
15.549950
-18.452015
3.855392
-15.095035
9.865477
-9.762716
15.356953
-16.488298
-6.164743
13.249091
-14.594263
-31.718138
4.158195
15.030603
43.071274
18.846432
6.322607
-0.016655
6.131193
5.814454
27.007154
3.845661
17.028419
16.197292
-18.145329
-8.419923
3.649341
-15.502300
-3.146953
-20.934829
22.206213
11.940644
-26.418603
-5.640755
-8.183866
6.457016
-5.480088
3.893454
-7.130806
-16.680810
17.194915
-1.590427
-11.370302
8.086111
6.439484
15.407473
-17.417232
-0.655320
12.110177
-7.144392
-16.413245
4.338730
-0.265272
-27.720234
20.767284
-13.098953
-7.819126
2.468806
2.105896
-17.920618
1.756877
5.182176
-48.410863
22.159479
9.249181
3.839166
8.505279
-10.321694
5.249845
5.197904
-17.924176
2.738734
-0.365080
-6.741076
8.269213
6.646930
-4.169019
-34.827213
-6.817426
11.334764
12.084008
-11.141041
25.159222
-8.742350
1.494655
-2.543064
-7.515181
-6.648822
4.911032
26.116282
-2.426366
4.210717
-15.362292
13.647595
-20.412620
11.698154
12.531437
-6.784258
8.363037
-1.446538
-0.676142
4.444840
25.430452
-4.097590
32.041833
15.583216
-3.230176
-1.389208
-23.432095
18.478201
8.039825
6.758846
10.443954
-20.718971
9.398685
0.304316
8.641195
10.145396
-6.118711
-27.805453
-13.484875
0.131918
-5.337466
14.022686
-10.205764
1.067284
1.853976
12.740951
-19.936617
-7.359257
-16.414335
-0.830094
40.309409
-18.515919
-24.254442
3.535968
21.165526
8.665346
6.064850
-12.455400
-5.571221
9.626533
2.902677
6.833218
-11.945265
8.385608
-7.065801
4.586856
-11.235340
12.340062
9.971184
1.308537
-7.101147
-12.120599
4.021907
-12.152526
17.847695
-0.747051
8.935365
-1.616743
-5.785641
13.468291
17.932188
1.429622
-12.782933
31.236288
6.263297
-10.236558
-14.122172
-15.266799
27.366581
-13.783972
3.465727
3.427001
-10.477579
-24.042623
15.045811
-12.664932
6.323657
6.027401
-1.818534
4.934526
-12.394254
9.492828
2.779252
-5.794731
0.153888
26.231631
-21.519010
11.749617
16.638943
3.266452
-3.028885
5.023613
-3.033629
12.194475
6.080889
-8.533203
-9.705559
-10.640470
6.812736
9.024576
3.882785
10.725729
-0.894551
-13.325290
14.134676
-15.121930
-5.690156
-7.013004
16.076840
-8.634524
-1.181480
-1.361476
11.631721
-8.480387
-7.936809
-5.002851
0.199047
-3.955266
1.376435
3.144107
1.902941
-1.666158
-8.149060
8.777209
4.126434
-10.104110
6.799488
19.310263
-15.180214
-7.841319
10.322951
-26.706538
24.969979
-26.079275
14.347083
-18.294083
2.797113
0.939071
14.730896
-11.967893
-11.701605
-3.882645
-2.260948
-0.039055
-13.886978
3.311471
9.488605
3.066773
4.428020
20.585328
-5.458024
-9.777309
11.565919
0.671764
-8.880322
-7.969235
30.048722
7.469292
-7.482834
-13.279055
-3.187943
-14.344132
12.952190
-4.294374
-4.486775
14.746304
-19.287325
2.542234
-14.964114
15.282018
-14.326748
2.392122
10.176496
21.330062
-22.342410
-13.637329
7.160494
-16.677975
-11.932305
-4.072504
-11.313901
11.976648
1.214061
3.684247
19.170420
-2.635915
-1.656093
-13.792336
-2.946953
-7.969758
3.911889
17.258067
3.609934
-19.748760
24.318613
-8.324807
0.192211
-5.092623
18.106327
-7.311122
10.374243
-17.055003
-6.587677
-8.970681
20.159153
19.429607
5.916126
7.574881
-3.539214
-11.227647
-16.380198
-3.512043
-15.625386
-32.992651
0.206858
24.191775
-14.991151
11.196729
-6.100676
5.934725
3.125930
-20.218921
-16.917304
9.107125
2.888977
15.583609
14.295008
-8.865017
8.247522
-10.134330
2.501901
-7.683787
-5.444910
19.478812
-4.213192
8.026674
8.203260
19.357574
10.091049
4.258018
6.639891
-24.433214
-12.724108
18.591881
9.324212
13.738158
-1.076198
-7.977672
1.266684
9.065245
-7.762912
8.193563
4.366445
-5.554779
-11.909771
12.173922
-26.702312
24.437187
3.233826
-33.886438
3.624761
1.277603
21.529135
4.354345
20.628845
3.246294
-14.015364
-32.752424
21.746603
6.009713
-3.592204
13.708662
7.393776
-18.787011
5.781363
11.187137
-6.317580
-4.396278
9.601648
-4.678571
-8.942470
2.139640
48.876421
1.321953
-6.491365
11.380497
4.043075
-6.673859
-16.240775
33.952944
-0.546158
-28.525771
22.326824
-6.477448
-20.124512
-12.807306
3.848508
1.714819
5.062986
-16.898103
-4.547574
8.199598
4.090491
16.961607
5.463023
5.645288
-6.908071
4.496959
-25.929456
-17.068900
3.111407
-10.847935
-5.199817
18.689307
10.640053
11.248302
-9.165259
11.318015
-5.398000
-4.453935
-3.671261
3.272440
-0.635075
-17.542233
-12.643248
-1.521865
-12.634349
-7.126784
-4.707285
2.372701
-12.675347
16.795979
-10.701655
16.930331
-12.891880
1.582105
29.795093
-6.543527
3.513964
-15.504536
0.177383
11.978316
-7.442284
-28.688755
-0.280478
2.317469
-16.706915
-0.873698
-2.680835
9.379529
-3.422293
-18.219101
7.372193
-1.151350
15.257786
-3.347479
21.617018
-9.243718
-0.234011
20.281947
-11.121781
27.902703
-7.267787
7.727434
-2.076790
-8.178589
32.774436
-28.164592
-14.017690
12.948079
12.104012
-23.755018
-3.567425
-12.209795
14.162733
7.850120
5.263838
13.396084
-10.227518
-14.727925
-29.519320
20.767702
1.871440
5.357519
-8.520780
0.561775
5.809673
-37.852763
3.591785
-4.468622
-13.843419
16.497964
0.484188
7.350079
-3.678425
26.586571
11.840827
-0.455986
-4.197876
-2.173115
29.981781
-19.372761
-5.947640
20.163324
4.288445
4.311162
8.110577
-15.356092
31.316296
-18.893215
-6.500058
8.760636
13.400290
-4.770917
13.795832
-17.489399
-6.910223
19.991748
23.328236
-8.881904
-2.132115
12.561496
-30.891324
9.034879
31.535490
-7.999174
8.989374
-1.024328
4.807732
-11.957247
-0.259402
-39.140965
1.960223
14.422949
1.426431
4.054212
-12.412932
10.786759
7.358005
-6.845774
2.675232
19.645512
-3.842621
-5.563028
-1.651004
9.716978
1.978241
16.497409
7.990445
21.342025
2.081713
5.328718
-8.199378
10.012508
-6.160156
-22.524691
-1.745588
-10.842881
-22.725933
6.849878
0.115354
-4.576859
-8.097263
-12.976098
27.214918
4.143488
-9.160423
11.594385
-20.261407
-19.175025
24.900940
-24.763962
2.685772
9.617426
29.082416
5.479207
25.223425
-22.531809
9.631250
-15.823903
1.800147
-0.254080
10.457117
-2.933598
-8.034457
5.499046
-17.083908
13.610100
-38.664789
0.888577
-0.190613
-9.674094
-15.880944
15.105347
-0.645589
-9.575067
-14.840340
-14.418998
10.899812
-18.136337
-5.838244
-3.340968
-12.872437
24.956350
-1.408661
2.754989
-2.287509
-0.787680
-6.993743
9.196678
-7.676831
-15.626313
29.047739
-2.613443
0.419324
11.547464
9.997707
-20.236169
12.533221
13.437300
19.993496
-9.106282
-1.178509
1.804427
-8.084131
11.684951
-0.320730
-7.030321
3.053449
3.434113
-6.284981
1.892901
0.551844
4.660883
2.516112
0.835682
-7.609891
8.940063
-14.535506
3.525656
-12.816117
4.584592
6.288489
7.520494
-4.570183
-2.559874
-0.552734
3.800748
-0.592552
-6.458763
4.258742
-2.199352
11.756749
8.901185
25.441826
4.522819
1.906607
1.881043
-6.885888
-8.699186
-9.910043
9.112102
5.335409
-1.764835
26.388305
1.570110
0.955237
-3.459669
3.191797
-9.451691
-0.945170
-10.823279
0.432621
-1.164700
-5.011005
-17.988928
6.557653
-11.816679
-3.781605
-11.512611
12.882589
-1.473799
1.392754
-8.310479
-7.739359
12.848451
-6.864955
4.597277
13.456435
-3.159976
2.016930
8.746464
18.553664
-24.281092
1.532393
5.263822
9.299138
0.150149
19.306210
8.624375
6.240063
-11.797743
4.477575
12.240068
4.543247
-10.872279
-14.016522
6.222393
-1.986952
4.653975
10.374674
-4.270966
9.239191
-4.085439
7.510221
-33.805655
12.704599
-2.394737
-11.493343
-9.107371
-23.412910
0.070120
-17.702814
5.904317
-6.948178
4.075817
-13.960066
-9.838381
-0.305584
12.559215
-6.688826
-4.179443
-20.731243
-4.435438
-8.989217
-5.273536
-3.463629
8.300803
1.629988
15.552319
-8.059060
-15.180794
-8.871449
-3.270049
15.493542
-18.771682
-10.000800
-5.147305
-0.757299
-5.555119
-11.904643
-6.451474
15.720621
-10.929427
12.404272
20.788990
-2.486718
-14.652169
4.432895
0.011436
13.135164
-0.678854
-6.024549
-14.345714
-16.290842
-12.128891
9.106669
2.148683
0.553321
-4.686194
-0.412778
2.852629
16.028973
-13.086339
-18.347317
16.660082
-4.803370
20.164262
-4.833127
2.246821
-1.083619
9.163427
-9.034436
-7.469858
-8.811063
9.213637
16.546905
6.515014
-15.596814
10.289514
-2.246167
-8.822747
-5.402362
-8.969476
-18.016951
9.803486
-1.889017
12.422999
-4.055460
-9.200492
-12.292273
3.784496
-1.315083
-19.432407
-11.700560
-7.107923
4.625312
-13.882507
10.520290
4.575622
-1.117180
10.494153
-16.970787
0.782784
-12.733332
-0.264486
-9.435413
2.568873
4.066885
-6.454216
-29.765961
3.079760
-5.497922
-2.694867
10.023118
8.854490
3.709367
10.604216
20.103207
3.211142
-1.003272
-3.739638
12.802275
1.281422
-0.793552
15.748194
0.737457
8.624508
1.253906
-18.597190
-10.001674
-11.396663
-14.650743
-4.267480
11.958395
14.159771
-33.593612
19.116031
-10.080616
-0.964156
-3.392269
17.562481
-7.620887
-10.762932
-1.987551
9.570890
4.242493
-10.783592
-5.694527
19.191648
-10.825697
-9.486198
9.360441
4.770549
1.677647
7.549319
9.803267
24.181532
6.870682
-0.796535
6.512809
-8.646741
8.029393
-15.775607
31.203177
0.719004
-4.260429
10.983424
-6.576313
-7.108622
6.323237
-13.207409
-12.580202
-21.712014
-14.220558
2.147756
-9.792449
-15.878096
-6.484832
1.873090
-9.486338
-15.980952
-0.328759
-14.944319
7.656797
6.167408
-3.480093
29.837834
-0.075660
-13.206892
15.993703
-12.912110
-5.170252
13.999860
-1.695709
4.850604
10.350038
7.326267
-15.270410
2.242143
-5.905145
-20.616404
3.805062
-13.270161
-11.110390
6.698959
-11.961986
10.629752
-2.550596
-9.965133
7.622436
-13.142397
9.381913
-2.360286
-4.086337
-5.366065
-10.037671
1.304397
17.615075
0.619913
-7.945002
-6.611728
3.064923
5.453302
-13.062766
6.233485
-17.697581
-10.679499
5.520568
1.289632
-1.847751
31.447600
2.422773
9.850626
-6.047230
-29.645556
9.397000
-15.478209
-12.044795
-23.708945
-3.589719
-14.254252
14.508490
5.548586
-12.087327
4.796870
-26.862224
-0.347961
3.497992
21.156060
-3.201095
12.262129
-10.471817
2.133875
19.962759
2.241676
12.226939
5.417595
25.988104
-17.918552
-10.566776
-5.027149
10.118721
3.277028
10.708638
1.037940
-4.382604
-11.026119
-8.662334
12.301568
-2.455512
2.574167
-24.906517
-5.797613
-0.734772
4.099063
2.460943
-20.109122
-4.665027
1.268347
-16.212998
0.738413
-5.826663
1.697245
-0.838159
15.018758
-10.271393
11.801512
-15.780377
5.691835
-2.675116
-15.082850
7.983742
-22.162098
12.766250
6.108282
0.610404
8.397522
-4.422648
3.538510
-9.812145
-12.281621
-7.211852
-1.656714
3.143643
-24.957841
2.901590
3.349806
-0.155457
5.372292
-5.171738
-5.259693
1.674815
0.316743
2.324398
3.004543
-12.976570
-16.904433
-9.042653
16.453498
-2.198461
5.043349
-3.883143
4.874229
9.224416
0.808043
-22.284202
0.678680
6.553706
14.625756
-11.721910
0.136145
-3.651470
-1.487563
12.923250
-5.284826
20.365726
9.659846
-2.781307
-8.553685
-4.839908
13.410977
9.940787
-29.252497
10.060759
-3.641137
0.735006
9.751264
2.418833
5.670095
-15.673089
-7.404810
4.293217
21.540107
6.882281
-13.920532
-5.113177
-29.761790
11.159119
8.925661
12.909457
-1.686314
10.995879
11.343121
6.762723
1.097834
-1.175146
5.585683
-9.018244
-5.677766
1.207003
10.361667
-5.199588
-18.683252
0.796784
12.349116
-36.061774
-1.646283
-5.714561
2.067672
14.231899
2.806600
17.106179
3.895078
-21.229253
26.975454
-6.415641
7.880324
-9.106473
2.056560
-6.223474
-9.334344
-12.869339
24.411148
21.560627
14.336430
2.659385
7.952835
6.310738
5.160485
10.788420
15.997751
-5.745740
3.758744
11.976926
-9.716020
3.038643
-21.476408
-4.777932
13.132537
-1.777009
3.175681
-8.829154
7.902191
8.970489
1.753131
-7.532614
-14.129261
9.146189
13.218981
5.225926
-23.102869
13.511492
-2.852163
9.871246
13.142826
-10.012173
-6.880178
-16.967319
8.566768
3.790069
-4.678909
-19.758202
-1.651330
-34.367928
2.001107
19.857495
-9.824796
-11.666981
26.453489
6.929429
-1.064466
9.815104
-11.600054
-27.319579
1.573455
9.683410
9.019422
-14.035272
-4.114768
-11.530895
2.255921
7.456069
-8.312476
-27.599248
2.547377
-15.289108
1.684512
0.353195
-16.741378
9.314574
4.639953
13.503681
30.008554
16.767598
-6.225172
-10.667760
2.029979
16.060204
-6.472937
1.643469
11.746470
-2.038032
0.418940
-11.724855
-11.637429
2.686646
-13.632018
-8.150330
17.921960
0.845154
-1.167136
-9.220907
-11.889686
3.639592
-14.304687
0.857854
-26.136505
3.445419
1.718072
-5.920131
-13.739012
-20.895687
-3.355943
20.425917
17.478811
9.858557
10.472004
-6.423121
-5.000891
-12.908914
5.272949
-10.441795
9.538365
18.409655
-8.152562
-0.942797
0.043946
-3.395763
-3.763037
-0.377781
-5.602161
-3.991358
2.201395
2.967205
-15.175422
-7.598474
4.774154
-0.954901
0.099539
-9.571273
6.846661
3.468021
-15.691537
-7.254248
-3.333955
-3.801333
12.516029
9.879706
-13.978074
-6.682610
4.811637
1.731017
-8.363411
-17.407160
-17.656619
-18.181688
-3.923470
-10.925303
-10.855364
2.205130
22.574666
0.297424
2.970742
-3.737633
0.805021
-10.647736
19.709514
-1.194019
-0.251453
-6.864255
24.265635
-9.674852
-18.489195
-9.998271
-18.415075
-9.095472
-3.111195
15.899406
-14.511409
-7.801395
19.380524
1.721261
6.623830
1.714066
5.597323
-4.991039
-23.648726
16.953169
-3.952229
4.473650
4.681352
-5.683926
-35.788207
6.869092
11.762105
2.063110
-31.247814
17.480453
-30.028029
6.226560
4.787484
7.430266
-9.838375
-4.867400
-5.707228
-7.550570
7.784531
17.075419
11.003181
-15.211676
-18.091191
14.008715
-3.524814
-0.204138
-3.774471
-2.721367
13.753363
-3.642473
3.678619
15.657290
-2.902941
-10.627524
10.861800
-2.096188
-17.656252
-4.551048
-14.899858
12.823007
10.337338
-8.186505
6.111596
-14.881220
10.161302
7.098150
24.070687
16.220469
-8.848159
-13.957771
2.157233
-4.438497
6.051224
21.684010
-17.685827
-14.224987
-4.365882
3.271388
-21.091674
-14.975130
-4.912064
-19.463657
-2.709086
7.009804
21.446416
-10.266716
16.464470
10.866689
-29.123522
-18.630009
-4.130899
-0.240781
18.591230
-10.802795
6.299402
2.273862
-11.133924
-0.070420
-9.569456
-2.204152
8.813675
-15.279205
14.094807
1.737705
0.031386
-10.801538
-1.417999
-5.633241
8.945561
-4.353416
9.190451
8.709888
20.950249
14.150167
-8.318729
-2.686743
-17.737572
-21.917752
-21.922611
9.705574
-10.273987
-27.783448
10.119880
8.821367
8.880549
-8.658040
0.237815
1.879494
4.430035
-5.509038
-2.440384
12.382298
-10.892677
-0.906180
5.999525
-10.998689
8.196988
4.888056
5.912625
15.497256
0.122886
-9.765420
-4.072452
-11.118880
-19.542107
-10.957796
-24.221575
-31.226716
9.655525
0.327228
18.863310
2.321614
-6.086559
-3.796315
-17.873735
-7.169003
4.803596
6.698787
-14.520323
-6.840219
3.725016
13.097289
-9.019770
-4.506355
-9.244219
-5.096063
-0.291383
5.441631
1.894104
-4.129068
1.849526
-6.168603
-14.083697
6.777718
0.647155
10.242871
-7.087029
-10.279132
-17.157394
-18.622254
9.236515
-1.495020
-9.212408
15.983570
6.330500
-4.411150
-17.434563
-3.383812
-15.101588
-0.592608
16.312034
-8.142385
-4.716599
11.008940
11.464339
4.869488
5.929759
-3.710164
-12.988817
-3.705012
9.631218
6.199446
11.991836
11.249148
11.827077
-10.069665
-2.847586
-17.300828
-15.809737
-20.889473
9.081324
-20.273795
7.926547
15.781946
12.288827
-17.908855
4.998940
2.944516
5.816232
5.215932
-2.493913
-0.338650
-12.378526
11.031652
-0.632148
-16.795792
0.294644
0.204545
16.254236
4.348566
30.546504
18.250133
-8.586255
12.336442
13.509178
3.086695
-22.063356
-2.374688
3.438234
13.091098
-9.269101
5.146994
-9.426009
6.936586
1.268864
2.091238
-8.363365
1.748272
11.795438
-8.417432
-27.488964
0.783440
-14.341545
4.201422
19.015208
-0.945387
-15.073082
-5.856856
12.863300
2.959917
9.610976
1.460686
-0.756093
12.696893
-16.562794
-14.999897
-19.124142
31.600152
10.647260
-6.913434
-16.268717
-21.833959
-1.865389
-16.969006
-3.680842
11.439757
-1.058413
7.605880
18.043939
-11.887771
-0.206274
27.190449
0.154518
5.879526
2.800137
-0.034858
-17.484582
-3.179068
25.178922
-17.388624
2.048162
-1.207464
5.614482
-13.541639
8.543648
28.589189
11.911796
-0.770633
-3.351417
-5.548748
-15.652146
-12.985151
-19.880474
-4.326448
-15.814207
-3.019048
-13.746985
12.786017
8.416525
-0.152849
-27.617969
-5.919808
8.336811
6.344826
10.398578
4.760892
-1.647591
15.719044
6.453864
-10.282519
-9.499852
-11.130652
-18.901515
0.505604
3.734318
14.230846
21.685780
3.890947
14.323304
-12.811074
-8.298133
1.001442
10.484802
-11.631274
-1.222432
-14.753193
18.828470
-8.750733
5.305880
8.650913
-10.558582
3.135253
-10.357499
6.562428
-11.432087
-16.509134
-10.746763
-2.426072
20.212610
-7.343021
-2.296036
-2.153686
-7.409624
12.105031
21.163840
-5.757498
-10.029231
-4.334353
-4.479153
11.165541
14.572090
-10.119439
11.596960
3.986067
-13.130911
-6.909298
-25.440303
18.108571
-13.560025
9.493112
-13.604447
-10.637886
-0.873051
1.753647
-9.065360
13.039803
4.258155
10.037478
-1.144862
-2.671055
-11.759792
1.859082
-15.945577
-9.217372
11.755624
-20.965097
-3.059842
25.627277
3.492021
-13.741410
3.535203
-4.494545
-0.916780
18.431237
-5.655545
