-333335
-485716
-427931
-298627
-407935
-144247
-230646
340260
255461
-24663
308014
-57500
-94175
-114074
427295
180937
482056
-284846
-43705
-13617
514458
403418
141036
236226
113483
425842
224258
-84224
170868
-473426
218985
-76027
65695
-297664
200691
267646
-502977
-54067
41355
-202298
485774
31844
-51044
-399280
278203
-185224
279668
-385533
133090
463004
-187761
314711
490512
326858
281941
-82331
-320403
462534
-299201
-282224
263420
-46475
-372467
54283
464495
-6890
346605
364433
-34873
208526
-414571
-461194
124175
135922
-102811
156363
125412
329577
397549
442826
-327741
493601
175265
-442238
442726
-231619
-281409
-220399
-99535
-340666
387194
-228945
386406
-434076
2982
-265950
-135999
53854
-104299
-208707
-328450
438010
97225
-125072
329564
-127931
247916
44579
-352112
-54817
59347
386690
107708
-384760
-244379
11809
305924
192474
519396
314725
183518
305913
-113434
-249763
-215749
331613
83245
-476847
104601
413152
-298639
-29033
241675
90071
130843
-182001
292827
349029
-254500
-269272
-291557
-33585
331472
-224537
-152434
375728
-300113
518409
-523790
-419637
-348678
279462
99612
269655
58059
190713
309146
-209637
-273779
518235
-58070
-380287
315340
-439059
-300363
390450
-370608
-183193
-101611
-328167
385426
-171869
-448086
-248280
501832
-219839
178743
496729
-39199
-37832
72587
300168
-312503
368813
-396616
323875
37240
-500898
-458430
-454757
192526
108868
86368
225439
-9043
-98746
408840
11675
209037
12264
-434407
495882
-130096
54725
107941
-323010
371763
26956
295414
-517730
479697
-434846
512522
-212786
154572
180995
407817
-94791
-419660
12357
-260787
-265105
284426
116856
79809
399544
36962
365570
-235389
453155
-29039
-452800
467304
459716
158664
-154552
199890
314091
129348
-328460
-173428
45597
-355919
196698
-122682
135036
359842
26681
-152801
-438043
315307
-172690
-123175
456831
-144825
-148704
332496
-143146
-262287
285175
-65306
429044
324700
434551
60213
-438109
223046
8381
28751
357851
-136162
155252
252883
-179673
-172154
353211
309400
-449806
151885
308949
474382
512728
363518
153106
199359
322667
492069
-241152
-476608
-388517
4860
213849
153858
-282298
-143430
71377
317129
380082
-139572
97663
55253
-306877
-453899
490864
-12837
-257987
137635
399151
-219921
335267
-410456
-333912
-212834
112734
21293
458843
2533
254769
-378110
-27354
284178
245526
358941
-215299
-148795
267965
-439722
382641
-456758
153522
-255763
-311164
-460847
-120170
-181468
-177288
-74055
282671
289137
118027
431782
-220050
-257715
417515
519854
-24550
119962
142011
-102990
140042
249410
164318
355128
-301330
149512
-171506
-462563
444601
-452403
-516747
334430
-90579
-349852
307360
-82530
270017
197936
-433945
521909
277361
-125740
-457230
415886
480015
-209342
-444300
-354560
-244525
81913
79142
300151
-247569
-417936
496398
414593
-385695
-15667
336432
-489524
-469257
-34777
515208
214735
-433267
336036
199460
-381567
284345
156228
388410
45703
-469830
-268383
-138157
189351
-89540
416429
230047
-207718
-111676
-252028
143970
-521517
80981
39453
-273063
337732
283057
266163
-30901
138665
206437
-347387
404541
-215842
102220
285675
-254152
18418
-514727
401185
-221300
478967
-28826
-321345
-183621
-391547
-360501
370461
-370636
-114496
-286234
-430101
433911
460216
-190913
367339
-74037
-139393
168243
-314915
471170
-315077
460351
-469172
96783
306484
470516
-293
384379
44783
49443
-294845
-431283
158050
-374407
-108246
-417194
499645
275966
-313223
455112
443754
363949
-499705
-393825
-72813
-521615
171140
335803
481315
340926
260650
-234087
-94955
-123290
186788
-648
457605
-436118
-264321
-280391
315177
361564
508797
210869
232105
413869
-428390
313622
330917
-81306
162383
155735
140656
-36411
61544
422465
-154215
-120508
-483848
-245604
-92830
-389035
-236096
-406294
328020
453811
125352
-431489
151366
-9928
-316315
94269
75528
-401664
-383255
205098
-181942
-475612
-257791
-326550
-427614
279714
421747
46045
-362367
-470133
225059
-64582
395717
84732
512027
-285971
-266856
-346804
-171076
312379
-514850
431079
283097
96466
-248122
481385
436927
311106
496432
-62627
512408
-283672
497080
230432
374721
-313768
-297535
91833
-129044
-304918
-167834
164117
246921
288101
-382374
-516972
-162798
521631
260004
341338
-494996
453771
-34905
-120385
-256809
451495
-345633
165121
-316123
393828
-415275
41800
160645
381464
-107500
-501468
-297722
-395266
-153966
-469945
-142463
-320392
-221322
285182
168193
-441596
-400829
-218703
-281697
-418481
300021
266739
-141202
-483421
321783
58864
378113
362849
136144
367454
38279
-369800
293705
-283028
392759
83203
-400479
457908
-169755
519473
-396384
473328
6844
387975
249958
390930
205313
-471876
-408482
363032
505161
-167676
-123110
-107261
-101447
161878
-72082
509359
448611
388257
396776
52881
-420324
115387
342231
72704
359494
-386378
-467691
273177
-286043
51828
-124996
303024
-135912
-148081
10038
-516486
277544
-501317
496995
-253566
-355328
-294330
-308469
-229497
466057
86506
232003
58588
-136575
66170
-287023
-283887
-190655
277723
-355289
405916
-75739
426146
364520
495432
-79416
-58354
-452835
210621
-509408
4576
-315256
-255889
-25720
167818
-1755
-263615
508523
-290388
391407
-385080
-199003
-186835
146212
-216566
-29000
-421749
470751
88710
9167
136774
510774
-461566
-24986
-311653
-274160
-344605
262085
385118
299362
458698
36824
-159150
300414
-442291
-52522
-256969
-36791
118116
19516
-419456
-501895
453395
293923
472925
-281391
271562
340517
-293028
349648
-331137
-213853
-300712
-261335
-361088
356452
489864
246239
79694
-396698
-397801
-383287
-354457
-168151
-440540
-162687
-404423
-512776
371384
167175
402886
452081
229791
-479616
83115
469090
333370
499028
407700
-255691
-330408
-248200
-37130
-231927
262867
-115934
290915
337309
463084
51904
-354971
155124
-141951
-193151
-5652
-379681
-86887
-210840
-486563
-383111
503570
-6320
-150601
-33389
-421144
-16007
135965
-359281
279760
-215460
439563
-360939
-471188
-212281
-450099
-325966
511209
-431471
312927
352269
-140961
13284
-377289
119102
350188
222429
255596
502079
29598
65530
-293851
-200713
412727
-53368
-325153
289542
517009
73836
-143366
7051
-219916
60699
208056
-440112
99739
-215624
-519876
-475632
350764
-481642
-11620
-109191
-407984
288893
-381827
413450
-33349
239181
-18143
-343692
-81533
-379557
33831
-421879
-416969
-351575
68643
-212889
-145843
-440090
-389066
341550
217661
-152004
-301836
-495260
-382875
499472
302849
262601
-298346
355565
-213961
-120364
385298
-9346
-292757
-17011
37645
496835
40538
181573
431223
-516536
-31241
8400
-315788
500838
37134
486096
-326262
-165966
72486
-291044
-355825
436034
124525
335507
-361399
-227649
-200945
359771
-126005
67215
108036
323058
-187651
-73847
351215
476486
434836
477171
382348
34552
-101824
-486695
181692
501156
-190479
-135511
103463
180434
52945
470314
341633
-17287
366739
256510
-498404
55451
107954
-45218
279373
154359
-248745
-440615
-225368
-183860
170806
-423846
-424392
186778
-426565
274454
-287487
-404470
410670
-213196
-80381
-121530
276612
-68339
362664
60484
471990
97202
167308
-476904
521128
-110267
-384379
-133244
-349241
78438
215492
-341325
404154
344235
-416711
-489850
-219
-332605
-227309
107572
-202484
-429543
500997
-67573
209111
-190699
503675
138435
308101
434194
-86683
367686
-521042
-152862
-135648
195089
-112836
-323946
-362815
-374035
-348316
463042
-356269
138068
-300960
-78543
1839
309644
133447
174229
52596
463024
-163244
-56469
-463492
103977
454083
466506
-2437
469503
-368562
260437
225495
144956
-280571
450660
181187
-51284
514658
495382
472380
328178
358661
-225460
-105535
298336
60597
-206602
179950
319642
-211124
199195
256714
-43678
118606
-291311
-520714
-309874
-395749
52304
-229203
-392264
-260871
-511356
264454
207837
-472262
-25160
-284840
-199923
56858
-509853
198395
-317940
7941
166308
242972
363289
-184382
-153836
438381
-401
-235836
-523365
223235
-359486
-402560
-100309
-492890
-444821
-380136
409841
514482
-146581
-44067
206265
-514074
34551
-354215
-517480
-411836
-489062
511389
354133
-75794
179008
-513160
102545
112127
-398178
39995
228939
-406794
422871
-191039
513702
105018
-195493
-208387
407743
462922
-398511
177655
-523317
-325840
40785
-428491
205206
-28373
-523243
428722
-453764
-238598
-67823
-515937
316050
-460855
-240826
-216502
-415941
118757
-128924
-345308
345967
-506867
314046
521026
-348030
-152487
-346521
-507551
467932
518425
55149
65430
38472
-12650
440
-458757
360425
-137301
269478
158373
160126
-333642
-429510
239228
-357769
-466682
-407114
369221
463794
-8202
228756
517971
-132991
319973
203756
91130
-6396
393931
150516
-259366
392618
-401838
120539
268553
490518
-482679
-35461
307821
200647
-467200
442262
9210
120455
-164655
299781
331237
255207
-363874
-259753
144432
-49787
292745
331861
383916
465923
164494
-500880
374455
-372168
-283699
364178
285623
-449428
262505
392163
-71602
-27696
-178108
-66662
290369
155751
26333
-64461
-58710
210804
133333
-125475
290423
-327524
402809
-21965
388955
5691
-33336
348054
98130
95181
-258227
254412
461439
-9651
371206
-4192
-364876
505142
-105718
-480528
-102016
245318
298884
82774
337173
-320823
186628
-181685
476307
-461590
409213
-264916
86532
-398568
-95471
-121822
-182270
382115
166663
95992
-35141
-106032
1727
450448
-418093
-388011
167084
-299591
144825
46588
189288
33446
-512973
413029
-407351
-195395
-118814
-385463
-454660
28877
405569
185815
-188718
-319634
185967
452390
362628
61729
280095
304412
231523
255287
-385150
39316
-374152
385720
-147934
179847
166037
-9790
-334324
215920
482167
-248905
154132
-212948
277898
-208318
51133
-229366
240782
-16546
-411974
-74272
-327883
29303
447942
-488621
273677
348568
44874
-19786
-353246
-25716
232554
230456
-36074
-511532
-507999
232614
-354680
100598
257191
106762
-218285
42525
-408490
-514961
414064
474936
-36743
-402491
-181291
109940
282645
-194518
366504
-469641
169194
212771
260202
-386336
405772
-450693
293130
-367332
-302351
-371464
128138
508705
-74084
-445791
-436169
-96034
-257713
94019
-198804
-434731
-254617
97156
321071
-145271
508868
-175598
39113
-78928
-10234
-258976
136625
170462
440166
-280232
81549
-453503
-208396
-148256
-269647
-285475
498988
-435092
-161324
-457459
305454
341753
379569
-441769
-139217
-176689
12188
-245972
-33029
200841
284076
-517273
377461
-72663
442916
211660
252625
-230161
378674
-12538
-159699
-268634
-323546
242122
235623
-292871
-288524
-211037
-151430
38364
118714
442628
-430351
-487548
-43637
-142687
-347999
302020
-147825
158050
443605
22856
52969
-419165
-218729
6361
110287
67711
-334206
110800
483952
-191467
160663
-79409
-357910
-106450
287489
95107
-107621
-371827
127233
99000
25878
120746
-453373
-203165
335406
-469725
408082
-483449
-299807
-133541
-306622
-206572
-307893
-477131
332339
-99118
160065
408203
223931
183055
277829
511076
299096
-27786
477175
-48201
76158
-439846
-448772
420819
-298132
-169865
290351
233205
-4740
-97438
467243
-381423
-398113
-403612
28208
-453230
-426737
51844
222310
-467744
480701
254826
60911
45978
-59792
-293751
319383
-9925
-39096
-341935
518162
444368
-119980
-520628
340271
40316
310342
235797
-280988
-253803
354358
426738
-217224
-404599
-511658
-232240
-245640
269558
-294340
-356
470744
264844
-294712
-102263
68127
-154801
153528
34015
-220210
-53521
415169
74235
309611
313634
157194
-497593
23750
-390495
103869
261440
378336
299954
-185050
-119144
129779
-308075
-347794
-166186
85248
-72587
-195172
-23361
364133
-328821
203836
-402573
300172
-328930
280119
-176631
263523
-80511
-488949
-451340
490309
-327936
-459786
-119198
-148476
-314335
80614
396
-305841
-207195
-168926
100745
505304
-53092
60682
418812
107087
-211131
-513355
-65176
-466029
339324
-335207
155451
-142506
91328
161687
244192
-438752
430389
437014
197934
-18156
211066
-51221
410986
-521353
452870
-361063
224143
232152
-478438
173177
454617
339300
293949
327693
-324059
346150
-96212
362177
-409169
-298236
111640
-318855
-259821
16032
348788
196336
-57425
64656
151294
-253919
342344
162889
-280422
411182
-149918
501997
453296
-287819
-54151
353354
69236
-187910
210955
-41972
465928
-244155
-233842
316234
151770
-126435
-361477
225304
-222716
215163
-197892
214764
298327
-512258
-251851
-81028
42380
154198
-111384
-113972
-237068
346652
196801
-143369
-408368
-474717
323002
186787
-364883
505229
-424180
-62035
-54940
-278364
106654
-433504
-267117
-303144
-55113
404067
117740
427759
-289317
351555
412693
397087
302614
-240123
-211145
-232682
185210
-436864
-472940
104556
-353332
355282
-207947
-384096
-82528
-268994
-498157
280482
-197831
-19204
352849
48347
205157
-36230
73640
83715
484060
-294718
273914
-434206
-403279
254686
-210678
393312
435603
204665
166410
-27036
-22775
-183405
244306
420333
203374
225792
68072
280757
48358
509687
85054
103582
335035
413785
-213112
-72195
-304308
-509729
-419960
-265909
-101264
38022
65544
20539
95322
-426091
-20242
179417
-277600
-276214
131885
332203
-310879
-470865
-166051
-377885
276147
176184
424233
77483
465095
102028
439490
-349643
-416901
327344
-373504
-200375
-341681
399722
267524
-286055
-138359
61205
-138733
-502830
214919
291876
-376076
518998
-427897
209639
85672
469029
-246463
-216801
360473
123469
-464759
-240470
-337409
-86009
-322739
-403828
-75972
342688
-10565
362087
390858
-114246
-319259
322500
-281924
275081
-499504
330619
-464599
345949
346406
-380079
276892
-84479
401518
-271376
-303856
-249885
-353600
-25063
177532
142647
462084
-108047
438269
149091
-448488
363308
335848
346151
-292
334973
-405039
-268448
475598
-102204
-22245
-136336
106178
-78517
-320150
103752
-95410
104983
-256302
470046
387610
353375
293670
517107
402873
-322350
-240951
-503195
397215
-436949
520137
-491491
-161400
150201
312781
-177638
352643
373328
-425724
-314299
381340
235559
29484
518461
-264709
18718
-101604
-337693
-430315
438454
-250147
126981
-178757
108595
298096
294741
-389426
-213705
-325485
-349905
173748
-291873
-299767
-80428
27164
-222167
213025
-513410
225224
-497014
-106980
-115405
-266593
107413
-341703
61649
225168
285746
132030
-374614
-148370
-197065
-50387
-103156
-90453
285297
-50054
200675
285852
-385868
427814
299084
-171868
412993
109883
-93625
441880
-11814
-173254
175187
-461847
-134563
-374129
141832
-91881
-379926
352192
-39726
-421292
-415213
497302
-309656
-310477
-96814
-429718
-280277
-407875
-158942
-387226
-302377
-255169
-116804
-412581
-306887
306310
88375
-206243
26876
-58479
65920
182452
413433
82394
518250
-462052
-477484
168172
156613
-103614
-16144
116618
390420
-417003
233846
-151015
489916
306910
348625
74720
-70776
-196507
192234
-344665
-485965
-513534
-321757
8922
357366
-482435
391678
213198
259750
290416
31277
-508343
-307771
359508
-82989
-457788
326756
-476129
-144885
-275905
353920
-369503
255646
-401832
452693
415334
292885
59289
359800
-3180
-313504
-465412
460589
-24797
520869
35920
402602
-113804
-511526
209627
-498351
-455683
-284927
176426
-514131
-431143
-489576
-476581
-250419
512601
270794
-330930
124778
-355291
-405806
506805
-147011
22198
86970
-139312
-91935
239876
374434
-323001
-390296
222423
162883
-212371
168881
-481790
-37495
421056
-471703
509827
80972
460319
378166
-483333
-307274
364831
302845
-245614
195319
-453895
-251738
58876
-147142
-51666
-426952
-16631
-311991
70254
-406994
-321399
232699
18032
-278808
398771
-32583
-415572
240786
-420385
263354
438524
234778
-394130
496687
520666
398880
122014
55480
-472011
-162597
-338718
-222186
-47786
-496060
283959
21348
-132533
381855
346764
-219719
230592
-383367
274547
257511
-262553
311474
-176581
-116151
325866
-162312
-359135
-339920
-500486
472661
-247879
232105
98473
154660
-464312
-288639
-443366
-344253
-414491
-125798
344288
-371268
253403
475020
111267
-381711
101383
-365166
-40723
-280031
332214
332033
-192848
452131
122375
-434045
-467761
317322
182271
431744
-476508
55710
284560
-221981
236347
-112277
-135322
258943
-298846
329335
-332802
190966
-385332
258197
-271107
-499115
-148748
-255054
-502449
-282884
224880
-37211
8261
-261970
-261392
-517331
-506794
-10854
-271248
-361303
-89008
-443734
-352740
315272
514132
457951
-251422
-188217
75461
378536
-267157
263563
-235853
483220
-409634
-272782
517094
107838
-477078
-152900
-223265
474586
279673
31966
-297745
-259933
-326579
-447189
36320
-436156
-134871
-263117
-115302
279417
-19864
-241787
152560
413096
104484
261986
342139
122252
-297857
108695
-45019
-375836
483595
-303079
103927
-40191
520327
307700
-279098
470191
5576
507822
50934
7276
399378
285804
-357712
-295022
-337182
288850
23190
-161931
-250389
-286898
197497
5110
-66518
3400
-170795
-139983
8689
445587
451987
110345
-291406
16117
-255431
-153144
331479
-371121
44908
231643
-358137
240624
-78922
231964
296271
123674
-404501
-205668
18750
197707
-430870
-502009
175630
132370
-376977
-329598
350875
-160813
447678
208964
-455123
378324
402541
463142
-140600
-163972
255181
193440
72688
-295979
429526
390345
-118755
262949
38006
-461714
-436795
-220418
143469
-112950
459436
-17069
425724
-460875
-2810
-108658
498743
215540
246332
-169648
-143657
163445
351307
-295679
393396
-457500
-6944
-453001
-239275
-446871
-152651
-239859
103723
133382
-382194
-134718
-135568
-454351
76536
-176848
485600
12877
-133842
-113963
-226168
20244
-165795
-479272
346113
-301816
269795
276268
-332285
-342042
-153586
-256698
372777
-462776
1940
463718
-51334
-111474
-159109
10697
-257796
-116680
-462407
512350
-212491
-328572
9880
389357
-45103
212478
278612
121290
-176304
60370
35184
-122340
116642
236784
-147592
90803
214317
359449
330101
-377164
464162
-413930
-494932
434401
-522857
115047
-259563
-484555
-322510
-229326
-25124
-333839
-152022
274336
-177606
162014
-411006
-106810
37980
105592
-484488
157682
312903
398723
-336998
-522408
-416851
236318
252570
-446833
-272353
-203156
-143841
430217
387365
257727
-437691
-175000
81922
-135640
-158383
-414600
-225812
294506
357731
-151768
466730
-436804
-410883
403828
-350895
10195
378652
493392
17505
-75606
-383671
430265
135347
-505924
119113
-488126
-123928
417850
-222414
-131892
443370
294327
111614
111192
-332822
-104543
126446
19995
-400001
-187877
520284
427309
449122
-22862
15518
404577
276045
-90206
-364793
180294
450470
400603
298530
-388341
72858
-242588
-99988
48364
130323
252515
-226552
275094
361491
196498
-97906
439971
-116164
7403
303407
93908
438576
216115
-517041
-23434
-78082
509707
461414
-405030
-424403
-272184
-148378
149616
-339813
-451714
468824
-341084
74841
215903
-71320
-439801
390168
434044
136090
88063
-104902
-390103
-151731
402377
-131409
98281
-505370
129723
-467895
-435126
-101756
316021
396065
28202
389954
-126608
-230118
71222
-356507
-47813
198989
110869
-455765
-190580
97390
458453
271934
483135
-398973
-281015
221240
-523842
84689
204868
215568
207123
-509930
156124
-288835
272663
451298
-109911
-227159
477502
261028
-366935
-291288
410734
-474298
-439370
170110
414669
244503
124564
302132
-162235
337886
-225746
-294434
-208171
-495717
-375770
-390785
112209
398251
-298253
64441
-264964
-9030
-163348
-10333
478341
-25973
206103
431801
300042
322878
-248357
-438710
268909
-517617
-389947
-278830
225699
-366779
-10133
345009
333939
169614
-71186
-117417
10829
430998
495939
-171147
472911
503543
164824
412326
-350108
-48191
334880
454055
115670
-13511
78950
-290226
146292
67031
414577
-419212
-465200
-372473
-521694
129050
395293
-188306
472647
316674
-299339
296300
251658
52957
209476
492595
128241
215371
-490206
303297
-228370
308124
-495141
166452
-272712
141448
-301032
9141
82110
388011
-72518
-706
243404
354584
109777
-168469
-221187
-284971
-215456
-214604
-156639
333721
-131050
467836
-446321
-507018
-498541
116151
211008
246142
-188067
361517
332243
-93640
100489
-413870
274308
221904
272048
-449994
447388
-129489
-511848
-69552
-146127
494765
-433957
-9048
156140
155653
-518292
372457
54326
-365793
-368625
404863
-301835
-320649
448039
-68204
174589
-252304
444490
91105
-56717
388548
-55284
67111
-184059
-134015
-107160
41697
-18804
-471189
-459342
34441
-169644
485851
86314
-363118
434431
-500185
431423
81494
394773
-117623
280601
-41623
-345031
-283698
246016
325480
-168621
-179161
119184
-169379
471647
-317611
-443078
-480781
180870
247537
504433
153185
-161631
-250741
71903
274370
-318880
316843
125336
-176525
121481
41373
-300213
147286
-338129
-297635
161656
455478
296966
29613
-194810
333200
77724
-145045
-67440
-360468
-307575
387806
-493407
-281352
370566
317609
-26311
489646
-182272
-520796
-292099
-30647
519918
197120
-57087
347354
134293
366057
506189
-25291
-322599
-346385
265935
359159
524257
8685
-441414
325213
-474541
172524
410665
60083
18269
398641
-314673
249069
441509
417595
238065
-222902
453660
-147655
270712
-411613
349838
-33537
48032
338835
293632
372946
-260030
58589
376264
-271913
516197
-488678
-501309
421553
335662
72828
450021
114074
-94154
389331
-367258
281582
-205060
505303
-379564
-316182
242247
139631
-152468
-284355
269556
-66413
-490144
-301520
-418338
160830
499942
-375417
366394
-453955
186417
-89381
192202
15383
-444507
387463
-45001
206745
178278
-277064
-247436
51992
466499
384654
-263429
493712
-123844
161419
445865
-369831
-111102
325413
-345329
309595
-88781
386110
-206422
-113232
482436
10732
-345794
-495999
-385974
-219598
-89520
-400836
6416
-105183
398197
227200
-44531
132031
-187907
-266083
86383
493706
117223
319841
-89734
23341
-487120
341940
210958
-131608
-524006
-354716
-520376
-98342
280297
52271
-262531
400678
-114080
435750
261954
-288582
-197625
435984
-110300
14141
174307
-354938
-18975
-285667
-353051
-172775
385172
109968
439379
-442705
-110279
31683
-493005
-486759
-322349
-12731
100101
409258
87811
108507
378018
133712
454939
76410
450923
221417
-301306
94059
115049
-106159
-424929
469942
89048
309099
384509
433093
-205325
-261842
83170
-436689
-133431
-172202
101616
-210348
-299191
-496535
195883
445532
61945
434266
49000
87123
496013
-427353
7972
-440492
-314621
136350
-279745
-157793
257186
69572
-1769
-313450
-310789
521120
240796
-137863
299034
-121282
-47513
34376
243170
316428
-448405
-426011
-496433
-437235
-423343
450927
-444453
-364392
231145
515632
-287566
405792
-83565
-17877
-14319
294644
498722
-103540
209490
183878
-352017
-495597
-241976
327648
276248
-471499
224654
414174
265481
429722
-483617
-270869
-280202
-167174
-238545
-61634
40457
-405317
-133004
272663
470996
55490
-176791
-28814
320148
485997
-252
-25167
-384331
88577
438404
-359579
272783
-123707
60901
-322133
-297095
289147
-412422
365938
-195144
127150
-523524
-339607
493567
82635
-345434
268631
-201035
101661
296338
-377305
-245791
-196791
504329
152384
-33364
154046
-487497
221349
513570
-340912
-472636
-222738
-403711
-449138
285505
-269764
446494
469204
-215658
186202
-53335
-372143
-119862
-276938
309899
-479108
117556
155270
-498242
331202
-426202
-314750
-200330
170480
-9359
-202827
88438
484240
360010
83481
-119116
-200918
-157612
-23516
464806
-394578
432048
-107910
-274224
165052
-60382
263796
471384
306611
455860
341871
-322083
-392514
-14266
-462540
-486917
5577
-337900
-240503
71757
-170178
-100730
362023
-388825
-479187
507653
-219039
-97224
-253414
514542
497857
-380062
425261
505592
406052
-382141
34883
-415282
-156081
507251
-40633
346083
-30088
131452
282445
282328
-209352
252931
-271858
490488
316994
-226482
-330509
163061
-504081
493434
314557
-216422
13662
335156
282587
-298688
-343957
-99078
18941
494965
422
-44773
-14112
272889
345760
-320664
204
437209
451336
357706
283246
-347203
-368846
-408205
503342
-491478
86041
506611
-208511
412451
349610
-427800
-119852
-40496
-180467
160667
-504510
-69950
-133867
215026
-325294
147277
-45299
-313783
-275991
-150953
-385668
-510110
226429
-411120
119034
302987
-140149
167214
256633
-415854
-75742
428752
311411
109417
-33100
-394709
-115830
-491518
-27076
386939
108967
437344
-91342
510266
489912
349189
-276353
-207955
113974
209188
168765
-414041
-173445
494972
470485
-75970
-479739
-218861
210300
119509
271637
-220283
-443128
182108
210033
321832
72326
169726
-136386
-76973
151039
188726
91221
290703
-247666
362081
350029
400675
-348943
-284948
-483312
-523829
-317088
-434929
-398620
-391809
-497769
93781
276690
-154163
-140011
-245301
-66379
412194
191022
-130796
244152
27150
-158654
70155
-446346
490523
-268330
278764
-404815
-112698
-17908
461758
516766
393896
-44039
-335949
-15829
-391473
-314801
357633
156152
135247
466861
-27309
-241346
225364
379402
202962
329663
151754
-19600
248844
-464700
-309766
113560
-491742
286954
235367
440577
423277
-264211
267950
433371
334836
309199
360282
393703
346474
454675
472265
-439459
318499
2583
123324
-170882
-517751
66673
317573
140238
277703
341947
157324
-33247
189869
-17000
189898
-61666
-3221
-507200
449020
128608
-159390
-509148
-474238
225302
282431
508898
-63899
-440186
218460
-292879
-158051
-265300
-356779
167874
136849
196152
312485
-71445
-12026
-433753
-475613
173094
-110472
-492476
-285599
-364888
495831
144167
426363
-248745
318703
436244
-54292
-479478
28671
-22247
476958
479605
83334
263577
19167
-255137
-37513
306500
145048
123260
160300
-206992
501202
229852
-58986
-119599
-19376
-300887
-486546
-187462
-515321
335814
469802
-481662
-39772
296930
-287897
-115408
2967
380823
48946
-510905
442819
-109806
-469339
291318
-157742
-376481
186529
510894
-228072
65683
-485237
98843
353103
-127450
-511491
-111567
-113639
73670
-498323
175064
-19303
-34476
-200822
-156505
88464
-6554
5881
-165101
-202306
515422
-513576
-502953
-461134
468670
-173153
-132196
8024
201782
-406734
70049
-362351
169462
19118
-317916
-231222
291240
-426545
-72153
-66210
445190
407721
374732
-241532
79251
483499
-83912
-350377
-388119
214463
376624
-438096
117489
-39339
129311
389967
22467
-31461
-336815
487497
295521
-382905
-162132
-284104
323475
375701
-193015
84391
-9193
81546
304718
269687
-333211
74703
393383
423210
-423280
-329406
-67027
-337512
-53815
-321372
-143581
-207477
512403
363989
-190191
461361
257199
-275513
88637
282707
-302332
-259029
-293465
-410828
-216576
-2835
-497794
89088
-476922
-144561
342209
111892
-261787
51571
391474
-110103
-134780
296147
-32544
-104875
-147817
60913
226894
485535
424875
493321
-402177
167069
-89095
-51937
12793
184558
458217
-434961
236308
-381527
510745
185250
421214
401655
504291
-507790
-202445
-283114
310375
294003
-335074
421725
-501805
299339
-105819
148474
440059
-419369
-485140
242904
-365769
-260013
405621
-138761
-338340
-460581
12817
44503
491452
-237564
440259
68662
204655
-173074
377700
18065
164713
-129639
-205216
-510208
-303736
-389800
342883
252019
-523408
366702
347795
-138923
-15079
-221192
474064
107688
320303
303056
-253
187542
63511
-155140
-521396
34517
-87205
-196877
-314966
480011
133933
-366363
167418
99663
487967
-203324
483901
71597
-475876
-472998
-450531
447750
319954
-268750
81894
-488328
311138
-418788
15540
-321360
-358097
-224995
382912
323518
-173064
-254079
-417472
-466861
-456107
-2166
-430714
-173998
139028
64802
-509383
80438
438797
169088
395928
-489592
405559
14477
-64606
-7844
17017
-146399
-53193
273473
-244157
202253
-355826
-6740
-464970
6913
167449
316698
157388
-87577
-502636
-105955
45932
-452917
-54605
434991
-517934
-260681
394510
183086
82281
317215
245391
185392
-69801
-505395
113631
364471
441140
-84950
212381
-187021
-366240
499460
-146551
-51779
15029
-289910
405370
-131366
-505068
452844
-243535
332515
220461
-98591
-164914
250517
359064
-389754
103849
344549
167680
-213610
141279
-291600
-218879
-196504
-22152
-73991
445738
23685
253977
-137442
451548
-78248
428580
-288705
288587
-353681
-12798
-361816
-524192
-344258
-6991
-513676
244190
-231101
520552
396602
380494
236504
218545
-247621
187040
-369133
26812
-108089
-505040
57723
430639
-344405
-454432
-485933
-428192
332454
120028
-282948
-514779
-28605
-189747
29652
-6491
-152052
-75458
338900
-383083
13079
179562
-469600
502792
477183
300121
523594
-272684
298200
121494
-206735
-173359
-390423
250156
464414
130115
-70339
-275133
-215844
-124911
-266468
477469
498732
-185556
-228573
-319628
360847
-420048
-127001
-282241
36496
-505506
65345
487190
-349345
-444581
-67325
732
-403965
117126
509818
518300
-16965
-397177
-365943
-174297
221849
291709
451658
411701
195958
352259
-490088
165092
-460499
302857
336253
-281567
210409
367241
97216
-345820
140480
136626
247630
-408350
-308745
389325
-388219
-472275
-139003
-362693
-38527
369187
279618
-40717
67547
-300087
-139937
-104814
515499
376370
-485373
-448183
-352121
-373319
-35964
-245944
330960
-45474
275321
-488162
474761
-204205
-187488
-282518
409391
-455917
361490
141284
-45895
205708
-390088
50664
513016
-247455
369290
-94489
-352879
-232091
8326
-88697
-32828
-35333
21726
-332982
213360
-169377
-173205
366736
422013
508706
-191292
-77940
255432
-404271
-289483
-478110
490903
320987
-370387
413329
313740
-238676
231034
-260175
443231
-144243
25764
194723
-352525
222903
-214888
167583
-20702
423254
69573
-130146
-512222
154384
-117040
-270580
-520686
472027
-138860
114272
-421396
497648
224518
380098
317902
61842
470112
144544
-156896
270811
-83257
-87579
-387534
-364176
468325
113705
287088
445350
-313465
-368513
246538
-441743
454887
407009
-443366
-395206
413986
-25970
442731
-370637
-209972
-216666
68673
-209529
-212325
-499847
-339824
16458
-383530
229527
-421748
-507512
-26525
389867
296658
396692
-438143
136850
228605
-95976
-43346
482559
431308
-146713
-94735
235328
-83740
-102233
-372668
-346918
-209873
128990
285006
-369752
-523415
-209220
-166856
267905
-200534
-130040
-17166
-258165
-327840
389530
-97875
92617
-91479
-223802
-179148
-421006
-328205
-392659
209064
173733
-488006
-121304
-68897
117870
-491334
283952
325855
-346303
30022
316097
287089
398689
226635
385137
269359
348077
320532
-250151
-358737
-219252
249687
-392396
-71992
24919
506945
455735
-461050
6679
-369356
-233434
-85513
-511171
19336
-404814
-346303
308254
-484536
-18776
441962
341968
-209441
56538
203330
-95143
170127
-256631
-285367
140354
71241
214162
-337581
-118980
-519313
240604
18819
425053
-244047
486106
-342600
-87073
306913
-358949
-102109
-436165
-143766
167450
-271027
336047
-358197
-184677
-28185
45593
117255
-271113
-145853
502660
-69672
-306166
327273
196939
-489993
133394
358991
-127511
461169
504844
329537
50225
-266618
327411
111825
398371
18572
-463485
-267455
-53721
-107881
-274464
-210152
-467242
-144000
-41059
-501354
-174951
-29729
146997
149338
436929
-396397
259106
-108184
-181242
484415
-59574
186215
344485
-249639
171296
93180
-220736
416555
-520570
-508599
270468
-90480
47744
116620
452818
517061
-330194
-126074
329887
143806
-462795
-392005
-222303
239795
-224658
-269090
-116933
293017
20336
-446800
274207
282656
358300
268637
-157377
-164099
-293441
119469
-462328
-263474
-9476
-330130
-12750
-358415
-301579
-179343
463363
426909
-266292
157001
313707
-420272
-306485
100975
225903
-394945
-49112
-103707
-113460
-412821
-226726
-133834
447366
-246056
45331
-21756
-299919
-103970
175925
10486
-362544
-454609
-66671
-9076
100677
393849
433235
359344
-91421
-288293
442006
394864
248141
132378
-51668
-145482
-68234
-50895
176468
-306191
29510
53960
-497645
-78627
212614
38656
-130354
172423
-307709
246344
460857
476032
217612
-223487
180708
-369579
128221
140651
220310
473634
-457615
61891
-485759
181198
248134
-410944
377400
521063
427129
116031
350882
-287018
51953
496576
-490942
205611
-260815
-106696
-411750
-419394
105212
455919
260126
259940
-277234
-271554
443603
-126238
116418
-342944
-459040
256681
131137
-492207
320678
-174819
-106507
191390
235395
313053
-17643
373797
-314829
-89569
-315926
-376352
-222033
-308573
297602
413618
112987
-40612
-84355
-377232
3656
455775
292285
-341175
188541
-301516
-453799
-144056
330059
382702
-43017
478372
170447
-458085
88710
281972
51857
-422708
-408005
523824
-500730
300405
266342
283839
-332976
251859
-77537
215036
-52777
-62545
285537
166429
-86397
82656
116924
27913
446982
100371
-94139
406740
-462994
361705
519263
-190912
-5506
-353475
351837
-480746
-476937
-298114
-129549
-100043
400516
252120
-210498
-307270
23869
379962
371983
199619
389075
-495954
-326125
-201227
-356517
-468340
152279
-5832
151496
-481335
-285144
308307
-358750
466567
-31182
-504178
332398
97573
-229202
41270
149761
-23570
-473590
99277
115280
-71635
124321
-507768
-137280
292759
-250637
-351718
-176514
395724
196685
-76829
-522301
-74004
96834
-259778
412949
-142017
-113797
299982
450588
-470561
-59404
-58100
-246870
254207
-483080
-118066
459946
-500545
177638
406446
-159545
89280
338098
-448100
-167044
-194151
-355975
-288322
164278
366406
-16384
-194215
140058
-217214
-361447
158144
290239
-52162
147291
-214024
-470395
88245
497207
-355716
-174368
-446675
194853
-331461
465545
272682
-132955
-21510
-206425
-185052
-383102
355454
456320
173272
-54133
-275472
276782
-13327
-80716
-230383
425171
-462145
437467
-75989
-217151
133546
-133606
165021
418492
-216858
-245617
-172496
-157145
-315465
-12916
346674
241840
-98120
28148
364530
-62119
-409215
-359473
232458
-293399
143427
50635
44764
-71300
227472
438796
87141
-218246
-293352
456421
-482168
-414523
-119256
238165
103062
-447686
-294686
-106634
-34325
-65269
117410
-483701
-126428
225402
225607
244556
-342018
-85499
-137137
23704
212882
-263121
-241405
-487719
29338
80378
97237
158029
-15097
-496036
-149040
486225
332553
413678
-33310
7052
344069
-474609
-489462
-409309
250086
520409
-307077
140067
91889
315863
-217657
183393
-352098
508917
-369563
424123
-473397
463611
-176972
217116
415515
-212684
466326
427800
-30992
34636
189499
-242991
478330
324224
-57076
-124608
489314
306035
84050
414675
-1041
45958
-474525
271057
-490108
377113
111533
-432399
-82725
-247026
-300014
-208600
318439
390631
80419
297383
48239
-6981
-18988
412460
221021
315001
-30222
281736
-295689
271994
-103674
146195
-392548
100335
328124
64777
67234
-457004
-502769
40006
463943
329687
-416145
-146131
-34091
-295235
264777
424037
501823
-218416
-246856
-273249
175559
-84961
522517
64205
256325
-504901
483507
-370060
-456303
219534
329915
-486370
166560
143133
-240105
248627
234341
-248521
-377545
-476020
170335
-440216
141736
-42009
340053
408499
116052
369821
299801
-255054
-93121
83719
-252642
424781
266226
169824
196229
308288
244604
303120
-76067
-307918
-110887
275408
522809
-341519
317913
427763
-281797
513962
-43044
-139171
470730
-142451
210746
-432955
370528
-468835
263941
488943
482811
-275988
-410251
-290712
204214
-265914
426381
-106052
-160624
446124
-360256
-37605
-86094
376889
-334557
-272895
-42177
-333521
142641
-369916
-135596
375904
154325
-470365
389508
-90963
232209
-464394
155818
404171
-47540
-141896
126553
-66383
234511
93594
-309204
475938
-116350
297093
-155601
307726
-208698
452240
-172555
400905
-439252
-13916
-243194
-121852
-360243
460778
-367523
-37069
229164
-62994
-441520
-304043
-88747
200500
50143
-92959
29494
-85509
-411581
445842
109550
217488
48457
221251
462308
318194
-395255
189091
100066
187469
62128
-470824
320117
-378460
-279381
-39433
-430825
-234323
344426
371602
380936
342897
275004
-400287
-125510
-181783
-135179
-263703
-160047
40266
422681
-131994
216704
297787
-359746
-295311
-109139
-498840
206603
336339
426138
-142583
-86903
127601
-442690
262878
198560
-386588
327638
-486290
-25134
-411545
-467928
-152330
-22582
-15767
-46558
511032
396097
486904
-208515
-122725
175599
-188334
78488
118894
-122453
263055
89966
-200960
-443624
-165970
-357104
307900
-323720
-286661
-307308
-476043
156946
443866
129386
476358
-257627
522715
37160
-507785
399321
350180
-416167
-116189
155430
213356
-447430
-289694
79119
-412495
-97540
-296413
311098
156078
453404
-304696
212318
-81345
191970
-116110
-293807
-488784
468667
413357
-454327
79119
-410610
-111164
223679
288288
341288
199594
-347769
-123479
326436
-485693
21002
-291574
168838
-34292
369890
-313978
-397205
-410364
310889
-385096
-301422
299445
243310
231622
-393232
124527
-119192
437638
-150666
244992
8695
225204
181437
-494215
402966
-101338
-289247
-192046
-235595
455397
335662
-307186
261765
14678
65405
209194
-197407
298830
-8242
-303660
69296
-478231
-156902
57710
75416
-76300
-402003
-452923
494184
-509185
157769
60793
136043
90605
-449553
-245210
261178
26854
-151686
216822
269545
-135039
232559
-227038
-288548
-419648
176779
-166899
331592
-79757
316638
-418996
482327
293602
-346710
-141149
-148956
13745
-253944
214940
-470143
286971
-16614
393103
159380
405178
-522595
50486
327310
-405447
-509639
424687
399295
-23583
-411031
299335
-354084
523195
-67943
129190
133076
-283015
5542
-194136
211191
-340754
151832
481153
213902
-378639
-97640
363070
373562
55587
483720
306236
233713
22223
-64215
-45456
411234
-498111
-499408
126383
111783
-152509
-483899
-496287
463852
-436396
-180289
41695
-171947
-266444
-428048
456611
-467721
444227
-378437
-400942
124866
-388142
181011
-140955
-461199
-292819
332245
-175812
-84647
381345
-231200
-144464
-312386
485203
206020
189128
-266555
306045
57710
-11940
239702
63532
8151
-323424
-364395
-319552
-56569
419111
472686
149468
453330
55041
-288884
195809
-199420
-394932
-412944
183938
461981
310271
-403747
-6513
333712
468161
-442242
33306
487257
457024
-331135
425334
-165294
166608
-279121
-494546
484855
-41556
281467
-28187
488896
-508441
501277
40771
55388
-462960
273084
-224799
50027
390707
173837
521022
-490977
-248495
-344334
31015
-284671
502294
264968
-76566
130163
132685
-494116
251345
-353240
169303
-191108
266597
-386580
-440674
-343047
-380720
205348
26203
-89211
-201893
-95847
121101
-2154
-150219
143144
136127
308533
-258887
-23503
273724
222067
287588
256720
-489488
468798
-364627
296933
72416
186396
387828
427664
-244155
-502103
314309
-416809
402989
277079
87897
227155
489014
-23618
189988
-138917
419931
-300095
2336
-255965
-156392
-452589
145242
315844
134900
-381472
-468399
337082
-488061
103256
39906
-208146
-285938
-4964
349012
-204875
133796
-484292
464072
-491886
188527
-274491
235692
-98898
346682
-262105
516575
71809
-311172
-421089
162129
293084
223037
-105624
-485883
-318985
-337862
233428
125735
152688
68208
-389501
-380029
130993
382201
27192
37374
118394
-362982
-425415
403311
-515281
-311667
274558
-31872
-513841
-139642
-16897
-185591
-515555
309959
-109565
102143
382928
88601
324418
247175
-481975
-523328
-318000
434890
-165428
-492156
-15664
-108620
91720
-493202
403835
137403
351289
-315924
434450
-105787
305118
-64488
112810
-402268
268424
-93078
-457817
-305014
136176
45057
-272815
-13794
-30906
-226693
-370620
75739
-118070
-522218
4619
375059
-463178
424861
507735
-108024
155569
-150264
-217977
142938
-391759
3555
-226845
-37316
-381299
-427038
278011
-129574
453416
-389915
-134353
-15812
248286
-162708
-466698
-11623
-380763
350659
-491058
-437705
-60111
432853
153829
-451679
252639
5038
35714
298243
166791
-218361
460761
330068
-160697
285532
452526
37092
-78664
391421
-477345
-275563
344232
-110935
-488691
305365
-411998
-329952
197677
339495
-290045
-176439
152101
-117730
-432752
-122845
-217736
-371987
85355
395918
62561
224143
-274989
-24311
338262
-513227
-334989
173003
-249409
-143436
338621
443828
519446
-342610
175668
-97368
-383015
479406
-350180
-136503
138546
336882
112616
100484
-520676
21816
189212
-305694
104176
-9371
-34997
213452
217992
203707
472041
-43494
459346
457338
-261795
-273468
340211
366129
226178
302148
-140397
84740
25779
177555
231721
491532
-450694
-451338
162709
-39520
-396576
-233718
-440220
-142591
482582
155213
-436610
-378936
-475285
360694
112467
18529
-508061
111579
-145909
-70722
-75385
-257369
504804
444611
320219
310504
8941
-415074
-117536
-337353
-231009
459344
311776
-333736
59075
-203713
273623
122098
470302
-363108
-357561
-441654
-174656
113303
174715
140711
67334
-198346
495659
241757
491306
243825
261496
311138
389160
-83826
-398624
40798
503610
-464789
14452
293406
247753
-256076
116827
-82387
347440
90719
317216
-113058
-405800
189457
135773
160895
-231687
-221803
399245
232074
181838
185495
-255064
-154823
-434302
-89476
-195895
-224026
-188467
-97413
-330698
-397295
85168
242146
510980
21625
-106686
-416714
-93697
163532
285170
-494282
105876
202917
-490313
-235770
-458630
-358687
-478651
196296
458321
-409328
337439
333190
460493
109508
-419053
436899
362168
-102372
154785
-166178
-508197
384697
82523
-357900
168502
420187
-175053
-438525
138080
-431348
462831
-108400
-291625
-425860
-335046
-514814
-239659
-205180
21286
-357232
-220843
-178703
-430870
484637
274382
79251
515876
-57292
-358522
446058
-404942
368444
417211
-119885
-117051
273375
232983
-36284
-517430
-449248
64521
-3165
42157
-378073
-304691
-335112
-89551
96585
-457025
46196
365219
278047
50846
511177
-378551
250228
337710
510886
232609
12089
-491535
-366421
76082
-150802
-224142
-329603
343992
153525
-16836
-297264
96566
299076
-213269
486571
-422326
-245693
203835
-141233
466107
75388
126429
382642
65212
192153
352476
-109530
327147
6046
-35604
450108
-349463
-166528
150384
-246498
-419418
-359576
1749
495691
152974
-335028
-474813
-62201
-320737
-143995
-204821
78819
-5508
129533
35339
405080
499459
307250
383929
476729
-17639
136859
287271
-443826
-231703
413839
256186
-449621
271781
-159342
479747
-429479
-460961
21360
-43312
-323148
16485
-133313
293040
-430726
101249
-390085
-134176
-427323
512852
445831
372234
169243
181255
-57316
-370585
-28891
-69289
-496466
503866
52436
228891
-41435
-119429
456632
-168010
383546
492180
-271855
-60099
-106334
-131393
128129
440476
-128396
209211
141815
122498
-312007
-241658
-316043
173962
-271049
-296369
-70930
-480168
392703
-92438
-495590
434556
197257
-117945
339473
-37978
-240215
124658
-370605
138145
475439
-130099
272498
-190203
200056
465583
461655
-430881
25806
75657
-26003
-236502
-468347
-87218
282201
-285227
-379814
348480
-224997
-402115
493922
-458222
-119756
28558
318003
6696
367969
-424460
-520027
-454195
-510572
-330755
-435113
104706
479182
201377
-370832
109312
-45128
-240962
-402038
-447785
384797
-113327
-142432
432938
-10757
-285556
-211845
35714
-182295
-99528
-466312
-271103
132081
332582
-305309
-513616
320635
412417
107844
376185
430869
422765
-398249
377551
468445
-304205
292232
-334756
363119
-429910
-29223
402540
-419945
197217
274372
200676
-57910
-77880
-94823
162600
-8792
472330
135779
250578
-238801
-36434
218444
172130
-195925
508781
96642
478902
-136671
12361
522638
-507281
511735
174788
-405031
-370463
-384710
202805
-130595
80034
-155212
426654
106211
230240
-16261
-282498
-85254
279464
-30441
479481
-79060
305340
415890
92995
454510
-88589
10451
107092
-262768
302636
339425
318265
-309782
491560
309373
-358340
12018
247880
-312226
133590
353090
-518841
-220544
111407
241360
-340719
267251
-520314
455459
-67324
369174
-116724
192217
-86606
290830
-373327
353320
-77199
297821
-274441
354573
22135
344492
502322
431500
92519
-79350
471836
-499567
40557
-333215
-131170
-351990
-238420
458466
286684
146005
-124386
-245786
-522058
468403
-17442
48526
464519
191922
287553
336061
-294563
-37818
519669
30431
400201
-45316
483120
307696
263107
-290669
-231055
288485
385318
-482779
-455051
-438554
-348433
-41961
-107546
-481930
26538
245905
-314202
-414716
108514
-69471
117341
133218
-140583
280883
457
74214
-509781
422854
-128408
-12278
-264609
-447481
9433
271699
207043
-371457
-327499
111748
-449792
-13259
32928
-10472
251850
-387638
321343
252740
-486833
-90004
-345235
-475399
-171004
520182
-284137
152543
-321911
-436442
-473570
241222
-26743
-42247
89371
-179271
-32960
137543
-462249
381345
-248896
-206029
425254
3078
48398
116122
-355521
60624
79833
-102753
-313983
163261
326087
32489
-3173
111580
523148
-284692
395699
-206016
85745
-270835
209522
-334605
507190
301146
382152
-62280
-403371
430357
400855
-106971
-484984
-410256
33597
-177668
-2788
-395561
-352995
273867
-457314
471964
227690
110037
-500038
272092
-91399
226853
-473915
-192592
-280102
356375
-119996
327406
137914
55668
462896
-102086
-245521
-377325
396140
431598
-392131
-275913
117742
213565
402564
407369
-61946
-367133
-129674
354445
-430708
-187203
-86249
84356
-512167
102026
211459
49265
444472
-297498
-111450
286297
-454069
-149657
-393752
-170528
192686
-156476
-152945
319749
-421053
405346
260226
-367444
389920
364038
324758
-67626
-187658
-119872
-164070
500031
-486679
172528
-496561
-413565
509068
11533
317221
-215591
251881
222850
-86812
284372
-412647
80990
329972
220388
-31063
-318982
-202466
70548
102213
31940
208636
-478973
321143
412057
302882
236925
330751
250916
366965
455867
-276851
385749
-243175
224755
250532
500220
-460360
135133
50406
464650
170404
502317
-182307
-133249
71520
-294698
126061
118654
482159
366594
-161947
-284742
-378336
-282681
-187347
-24799
295737
22196
-59419
348626
-202599
66233
-473093
381702
368931
106508
-187577
-45303
-208846
-360908
414049
235746
-171707
-7062
79425
-138461
255987
-6375
-194863
-251967
468989
522936
-79881
201041
-164437
-477921
-249686
169429
-272071
-440545
512256
-55365
72954
-283593
-80912
325808
-417142
61497
-301254
-28603
334974
-377761
307702
333002
141579
-344662
-357446
-137479
-497166
-234680
491634
293099
183845
171166
-443021
-173365
-207362
10769
-25805
-191367
87406
-87365
6833
-426780
-58574
-277377
489106
-151209
-131799
-406955
-109521
384594
432176
462622
23991
-218969
236591
403687
-187628
218048
100054
202746
248465
-16311
106576
22410
389597
167230
-356144
414282
68045
89956
152145
129151
114745
-519917
347035
-368892
-292141
-231241
83488
-27348
-455472
-492302
102933
3553
-218025
138501
-84855
-372367
-209977
-282941
363204
-381739
-511156
-448477
-466912
406702
306517
-283908
-396186
418440
-517806
188444
-306433
-390128
-378937
42454
-519350
-114369
480124
-38972
-57423
-442001
276206
-134008
-14533
119263
378121
228983
23011
163294
57761
-466832
-91595
221192
517130
-130269
-419895
-350020
-502225
-352817
-9842
463693
-429181
-117459
72555
505923
-246105
60271
-453758
499862
-355505
212311
-66369
495795
34638
-269304
346859
-226460
-466302
51104
9824
-420826
27811
183140
-3340
-267763
-363651
-52307
-289449
461837
25160
-10830
-135532
74589
-2140
-120690
-223603
-513236
-223693
-493946
-139962
-181769
-328453
240612
-521589
-41092
-216420
405915
-59220
-155996
-220485
-370414
28244
-120204
-217208
182341
123213
-455052
-501905
-386657
-289285
490990
-379205
-390320
200120
371775
359152
258877
264168
377551
131758
118204
499396
-153968
270185
-269786
-394891
-119609
174527
44923
-341149
319817
-79939
400068
210592
-84402
-463878
-374087
-241681
-362909
-247171
-514438
-340401
-435417
-258776
-170932
78641
-91471
419647
333820
-508917
-184751
474765
455010
-115061
459630
-158191
-215102
-260236
-183636
415015
448525
315790
-214365
11141
-275692
176086
-176727
-278321
-9823
305471
183676
-320007
86796
-461757
-94460
-499722
476558
-116519
-125720
-21604
-450678
-441000
-10884
198241
-74608
-272873
482966
-496984
225167
-14103
-454018
-332931
-167087
-196559
-326212
99925
-3821
363673
-287166
-134180
-245032
143669
-82506
432255
509868
-361043
-223074
407373
41647
-270950
335266
-197487
61863
-507316
-465606
441810
-467342
107026
-74530
406788
491157
505020
361071
-322346
-183608
400510
-117056
-158829
280902
24112
-338495
-325208
-246634
-85784
342344
-103945
223687
412091
464831
59800
441037
505834
30304
291427
204636
163515
-194203
233970
23153
477191
-156435
196748
-356325
472636
291516
59058
236697
450254
-406550
188130
-60518
311478
-360023
-142560
-64572
-220178
276498
363903
-326093
445713
302572
-94064
-302382
-309418
161746
291328
178006
-521998
413623
-288965
173662
23881
-133094
3341
332349
-165065
-115212
166757
-522013
332721
-266706
181171
33885
-147737
-41818
348748
334660
-149614
-501331
-54875
-129700
488352
76483
408840
334298
478442
100839
-301396
-339989
146744
219825
-135851
-415802
-358226
-239995
-453008
-387660
86020
27376
422416
109063
-2170
-73861
-257295
-469604
-10117
-317503
496380
425372
126537
-430462
419715
-157506
344335
13378
-433655
-52282
-165238
308994
-294626
365095
-158084
512931
-58360
123706
-255482
462279
201050
-129858
414719
-383758
410385
257584
82895
-155364
-247607
432945
27218
-452705
-320861
-360832
269868
-346585
-383287
-77863
-490093
-170297
181698
-485715
-404287
37167
323428
387116
262775
-166509
409344
-369393
-427163
-450969
-235364
-211158
-51560
18163
-346210
240627
266636
-518664
-16490
315475
-173035
171052
49333
-118161
-160665
31010
93541
-447601
251956
263994
-493883
252005
-305056
-58740
-350170
298633
261954
199754
156629
-301775
477937
196063
189465
388327
-3922
249028
72448
-298222
-25214
342558
-184895
-93283
111329
-65503
-403321
-184791
160193
-122029
325953
440931
-442252
377094
134179
-73843
159168
264099
120574
-274193
-135055
-92115
415050
204471
-438808
58758
-404350
-306993
468494
307969
-465510
229878
-244254
93144
-348383
75369
191583
286491
-80431
236586
147035
481468
-240036
152544
372231
-279638
-394392
-32013
49544
-130776
36296
107985
242524
-414559
469371
-161490
515072
-437512
512311
-520680
328706
199175
-169318
42187
108033
-381664
443573
24433
137041
479582
-421018
357824
150664
511823
-224935
-494026
-103770
87522
202447
-173221
447518
-86885
244995
431632
-461320
504011
-241180
303689
472885
-278090
-222022
-482264
-17809
-306157
174316
23755
175040
455213
-152186
-323332
-341064
-419669
-93319
76971
513953
393234
342955
220638
110598
-112979
-417027
374392
-98846
-394584
52170
-39101
425099
-163205
-170506
-448969
193956
234614
-5186
419629
354547
-142888
-146499
-293894
-91748
31057
93703
-238197
211183
-367836
-311867
-496631
424225
-202836
-69055
162314
473836
77455
-278478
432303
372900
-365127
-308675
367300
-8219
-226257
218163
-353882
172731
322436
59027
-266617
-501863
40935
-244737
405426
153650
496425
314359
174436
-312867
433193
357177
-462079
-445141
-419948
-414694
404966
41188
179145
-380885
461756
-18729
-436567
264522
474105
-441451
-510667
-368826
134064
-252548
-61724
-412947
29738
-64686
-365410
350055
444097
248541
-373423
-368177
79097
-428557
118961
-194579
405542
-160431
6773
87366
-522371
465413
-283038
12938
357246
493659
-83727
475490
-341025
-77312
323660
-228743
193057
233144
-255410
-62047
469256
-104183
316415
-438579
-61801
73257
223024
-273777
-273132
193167
428507
-40295
-432504
277075
116109
-207379
294385
403997
-55763
-266228
-63614
-365690
66379
-168945
-34464
171792
-402257
180446
-119052
-191581
78816
-461679
-499299
-417508
56577
-378562
391998
25855
-115586
-411463
114385
-117987
-454360
293003
-115367
-143171
294280
-127243
-176993
18453
-369174
147740
-209192
-126900
-86915
-410237
-119147
244568
148249
161497
-124271
-355309
-233701
-399043
499732
-221589
192763
-20443
-426558
-128023
-65834
-290250
121731
-346021
40163
-99943
-469649
113850
-448121
463497
31326
-285740
292670
-469917
502161
106463
293095
-261877
-155518
3705
-439912
504453
-434626
300682
428859
201896
-391347
-260945
-369380
43670
-148514
-172511
-319134
373641
306579
-312343
468085
-263992
-313453
-470384
-240935
516686
213706
-214773
384039
-359368
-259703
77576
13591
447820
-370678
244657
-226740
-157277
412811
377267
107115
-298872
-404634
-312364
-231117
-235306
-485959
420240
493615
-473053
449399
79161
276971
-176120
-178040
191782
-243300
-474067
-171657
402639
165472
17839
296371
139726
460017
106556
435767
-351137
-334662
-399624
393565
-35463
-494531
-271184
53526
264291
133139
29748
-417884
290105
428029
153347
252961
315683
33646
266302
324558
-483745
344954
101453
-506077
-402499
333704
-316425
-47630
-4037
-522485
-10974
-241581
415182
510579
-308731
-519835
177317
366209
-524012
520807
-462474
251760
-448161
232502
-91528
92104
499770
394827
326885
-486785
58158
103851
458221
-102219
-443888
-129191
-429296
153712
-142791
-269904
516337
-330526
-364484
93607
502023
272427
328732
-411725
-468690
190531
-298759
-258068
105196
-30887
-296938
-132241
-433752
414524
476817
209039
-263014
-202401
504064
374018
54325
-282446
400512
255724
-377412
-62822
479030
-360854
-138010
222081
-401624
483504
-78477
-272607
309875
58247
54503
36383
436829
373995
8893
-160958
295387
-292936
-368246
136736
-37619
-128407
369100
105382
-191154
-500581
279977
-481134
153521
192215
449368
-112629
12065
-405558
275563
472350
123848
-445499
486194
404873
-437101
-261972
-98696
-479563
225437
331213
-303176
319453
146848
348344
-236055
286051
-228166
435779
-453669
-341466
-357338
-45040
-407499
-290155
399039
390530
-456196
-162513
290922
-222929
74150
481179
69896
-423949
-476072
-274337
-410390
303987
-349435
90181
119692
-365352
-271204
-206315
280660
2161
-446424
17685
-426553
34776
221627
166691
400991
376810
235032
-191814
-142722
255585
-115270
-45098
387200
-242885
-261151
-404958
-166220
-250759
17484
72147
-251283
219439
-362554
138575
363175
196343
-165183
-118136
-286333
-465309
260176
255026
-220743
297818
-343557
-354926
-150558
-507256
-453837
-294662
-31264
384310
-407248
-180408
293987
-277835
-350733
-505362
494648
494266
-146512
-478515
424285
215397
-270647
-268630
262298
349549
-170521
-308107
423321
393927
333021
211673
260121
-224437
-258118
-398013
512379
-502520
405548
275087
-356019
-153966
119164
-301819
361869
436614
236480
159689
-127171
106531
202909
-287416
-11596
195170
205337
65572
-417561
-129302
-466346
522522
414154
117909
447382
-490464
-298179
401792
3941
-26735
-212055
-418937
495725
291718
-206231
-385426
-169674
-419511
200710
-399685
-97984
-184987
468416
-358651
398271
-84541
495122
92962
-389370
147684
-257597
-100327
-480481
522467
-356911
-335983
-122379
-346800
349954
-361650
407694
287478
-413732
-165498
-328325
105014
-498104
496790
410225
-344773
-378543
507567
81338
-329650
-137958
-181310
-469339
-420886
-168601
-201722
354648
-425169
403132
77983
95487
92022
241097
-50164
172609
-153363
95239
-72897
-434670
507011
-474622
155830
255038
-317075
233836
-89061
492397
393065
-73142
-161823
394450
416504
448191
-289366
232392
-461961
-491572
3422
-430558
-153882
303858
-31283
-289796
-470198
-474739
515748
84697
449869
-200493
383466
-123539
486305
258629
-416551
279209
284517
-515897
373564
345350
35714
2332
-256042
160433
516239
-206758
-98380
-417776
-413445
-488217
-37879
-134148
-375596
265264
-418868
302392
438149
-161871
-478769
110436
98181
-237621
-238885
-304149
13607
-479235
-33984
382178
264815
-112251
-247299
418626
131127
-194714
22583
-392397
-360640
316125
401494
246409
-421388
-369113
-447304
279643
154154
143097
-405412
179202
-325984
119151
428900
-137445
485756
123606
-46885
-434123
9426
-344949
-57565
107087
477134
-286497
266083
484995
-350894
465509
202633
-386532
-260832
437628
-401717
473905
-458323
45243
-181516
523656
371529
-208444
-338543
363927
141461
413228
368827
-32396
431169
-320434
-435992
-378386
-148225
-114507
-300213
288528
309759
138865
24136
-323336
431412
232330
344446
-59415
-317071
459421
320830
89220
-110276
231196
286194
514003
298059
-81650
-419622
-209288
-334762
-408003
473915
-280466
-166192
143813
-390282
-514905
27442
74670
-386215
276954
318769
20073
62838
39813
-219876
4572
168432
44389
14424
514346
-468105
-255344
-493402
-65420
-392755
-493465
-40785
472809
51389
-468334
-344243
385672
111135
-380340
367461
-71793
106899
326665
139091
433829
-330772
-291840
-197968
-385149
293280
373995
-36845
485542
307429
-204743
216779
-106534
91991
379876
-251571
-111763
-81868
-304330
335401
390976
-170913
351933
431602
-140969
98807
-85078
310839
-444497
-189696
-378363
423341
-137954
348944
-81080
-326660
182463
381792
-268714
34007
20427
-14166
26114
61509
388244
314060
130669
511058
14347
520251
-148365
477902
-217742
-134638
276505
-37056
27154
300773
489179
-284882
495580
66446
44519
85913
-36428
-423668
153752
512746
345233
454298
-369875
-345838
242603
356338
218768
53287
193073
400555
20684
-103869
132191
-472350
-498612
-242688
262512
281478
458149
-391864
-138636
-23349
205595
206794
265628
459745
-417254
508033
367737
130875
-215791
-8549
51732
351300
-86700
-489266
477465
-362436
-191963
-14656
509383
-96683
145649
-513112
-191435
-8927
42242
426834
93724
292717
338791
-303170
-22971
91627
-507817
116819
-103829
-330020
-342092
-365904
-44516
-257733
-229377
130953
244714
371742
-227516
-237348
-38737
-468405
424343
-517011
360315
-500357
15357
80039
-171563
437230
12443
193501
-12493
-346210
120521
-499909
-136395
-375631
-513459
139381
-29982
-500907
-281342
169484
-336657
278684
-351862
-364444
-309818
461206
130902
440174
-164029
136082
-266839
-500505
-444791
-450742
-514913
-489820
-202922
-133542
329190
-45438
-100207
449329
149565
452308
212608
-359325
-278403
453651
496002
33998
-408088
-14493
26000
424286
-256535
-211330
443258
491686
393102
99569
-465428
-420202
-64853
361513
509580
-88377
121832
340729
494445
-430153
364
101762
-397583
-491366
375883
287175
84575
-266489
-494626
430536
-264111
-98703
195713
189012
-231286
116173
57106
343260
234322
-438155
45700
-107604
-173366
-150834
-63067
372124
-388651
301559
166100
-16608
-399269
-381238
-56068
44448
192520
107645
-524164
386786
-101871
255782
-336791
455059
-73119
49314
-469910
64559
58853
116009
-97524
96814
-377223
231792
502134
-128844
29577
438221
141587
506463
471503
74262
34676
445967
-334860
254352
166540
124169
-270768
349127
124446
190954
375806
-414505
93714
-143624
-462547
-150890
200683
315928
143761
451378
138369
-428694
-270135
371414
47686
-188254
-129921
31620
-138917
6639
469082
115031
318819
-254508
263353
-430527
-188994
257506
435894
-411089
-331791
272834
-444502
-314343
517222
-9193
75067
244909
-258783
52430
134778
306875
-294445
-426104
450659
277000
366826
242819
-437944
-125898
411932
-143888
-383076
-20396
-158103
-246925
-315848
-386461
-103859
-241586
-429246
328350
-520654
27513
97994
59197
-287580
-5076
-76946
311932
70763
-27628
-133467
-390527
175902
-385475
-105577
212062
320051
-159343
-24787
-379734
-183421
-28878
-477265
-390297
355979
-150378
58540
117064
-402197
-333392
-87981
-484783
-117234
193114
-227692
360101
-445728
149055
-13095
499211
-376460
-5562
388259
282884
-122278
-373356
-233956
180311
31687
-87389
437561
-282682
504269
-148597
-381802
-451075
163280
316501
-323878
-271937
431301
-459794
98928
-55834
211414
366508
106973
-448674
-222461
-238903
-88550
-145853
11893
506781
194215
303964
401555
-230852
-248952
-472106
-49617
26375
370960
-503474
421154
512072
-79190
-243486
500964
-247640
507658
-31056
-492274
367104
6557
342350
431681
-66522
279098
464987
-294222
-314004
-467516
341008
-339643
-516879
240611
-478111
68106
-437485
514086
-154841
182160
-133477
368613
-252181
220470
77640
-496368
26091
-74597
-145060
-214602
228205
-447991
2567
-420425
114461
-341191
170973
-7360
-289123
-370299
-395171
-173321
397281
-311398
250514
167163
-501569
-21920
302932
-421997
-318614
-270914
98594
226342
-500425
410497
40347
-385255
-85989
200726
322759
-153973
479014
461091
165636
-431805
-500746
1688
-72795
360901
159452
170545
221233
268236
-224313
411452
72482
375256
404078
356440
-124542
378227
423084
463031
337343
-242778
-341400
443981
-324319
-8854
-22082
406002
-60210
-204189
-263237
-403059
266755
40895
340073
341536
496964
102616
-160138
-263248
79243
-503549
493537
70498
-489957
184057
-40028
-109526
482570
-128047
-274630
-260728
-271398
-21609
-266382
-243057
-67531
430961
-502840
399838
-151536
-121336
125262
228757
127437
64241
-282088
-9337
337842
-232281
-315632
-4928
135615
-150960
277746
292432
-72641
-178524
-7789
-228619
197743
-213352
-452900
-326127
210927
-408314
490971
230268
-265597
-136942
408013
131412
-147015
-380408
-338392
-520031
-506963
394502
-214990
8374
-90839
-43164
349474
-213250
-101995
501432
400782
-211033
-99191
-311670
-63709
-390776
-228993
231435
-146344
245047
-275847
483171
-363829
512881
-404523
448064
-466030
443247
-121929
-81999
320674
211499
-288568
-487904
474628
82934
46621
177047
-415289
141220
138189
-117616
-292356
453094
473115
460018
-258697
474522
393176
299636
-29171
-285115
21405
-512017
-470638
-103801
-174349
90426
-116144
467834
26304
-253145
-412690
24941
-203330
158858
-207040
-145055
275610
200465
-401518
234082
223716
340754
177431
-48636
-226484
-313193
-314675
-224970
191923
395267
421332
-141707
219176
53604
-349335
-21949
-342934
-118737
-463244
-104085
-247038
473420
-480468
-84637
92478
18078
258837
230682
-422355
87919
-350347
343962
-338678
282886
-107919
-418917
235163
11132
-405637
318172
-131091
-76509
26958
233130
-510433
-121600
139052
-508880
-140881
-179109
-207074
-42239
-506349
506862
117777
365497
451330
-513761
-226511
360988
-454780
-188545
-76409
21846
77171
185341
257232
124729
315608
211850
-512082
-56806
284671
61435
433648
38931
200150
-348450
198962
453169
-484891
-397080
-284774
-64214
348652
169082
-145914
-510700
354539
-350410
321989
-212000
22739
-368463
-324201
-213698
287540
284822
-127424
298511
-384223
-328499
519470
215680
-340665
65538
144288
-254166
437376
190437
121581
-475031
257207
63649
-258275
365680
327989
23585
302469
387020
220060
301012
-220912
-7167
-481451
3234
-44309
378251
-133827
284890
-158327
401129
-198729
-414812
236294
424611
-215336
251567
-167918
195477
-384866
390103
-65359
467903
347051
437210
271703
375570
431778
324449
481075
205331
150580
-236809
73551
-288256
-222733
-33547
193525
-81636
427053
316980
-68837
85463
-398584
113047
141829
-465153
129176
-277138
-269277
-302218
-489361
-165610
-114187
-473991
-147006
137741
-495594
-275472
449656
-508465
-245498
507878
-390364
-65111
405300
-426266
43688
476078
-161841
51158
485900
49802
-39554
-362696
-75288
-315196
-442539
-308314
-196273
-143924
514573
103308
500828
142723
386928
514801
-222329
-227134
-17605
-66846
-192348
-252350
162318
494674
-11939
132788
-187102
-488152
316795
446494
-336324
384621
-400714
423428
369257
343906
-157711
-448915
157902
88753
-396999
-267289
429341
339175
-328619
356396
426128
57560
-234270
-491399
-401224
129937
-8188
46421
-229177
18885
5147
-162553
350
-216476
277249
-15978
384449
-172643
252986
34073
403322
-484270
-144039
-140319
166531
270755
-173413
-312019
-129795
-415142
-129844
423466
458467
484511
307164
-313571
-102558
-409622
15319
303723
-374756
-73368
-299957
25266
-312188
-359565
161894
162946
-109914
-268592
-296175
-182372
344340
308556
204821
472703
-6223
-97140
141387
406838
-152028
-376801
-379408
136424
501743
400585
-22076
-68708
64602
337688
-118628
507869
-156768
213757
522549
160251
256287
242977
258725
-300107
-369943
346924
-357354
373751
347034
266636
-398290
83843
-477360
251702
257542
421965
403443
430673
168792
78272
-175652
-365139
68119
448959
159374
52057
261843
340694
-76224
-347699
-175781
-425491
-474078
-32985
36328
-313835
492705
438853
412309
-393738
123311
488886
-74520
-150942
407340
447280
500590
273022
-382769
382650
-316762
-68820
70159
362319
520557
-151847
365818
-235472
483527
114575
-148604
456781
-121097
303557
-217196
-279392
219280
66576
-168911
-66509
-95748
-171514
-140677
293632
420749
72672
-145089
216066
137710
-394859
-146864
-120225
-367650
-371868
325019
382508
10361
419530
-144139
68108
-346173
-23032
310376
-241772
378899
258691
196116
-303442
-261765
-107984
454309
273
-201440
-336100
28938
232054
28324
-262091
-207019
414040
-418220
302858
-237745
360648
-165601
-296935
-264165
-223638
-64533
-252031
360799
-190202
-149493
82572
105708
-356598
478705
482283
-446187
394752
305797
-471886
519412
501954
-133606
-520749
303152
-192195
-55208
-85813
37156
-103009
275773
8116
258356
454955
277697
-515425
346418
3244
-355509
-444329
-103326
393552
205782
-277546
-457320
206230
-97491
65523
218162
-239165
112994
400224
73197
-125970
-378492
424770
-170304
-522550
-276397
199462
56767
304773
208716
-144935
373945
-401975
-513878
-434863
-481512
-478553
499787
-376754
-366539
-239303
-516731
444893
420365
-458315
-367155
517909
8105
358365
429890
-63580
-469867
-91579
-404499
313307
272191
285084
-239890
-134372
-204511
200727
55720
-74244
15852
472077
409130
-126842
55319
261841
-144288
-65396
107317
-281489
-87382
-101892
-129636
-67160
-416871
-333414
-21374
-158877
472651
-401418
167110
471800
-422235
393789
348957
-96814
288941
522550
-472689
165802
321470
284885
-174309
199711
222102
302664
-318599
270735
133113
450747
63688
229398
109685
-30384
-97427
-31023
-377390
347290
451011
-205614
205632
-71453
295367
-120214
53098
-201570
-179146
-446622
-94305
-104281
-232671
300185
124802
-370484
344034
253649
-283908
-448083
152974
-489263
-517617
493615
-335500
-403098
326054
-183374
260450
183480
-483708
368093
-30797
-429244
-94560
-265333
365903
100080
-179919
387748
-398419
-389733
72203
419695
287466
-244988
274720
237848
58780
-30107
-230482
-39476
-511661
399864
247087
389890
-415315
-129197
-522549
-325313
23374
494692
450169
130623
-375593
14571
-368567
-334179
329971
-320093
-370576
-269177
-205568
208013
-440458
-469591
441303
-295617
401599
-215215
116359
-344591
-501243
312499
-441246
301513
405173
-368112
283941
-92618
396190
138797
-350055
248161
-357476
205557
-65339
-315087
354850
414325
-397966
157508
-211801
303150
358318
166429
-48320
-77950
8036
51419
175521
360119
504820
181646
330966
-295805
-7946
-379255
85096
43916
-489354
-248644
-523315
125276
-500331
308636
340468
-344734
282801
464643
401655
-415618
72245
-7286
-32518
-360769
355152
272466
291545
-346395
-60523
-307940
-336259
343260
-502307
-80317
-255045
518510
511232
-370503
-448601
-180164
-176282
59843
104540
514989
204892
284098
-474458
-222671
-179954
483111
433431
292787
-326089
-409884
242211
241782
-120390
-88533
-310714
322317
315649
-321443
-496914
-366448
3611
280746
248744
-2375
-140778
-181281
-404218
-303510
227084
497047
-216263
-320934
411816
-518202
238247
152860
390087
276502
-477802
230004
65524
-435942
-451916
129808
54684
208253
187475
-219034
-206297
-484467
-320286
167834
-356427
57411
-323605
182609
-146079
-59078
344070
260906
-259409
-200465
-160586
-415620
-337989
-478351
360603
-246179
146111
481968
-307919
60680
108554
389252
-218006
221995
-398086
-380491
75449
13354
-18338
-503807
310786
-230302
-119306
-242674
-391647
-220696
300732
280646
-412124
255292
195927
-188797
216687
-286495
325637
-76711
-108037
40644
244913
222343
-450120
280117
-328451
-99871
83992
-196462
407870
392137
-153312
-263776
-60909
-44677
476213
-315241
-27022
-388990
-1927
-147514
-49091
50708
154643
-160937
128317
-329969
-428667
-220546
-351107
387852
41568
-225841
281801
-161164
443784
-370059
361237
368986
81524
-207409
462565
453095
-524037
469173
-391215
-52905
-519027
483633
45265
168605
-56225
458546
-314268
286073
471582
46089
294891
147394
-323014
287002
339017
384858
8089
292285
-370125
-190987
396342
-494431
-18887
104072
102887
33166
-197007
-213684
294477
200517
407012
-384922
-59910
-410244
-515173
238797
1031
42256
125270
-356210
-420915
348904
-225792
6432
-184421
396986
-329390
134727
-395990
253690
-25062
-328452
321842
-518308
172168
131476
40679
-134744
39157
-469941
-514329
428449
185558
-233317
-47994
-404883
-440512
-253541
-298465
176538
-334014
432810
248333
113758
-406643
462439
-50620
417768
208644
-4228
438520
292472
-720
-19393
158121
-237321
522756
118765
-412261
-280047
86729
419308
256024
-154973
-208913
-292527
-265558
-524216
-352915
476012
382249
98237
355353
-446654
-261329
-411832
356573
-140010
-175039
172844
-293923
-197140
459990
139221
56463
275036
228167
406680
351156
-450695
-96104
53364
445418
-438040
419406
441632
116085
165868
207106
189676
487801
231552
-91411
361509
-392115
257759
-267850
83169
-120394
414641
-470782
-82524
-244191
144795
297415
-212521
230966
-354883
-218593
-519766
-105658
-154294
185993
-421795
-263882
279199
-340510
-472226
171793
-121516
122931
-490020
497079
234849
429516
-482662
-507890
-322124
-461906
71984
22156
312379
340104
328200
93056
-11487
183377
95050
303178
294136
480773
224280
176969
440130
-231690
-187688
166061
243485
54497
-28814
-385514
171039
-123774
174569
-413406
-171778
357142
-397156
498600
-123430
364163
34113
-212124
161648
71173
-321274
139666
-453417
-351609
401382
362561
295031
-293912
-251732
169793
-497118
-200216
-389337
122274
-323176
235103
77560
-184332
-425950
-345248
101574
-471682
-508295
-82839
-294781
-462138
499544
-20689
72293
-346267
-148575
-516853
81588
256035
-318287
8421
-144877
190202
486489
-89630
521325
-209456
-383151
478070
-20512
410132
-213205
323718
86346
-292514
348448
-140693
254505
386521
-203603
-478333
256589
101704
55871
15222
137043
268190
-419329
299056
-504553
467198
377995
481110
-398048
-221304
-416680
-458841
119208
-14308
489284
-157713
172697
353149
-513451
-448571
257041
-19957
-146904
-346762
-411566
-220639
-359625
-421341
434352
-21706
410485
-492074
69182
-7293
254846
-167206
150393
142206
26124
-182403
93780
-482040
177160
-385619
-36262
-156793
-296972
-517847
-65435
-321695
-250008
-120991
-360224
171409
512631
-290061
-499866
-484189
-450814
-75962
-379897
115067
-113405
232469
-468921
-153019
-66673
-396607
509147
428298
313741
-463107
518485
212032
-121039
443175
-516387
194723
-17218
116539
-329972
-459184
23959
155650
290295
-136078
153890
-26017
-492907
-450661
414889
7401
232486
-128224
82125
-434446
-215744
-135553
-413092
397526
31353
-288414
-88401
-457035
-153818
324243
-75823
-232263
-183059
226649
-222744
-146392
-294742
13213
435703
-14038
33677
435557
-168589
251689
479993
142759
474880
-198178
-389697
-252007
46908
104188
-210044
-372052
106608
-453670
-196281
-322383
185931
407481
-282456
-230998
-277396
-302642
-476843
289538
-515155
-428662
-7908
305502
-227338
321393
12956
-359374
372044
261947
103823
-266888
198412
506741
-426882
83125
279700
190118
323594
436758
-172205
136854
437210
-318021
154369
458696
-182461
-301407
-214360
-334445
356290
256254
86979
-365936
477060
-445005
231116
101338
397638
476032
341373
-522113
-439923
282505
99537
-441426
-50255
388529
-186932
-475354
-475379
497114
-406691
169928
-42109
34888
494940
51330
-184742
122871
-421912
50296
-36916
-509043
121609
24777
262887
-275946
84882
-100839
152433
-500956
-439682
170886
34109
472051
440344
84043
129385
182242
-390109
239700
486391
-366636
-350791
470471
50318
-38432
228093
-256949
215608
47248
-189778
490438
243008
-86610
-91919
10593
523466
-60076
149204
340941
-306012
298195
454765
429866
198139
28222
-66703
-329263
407819
-182395
-351755
-470461
159930
-151139
-374139
234730
-454504
384189
107749
-409591
8059
169386
-513343
-286779
380026
-54383
-114952
9091
-424977
2952
-301248
106582
312675
-260956
-214182
-159070
-231714
165815
56096
45948
243986
477446
357391
215043
213870
519105
248830
-473674
-204740
172980
-72146
271331
-399946
-298041
-48070
262619
62637
-440252
370037
138956
-61529
400527
-173751
-55243
-420315
506762
263228
113291
432329
90388
-181697
62946
-348546
188502
479137
104755
-8252
213309
221914
70469
69056
-349006
-388149
186163
-461432
50481
22938
499369
483979
-30071
-175741
95805
39454
-26516
-1950
19044
370534
-501661
-150110
32824
-183778
-77469
-476996
136790
174422
156386
384537
432403
178290
8044
479171
-56213
-224041
-36342
-446508
-471010
-145283
-234822
33127
-245053
-199019
-213152
137766
8288
-215972
-42620
409822
-291738
-80572
-50521
142836
12594
367804
-297045
-197295
-163729
-156014
499809
-79309
133207
-28223
-501900
-523947
58957
284774
426281
-175323
136626
205988
394338
-369792
53361
142798
-449874
-314674
426150
337172
-486795
85285
351669
98574
134701
85677
421912
386703
21747
-335838
140377
131961
-325077
-384309
247032
-198278
114158
188364
194917
-117658
349398
72060
-131833
-159464
-290181
-433687
-351659
-420576
-426648
109817
-292370
-239390
-19037
309284
-334723
-389460
-131964
308506
-133258
42090
9981
262914
356507
-82554
70876
181247
-18737
-42457
150737
324206
115556
260536
177669
-345029
454122
-348669
122658
338734
125361
-253549
-344551
-26074
78067
-99634
-173938
-227807
-158095
-57891
-510241
429215
-77290
-454492
454279
-106185
33022
-188195
-96330
160317
-75405
-415548
-463926
383882
-497600
1180
-339346
-242586
-356487
-46393
-432813
-137949
-306534
-252664
407578
506999
-355942
116462
-343467
387991
219157
-333602
-227105
402605
-254405
-386966
-495531
68174
411589
-509358
-392070
-92370
-469376
121699
507672
-487481
211183
-246016
253211
120299
-101287
146751
80689
-196606
-284769
74951
238986
323834
457455
-300557
-513319
290762
479962
-270223
-486363
-451271
-350930
-117859
-323395
233371
184785
365473
146269
-180899
-230734
-149629
-108400
406854
-185032
-520677
-165106
186762
221346
-27336
77194
-484941
-99703
-3339
244893
-112075
52918
522075
499645
285089
-385234
-147198
-117764
15327
329550
110413
-392744
419008
-470324
-30130
-471465
-98849
352616
-3449
147371
-487697
11726
-471333
-84078
339436
-464029
-382289
193862
-184330
-408910
356614
196614
401505
335306
-521830
239227
274861
-291629
65982
312865
34345
-501283
5514
298257
247405
-518648
-10657
467233
30279
412086
150779
-221
-174258
302288
153017
-290599
-3853
421995
498039
262731
-5640
-218911
468655
-341492
-264349
-105603
-310921
-161401
-401250
17422
-305302
245312
-215275
365289
341203
6757
349527
257841
249030
-298703
218202
145658
-116736
-86484
352820
-161303
-438310
22524
-490525
-307664
-195942
193317
-465651
336643
-290070
-304860
105104
-446321
322550
68104
-269588
-5896
-73621
-242512
278178
112293
281296
336266
-471292
-36876
366050
238149
-297860
324717
-15978
330982
325916
494452
213633
-332792
233207
475476
-67436
424177
111874
-74999
470317
17051
196104
253839
-59492
-59890
-124630
-124401
419537
213645
329092
-5101
-281335
-64329
-476800
159159
35744
272750
-302411
-252562
2220
-339588
136013
186440
-393339
351788
160194
-219698
338861
-274188
-182743
-454198
-149877
-111464
62652
-308944
-6838
381798
-191316
-362880
-418486
440929
446278
-457497
-111846
-474392
297706
-393276
118693
-371444
-442761
-226387
162494
125782
-149253
510960
12840
356998
331502
-87293
316026
167552
-294718
473914
-73788
173109
-180607
264418
512059
495998
92076
-2117
380265
-14355
-400489
-498629
-340989
-57562
-116069
152057
430179
-295248
-275368
89928
521449
-15956
361173
207920
48756
237530
13244
-354406
-275479
228906
148375
312266
246826
223230
199880
462493
-229399
6625
470254
-238170
-180660
229860
390177
278029
-77629
-153039
233418
345980
48346
-144698
471247
263823
367368
187189
500493
32048
-634
-237830
48546
-332691
140711
-129424
-418517
-314137
-48417
-117360
-6256
212708
425547
-365400
-85796
268556
-158437
146418
247758
344285
265471
-180898
190650
149991
-65049
214892
-265201
28107
409595
-178284
-202499
175771
-68402
-325961
-242150
-390407
-301145
-427518
-191636
44920
-83271
-275409
-164337
-164176
-495551
245714
-313224
181218
492042
41430
493825
-179178
-225542
487452
-392024
-187909
-63315
-290787
-235652
-387377
155985
-343341
316923
358805
116421
-79585
316517
217029
-62176
-259207
322919
-242642
-175789
-242467
286451
-358348
-155213
505681
-353087
-342667
491516
-208937
136927
-454852
-108387
385758
-91951
435495
-80603
-25554
225269
452772
-321341
260875
-383946
358022
393843
317415
247798
505579
-125828
67493
-280130
142136
262291
-78673
449935
-163255
258209
368832
-499509
252325
438036
60047
-170020
387597
163976
267460
521395
-427471
-523543
-216875
-429083
-138793
-338734
-113928
20676
77448
282493
35831
-307897
-24601
-50373
-192479
-26641
-197522
510134
161352
-480968
-447961
-78620
218157
154355
-463383
-112298
109220
236458
-417690
-277753
373528
256255
407410
213102
84619
-434701
182977
-309173
-173337
-152197
-210784
-17285
-165100
226228
-47979
73166
116847
380598
-422360
289355
-365731
-480031
-52139
360773
-136528
-175344
-517521
36757
253295
114063
-333880
145229
231130
-234549
361283
457553
-82637
-262804
278419
-59709
-501488
-521241
219334
-98191
-43273
212727
-24540
-499331
-504008
-90204
237519
-386352
-120703
-159306
-467026
-9725
-456635
329641
-411623
279947
194401
403815
441187
-502162
258605
-338856
343273
-344374
-508691
489538
-20405
100891
-109720
-202658
-61892
-5485
-462349
-130938
369301
-40807
404623
234479
309508
-274990
363252
-296183
287061
478929
226278
-182160
121165
207726
-313666
288566
-437212
-70089
289112
47219
-9928
-98655
-349415
-100367
-414571
-38097
339148
242072
-368804
-433162
-292404
481201
442683
-312791
184508
-56189
-313894
-481779
186112
-70285
-386072
136925
417082
-349080
34875
-346370
-37210
32381
-507514
222682
3848
458288
450783
-295239
-491432
249089
172151
-299953
486236
-281027
-401275
473722
-202861
86786
-340546
-123281
-89086
486511
-246497
-396120
-423719
-90756
-92079
-12227
238318
344784
434085
-303511
-459754
497958
201946
246804
157857
458306
97369
502395
-480026
324907
234881
-232967
-500992
-88492
-478946
-381370
-488545
284269
-205553
-19720
-379179
-157107
-34009
522868
-97305
-213735
-226480
-138856
360412
339411
-339589
237945
-104113
416275
389045
240799
-431627
-180368
-20042
-508481
-132792
-281259
-58495
-480558
-337800
-185047
454535
-176486
-472368
-233374
494201
216226
-294173
-327068
25169
-109653
338561
-79388
-522681
224188
-196924
-27646
-441667
-360433
-23079
181115
-296205
305111
-83311
-195764
-211305
-485845
-229722
328186
489390
517101
-282822
-93865
283037
107096
416246
369854
-372771
50086
-366725
-254234
-310533
-276595
-30418
-416873
199342
-405908
-286852
230479
377509
-380793
-498968
-393385
-344336
2216
363993
86635
443190
-56085
138311
-434465
-34483
268373
393972
-498191
321837
-206710
516717
-39510
-8732
-400852
144609
-198449
242228
157174
-398037
281043
500060
-259652
-294367
37293
-123855
413638
-301795
-218540
484517
379558
-465753
-199065
-81289
-399182
-310886
-519881
-300786
-381089
163600
-34170
-243226
-336721
-468159
-496816
-19713
131090
-104013
499243
-465658
119385
462279
-444359
436037
-408253
249098
-324663
-386315
-193336
-286157
-87840
69465
-76430
3728
138087
438324
-94670
-80269
291868
437121
-358879
52286
-308475
-446743
63622
-3996
-186486
-303546
311004
367835
-118847
-291334
-496241
-318081
-59586
-281963
509008
-87941
-106450
28677
482630
209529
486149
515936
-461289
-414286
90741
-496102
426011
152888
407611
372961
-464755
443137
-233744
408720
218987
52257
-268179
388261
-359612
-128238
413066
-470044
223752
-36671
-8982
-468007
368434
-500970
-89441
97817
-30071
490701
-158070
-157624
-2917
-471305
-350511
-394933
308110
435002
-287243
50523
457191
-77803
27511
-122390
-285625
165658
-517372
-140345
-250488
-347459
201062
293343
318584
-30211
-478717
-165530
180839
-264785
59764
67310
369761
42374
-483753
253786
-98193
-408328
226585
-245211
-461083
101808
-388220
206198
210658
8081
-183810
-27590
285478
-181241
-44212
-397165
305817
372021
149189
-315271
-294607
91493
-201874
-233466
-421077
171620
-481860
456672
-269780
-26383
161784
-392433
87657
355787
-273002
109189
369255
79729
-343605
235181
-478126
383388
332053
-305804
351390
464357
-331796
497773
460495
115706
400576
-91338
18478
22208
-468367
34919
393765
466830
22522
439292
218919
134035
255027
-270112
119930
431363
363718
161448
434920
303590
-339390
-325857
223601
-334012
-409579
-477989
254465
-96607
-412318
146173
322641
-100927
-322447
321829
-520158
-16642
-296962
206242
-399128
-190922
398157
-141136
289136
-286642
-146518
-328512
260916
-350658
-306241
-361829
-102808
102197
251206
342971
512275
-459849
-243089
-270140
-376248
14366
138875
290977
409395
230433
-136149
-298983
230274
-165909
335453
351967
-273056
47227
-215015
-21538
-288939
495735
238437
-284206
-467931
-321046
-318438
-180088
-493987
351308
-162670
-333150
252312
282786
70039
489075
-165012
-489965
64230
-423358
450179
-492792
-210546
-248255
380334
-246127
131760
204497
-349282
-348791
-55858
142678
109168
-283436
-506002
382570
257079
-154975
181853
336000
144632
298460
509641
-213346
365544
460251
394539
-71950
399244
313207
-392252
-322740
-7674
-74233
-65921
-509060
467309
509067
-70401
-91161
53024
-272762
51026
325131
63702
-429022
-276404
284948
-215779
-290492
-418445
-340088
317596
-448372
287993
219728
446983
293754
-486655
59167
427310
-263118
164398
357502
401269
-415140
263295
348151
-249613
-68781
166929
472966
285091
70143
265351
479245
210270
-220420
379095
-24919
-207282
-322680
-319489
150963
105247
-388189
-385925
-508407
-439914
-375325
-482016
50933
159366
-86743
93664
126212
-276776
-20993
427390
-26314
-87543
-213191
90039
275032
138817
95918
165730
-429511
-102926
-328640
-354566
394663
312728
-410998
409073
77038
-394609
-203162
-207217
28480
-424864
-522767
-386493
-427388
-183683
-402373
179220
-327351
211826
315526
514487
250694
-476503
13350
74580
281413
-142693
-111986
-11739
-322745
-331617
516934
-383355
60992
-427193
345043
132352
282554
-268508
-80280
285909
-56586
328014
-16172
404113
173417
-23051
-518882
279239
-233199
485434
57412
-197891
-521670
372329
-349159
-457105
38140
-304872
-512904
501450
441459
-389673
328183
351483
371409
-85789
425126
312984
-519619
-297470
-273820
274324
66897
-312666
-444284
-359017
-123590
-436388
-222476
517342
-237380
92454
78028
-219850
381198
398696
-239008
299022
-476652
-406054
376215
-245723
-162503
317257
253207
372290
237589
-374018
-37264
242193
342436
393959
147712
383567
281342
-34642
-203538
-109712
-138097
-25785
-490916
408862
-145158
7920
-22298
470678
-380012
259356
75500
105208
523942
484284
282027
-135626
149519
466644
396034
26991
-88221
-482571
-437605
83971
163478
446760
269676
-59600
-381514
-465218
137654
-104807
-172669
331903
111384
-448447
-63944
-292762
357460
-520391
-513905
-171269
-65787
-224615
419486
456534
-460671
-239154
299558
-365710
50850
-450236
-510083
239335
224135
-209874
-92884
-3839
406268
-459904
61620
384168
163081
103309
-277040
483436
333844
429710
178082
-426480
-228361
-60184
320031
201737
509839
209300
359755
30588
-439082
469395
-300581
94100
466568
-183759
318951
-367364
-91837
-432379
12056
-209061
-384429
-264205
167035
-137428
-506800
-231731
-442300
-203603
454471
-289248
-268969
240516
-124396
-139082
400079
2232
-74300
398736
-135392
488989
357103
-227756
319876
-382121
468739
464153
-495077
-502247
492088
-454997
2255
-440142
119678
-415402
-424407
-91198
-459975
-218574
14642
283335
-225209
-464215
418445
-150615
-391607
-86277
242629
-16898
-209768
-16409
-135449
-450860
416479
-415902
-262975
201223
464646
269373
373150
163754
293445
-213920
-62473
419690
-416238
270862
355281
264098
-500137
-408935
-135833
257447
183598
181293
356992
-85141
-281538
-484318
194809
51860
200613
-87437
464525
16394
-90570
824
359465
-376958
505954
165767
-9313
431854
-365097
159968
-502780
-45459
-139721
-40071
-131396
52983
-288090
-174840
54522
419276
-124434
378358
380081
273939
502874
419225
-183530
443889
-185500
-66349
-48517
-512111
-292629
174404
229813
-359289
36655
285899
-89957
111636
-171285
438723
-192801
446975
316236
-21593
-84346
298261
116365
-405711
523234
243254
1895
-393344
411618
97709
109758
-51922
194435
-270127
-113470
107261
457913
-257630
5684
-130473
182930
-187528
-146059
288865
-73325
-321578
-301312
-389075
-230414
-299852
-358870
78090
59574
338516
-225803
-89858
84278
-401190
447304
-69878
-218323
241969
162992
-458026
283299
237905
28933
-249848
-503355
-158067
157733
-462200
-330604
-268917
226132
229103
-77692
397840
193618
404119
-211583
230795
-155044
-248421
119999
-418516
-259033
-240377
503440
285107
-475025
25933
79793
104196
-30773
354802
447908
365829
206796
26361
398506
511196
-300250
495068
-240212
-510185
80081
69826
-165191
115916
465997
496127
-226602
160170
38649
-294442
-310243
-90475
231742
-191363
-190461
-1131
393979
62075
-511695
242479
-126715
333106
375800
-293410
434369
21097
-426273
-439388
-225042
-471226
271682
-399924
81436
-351031
33557
473475
-95551
-460654
-523919
-451038
-449710
-509520
495883
134121
-60477
176279
-272762
-450466
-37640
159540
49275
205492
-305994
458115
-366626
-115762
332067
-152284
372255
-332624
-144682
461088
-507681
274913
-47888
-296349
-4369
-74061
-367911
77591
-417548
-468356
392334
69174
131590
495482
47414
-169814
220534
-236875
-218660
379997
-178788
-24788
500238
449104
-347618
140559
-138269
301382
299121
-476920
386187
485249
87092
-419409
197537
-468275
-124892
-370044
334637
-93451
-458565
-395786
456430
-452101
188542
-389456
-442765
-319771
257995
-393198
275621
-183183
483681
249520
448861
269081
-198067
-147992
502570
210080
-368747
-129041
-124660
-44166
164121
-308655
388455
18905
212545
-12527
131419
-306366
300631
49343
35124
-38993
-279844
361632
425968
289366
197766
-63157
140857
406986
-131415
-156968
-253132
413530
-91050
-37705
-508674
42091
474672
113212
-466502
-185658
-523645
-205805
31062
461445
325377
270179
230026
-40459
-253292
49171
65486
-497586
51011
355810
-128079
-413469
-516728
-497372
272684
252024
-377869
177304
10676
-264861
-328246
-85764
-179948
-338707
262080
-150955
-506999
-300260
140521
469832
-180842
-397824
-194548
-467997
8700
-321445
-101759
-101582
-217174
-403588
22733
327909
114976
-223393
-276660
-409032
-255927
186189
512444
275601
139297
-35182
-292183
-513914
-156026
-479284
381011
-223771
-65078
443074
196859
-365257
410021
-420301
386788
65615
194732
-492652
-308281
-256831
-156931
385109
461643
434350
167396
479733
390426
259094
-490908
-134881
-416340
87790
-365952
-124856
305814
-184942
171405
-302658
-22005
456211
168235
79687
411433
495389
-18385
441661
-164778
-486565
128112
-481327
393953
-311344
205397
-112391
-292703
383832
221901
78675
184008
-69316
4608
111596
65241
-341511
168077
299588
-106538
-222588
272296
-65364
-460097
-297953
120494
-192665
-220857
-809
-25702
-217580
-270113
-309904
306770
77659
-386688
-89906
-237722
8622
7953
-295150
342574
48623
-313470
317632
-147238
-396242
407375
-421241
221219
-302521
-105653
-289482
-47678
454554
79022
239807
65125
491319
-36914
97104
-389188
-459869
-171039
-431335
-2980
-354759
332163
157703
-90919
123144
489585
85633
-251493
24780
-300763
-128981
75126
383673
99565
391591
69357
-44166
-467795
314106
70474
-506382
-478794
-519035
194659
-157049
-222874
-433002
-62812
362766
465132
-133216
397221
312096
414955
223094
-504950
-385083
69580
-248425
222701
308619
514127
-433124
-489668
323495
137972
47773
362463
-129923
-516268
-247901
130574
78133
299711
522794
-458603
61464
-368206
-16635
-446784
-283136
-164343
300370
-467364
-66489
-502918
26067
339683
286965
-14911
-42273
25355
-13362
337406
485598
121483
-11131
450362
110290
55172
-45438
468444
78043
-337256
170668
162202
363626
-54187
157612
261202
171052
-149492
-81225
471471
-356836
-435538
-438981
-148399
179592
-74742
461077
64294
358245
490744
440980
414295
-457135
266398
261015
-67342
-405499
-141749
84857
-342455
-449260
516715
-160790
38888
494995
309520
105673
-143553
-234939
24077
51714
496836
-247154
-99398
-117674
-102925
283795
-317962
171982
-15975
-351902
445679
128182
-28768
-166695
10356
-388645
432885
188340
463435
-283868
-331121
359979
-14025
-42248
-296297
397049
-477999
350576
-119443
188152
481746
438822
-514238
342153
239821
31657
358695
-311239
-169772
83478
-494585
391885
-267879
6578
-200929
-154722
42884
-388717
-359504
-79811
-340943
334230
-166638
-460202
-253391
236709
317511
253874
405519
196344
390478
-456627
-195562
226916
255463
-514857
1751
-196791
198197
-264855
194579
-455870
-309296
-511309
428396
289849
497121
-522883
-17272
169123
357463
1904
-134797
367869
472068
90644
372767
-294098
-379933
249785
224617
-257464
58544
-483961
522831
223871
-159256
-399477
479240
-478189
461339
-293699
-59442
-21751
-30575
-246397
-458561
-281970
-339963
478314
305125
350292
266521
399157
41111
51717
40920
454323
339371
294838
463738
-254068
-182280
147728
-306202
439097
-104522
-472623
320993
-354797
420272
-375295
424709
431795
272056
252593
-365019
55892
-198947
73428
113314
152476
-110511
-198068
368819
110018
120557
-136770
-305687
-284236
-271736
345568
-344408
-255085
-385841
285529
-28878
-421262
219970
178926
211435
-487529
-190768
75900
-504163
-290950
-333755
-74724
-79678
304301
341528
-403286
-262973
-512259
334609
348218
469549
-458719
-316342
285837
131373
489173
-99025
-278368
199694
501005
-428888
-40937
-62276
8459
-345050
-200268
-167361
200988
-322394
209375
-268331
396604
-8221
388149
232122
-234167
462735
348152
-377850
-390896
91533
-338026
-139397
276977
-390661
318621
85234
-63324
151139
104665
69919
58839
93079
-499907
33679
522254
-96432
-508765
-152540
385672
304131
226378
-106024
-384643
-351970
261569
-367827
431226
72687
392155
-246214
8867
-245469
232355
-456123
409443
-201967
174670
252731
-41194
319095
-248941
-428654
-437288
280855
-289423
101553
-473681
292900
329742
23858
-400036
180666
-415111
191957
-237288
-28689
-8945
309871
444782
-492854
462550
20543
-409369
375259
-454210
-274435
417793
446480
-235929
218728
-335494
476620
-125239
-426098
178936
251467
85137
-246281
-114987
-149232
-191554
-350296
323233
-327902
126826
-131534
-247022
-237433
-431245
-503615
174704
335036
-370053
-351040
-388063
358626
-488144
162649
113550
160805
226971
520072
-89859
451239
-175575
447539
459812
154913
35253
350469
371299
-475639
246616
-311010
-175179
-265186
-139821
-391119
-419077
-27280
375818
-80875
78102
-92446
-335101
500904
-132652
-433293
-515830
202496
448068
-27261
-214289
193997
-438771
250334
116866
-251981
142384
233328
62686
492589
-276376
439682
390642
491759
-232996
73611
254582
348977
507142
27769
-322106
-11887
-447645
507245
-458008
237313
52395
-65773
241453
-520128
243564
30516
85756
170395
244312
-232318
252796
289534
-118998
-336137
471935
-402232
-2431
357581
-449268
338880
226942
-262311
-47713
-377262
-218861
519397
374340
430649
-498515
477096
-441214
-62128
-515222
355385
51310
349622
-88897
-205783
234335
-20353
376824
-131910
-349411
298431
379532
289759
-314008
9308
-378650
-509678
-59063
-459669
-212652
15894
-433575
113824
184528
381980
182832
-350308
69441
-326409
-399129
496661
478818
320223
360695
-377996
-349544
412086
-261471
-519926
175489
-485462
-88771
70518
-421278
-310016
486280
-511261
-340925
-288750
-153762
327124
66977
-186508
-218904
-418247
-130418
-247316
500323
58045
230854
438722
-283914
-459786
119346
-495430
-197644
147914
217288
-222685
101214
388486
-95899
-245139
271585
-502536
-96262
477239
301072
-412759
335711
286957
396500
418893
-134891
-103354
-11588
72598
294197
235109
-298596
-352178
-146955
257003
-167774
-294948
-36963
210657
-360841
-292332
-127931
-337657
303608
83809
504425
-60094
-157804
-522361
-151112
192411
-143669
121401
-30333
-402047
-88603
314192
-336240
122196
-193559
204600
296020
-513716
466384
342038
113551
-374880
-163723
454925
405028
-156751
-2300
207261
-102795
-292314
430386
-197856
7593
73802
355577
380511
-224637
368945
181997
-428042
197745
63678
115505
270483
264028
-117024
-23092
125265
502527
126743
387358
-113926
304450
19723
-156354
-480718
-452260
298269
272525
233755
-353535
392308
-42581
-354076
131553
175822
-117934
290868
-195943
-74715
-463872
438886
-136024
179094
39155
139480
181047
-254259
176003
-210102
252287
-347497
340971
-164538
-126939
-512141
-469099
272867
-332689
39721
404015
152421
-490401
379265
-49845
356348
341082
492514
196195
-361126
466350
-407837
-154384
-74611
257728
433024
171573
172479
-29736
25403
-184276
522397
188522
-85763
12811
-51948
201387
152931
-103102
330511
-449254
-457733
28287
234574
449010
-177585
-263414
445124
-130886
-391297
521522
-513540
404564
396778
-266963
-34978
-8358
86167
377998
21572
315323
-12205
-380341
-425598
127362
316631
305059
-212478
-71314
-435481
179323
-195239
-120729
451605
196720
441433
341073
-374676
-93473
-264321
-337101
-486387
-30925
-155853
30961
6969
-385526
350908
169048
38236
350234
-29583
-116611
127607
-69926
289116
-280421
-197161
91086
85268
-132749
-225504
472439
-150423
350142
-442748
150151
507094
380837
357719
-186220
298436
479066
74437
-55169
-507510
-518622
442159
456300
-364489
-69898
392735
93614
-257
-354620
-148495
466770
-178689
-289746
-388037
-217278
377596
151756
253524
375070
-427097
258160
282596
-488512
-187811
122501
-435697
486084
257383
360867
344847
62982
184045
-72767
-181183
97330
151806
150052
-79667
-461693
-443826
-276878
-287494
-255772
-202005
-441113
264605
250374
510142
446594
-358649
427175
-30647
-194944
382843
-68560
-215671
-113008
-47441
444373
275019
-404286
-474501
435991
-52390
406444
229604
460067
-112180
194100
-101545
463645
38103
-101199
428956
-353699
136406
-352781
253042
319146
-253448
181729
147257
-499577
221259
116355
353405
246758
-101482
-101946
503906
178696
-171846
75660
-454994
-200921
-400748
198007
-478685
-460231
245409
-97786
-438630
504426
167687
-24820
-5974
-30753
-314281
316694
38829
410192
343297
495848
298206
-301147
511074
116122
159354
213940
72904
1584
-290077
-73330
-26733
-56000
255701
498681
-290394
-414020
-122951
37936
-493889
130762
454100
346751
-1358
-51662
-386654
385803
-380880
321886
395381
-219972
121803
-261714
463521
363876
354328
-430734
114196
-448067
338514
126976
322045
-316395
-524065
-101382
117623
-165932
-235028
-94629
367089
-353356
-403233
-191448
-295532
439254
-206606
-520085
426073
-488888
-450538
-27604
-125100
-254328
-379115
140425
201893
-505640
76244
-496855
-237850
180977
-431113
430234
20696
-92399
440781
245727
143510
495424
-521405
-174624
17926
79046
76004
197626
-81366
133121
-178203
55794
79067
-522092
216034
-7954
304449
391806
138758
-10478
-59325
148943
-30209
166318
243038
442045
-155364
-258648
18591
-312301
-336303
328702
246701
43531
302782
14277
-475371
14226
362665
186982
289732
327974
-370542
-431302
-287181
-492235
56259
-316039
-43930
456179
-90963
-246511
-53479
240005
165435
233218
285664
59000
248214
-53788
-401860
-363353
-3871
49400
-266499
246811
-479718
-252015
-449478
170874
-358505
-288811
-105248
523457
260253
-77892
499015
154991
116468
-225352
-86849
-83455
-294913
229937
-335807
-158003
-84728
125578
-28909
410446
477619
121942
-131940
-238736
-199151
-430468
-499895
-161278
-203453
504157
126909
100404
48092
-99405
-295735
-383675
-329719
-459881
146464
-279396
-304585
144858
435277
306009
94942
-483457
-330516
-342457
-214993
58641
-134310
443322
-346189
13366
270947
-514898
477642
97112
-285461
385036
349122
481009
-376920
472789
-391972
311286
47599
17074
506870
-232758
-75714
-480044
-316748
-238911
-1266
172915
-28676
-431374
-175281
299365
98275
-322473
-140704
167635
277774
-7725
495598
481340
-38554
-105683
-138411
-125969
-409488
-232116
15368
-445738
352828
-320415
303636
273171
-403670
-193660
183209
-398962
-184377
254004
49657
-383503
-468168
93581
-421360
60313
380674
435416
69242
330310
-317348
-355465
-112028
41937
189427
336142
66933
-89830
-365053
4346
-305232
117552
218509
-437067
257317
378337
180948
302607
224008
261843
-327266
-293096
-259356
-250723
-326544
257115
-238674
-457381
-94428
-335682
-166367
-470043
-444864
-87103
62829
221373
-61401
388171
-48529
43785
154969
147915
465738
-124671
-240471
-374309
510777
-210672
-230608
-162671
400000
-265922
156618
-354348
-355779
222595
-386051
288532
151483
241711
78968
107384
101910
-121178
450476
186590
200754
380496
-30118
-57236
147774
338762
221035
-341228
-162628
-430545
-398831
44064
-444863
336105
-11614
-240575
334049
244511
52943
327541
2201
267732
17960
-5118
-322452
513714
333779
-490120
-510110
493519
255032
505442
352512
-286440
235676
-320229
-212373
281552
-298928
-47997
-69595
-284163
382266
54084
372040
-454545
133578
-382351
-295600
-223317
-72526
441710
-514287
-229736
467421
172918
-285884
-481262
277496
-49886
-153161
-414304
-64782
-73396
381884
34150
-132377
-411833
428861
94067
148350
28291
504652
-512172
-115340
427821
-147897
97163
336445
-236291
177314
-92709
294595
-96768
-472271
-332123
-202205
-223976
268122
-326525
401740
56658
393469
403471
403111
138726
-177246
-248
335387
411258
417174
-169018
289769
-257165
322900
245621
40798
109254
-5202
1306
-211663
-374428
-347062
508690
515167
30036
75002
-153388
-441889
-289678
-490739
-107309
335537
-133981
-229802
-238768
179166
495931
-211449
274732
349244
-227474
-523327
-332681
-95968
401208
236979
-59301
-206628
-343179
-81080
-125329
-268517
167122
147601
-211298
-259285
187635
477340
147950
500217
-167706
241715
415385
269131
-337137
477132
330628
-482492
211084
-46793
-494076
210626
134850
-166270
-329006
-224475
-249154
420692
289573
-509089
138595
111583
319848
147788
429847
62997
489387
-184081
299445
-220096
-166823
123894
131439
390173
381400
455548
-352679
1451
-411935
-91066
423334
-151277
336617
-49603
-42001
27450
317717
408840
-97391
185257
495835
497237
335958
448736
-164764
308569
-142744
-360302
230522
-277354
414859
-321150
-33436
490501
22293
-122874
-91691
276277
-303699
362330
-269144
-7542
-132094
-407268
-213554
111467
486861
52805
507683
119798
198891
449067
374378
250774
173508
-289808
-75716
471467
-328987
460236
-356083
386055
408169
493129
-253809
-493705
-39510
-156185
338216
386333
-215222
96368
-371532
51442
19058
461955
271835
-438703
374486
-506890
465532
-129331
-108540
342656
-356112
192597
140376
-480756
-349367
-489742
472554
6718
-476708
-471360
161632
175321
-374876
523904
-377815
-134131
-25597
-482660
214401
-321735
115273
145194
251613
356537
-507668
-201471
-464927
-65547
-277455
-19313
426155
74317
270854
-80623
-68529
441005
337344
-157101
55481
-231114
394643
-451485
326954
-4536
453384
-334584
-335466
-236437
315528
-335694
-374228
383270
-341523
224378
86274
-187634
302055
87483
114160
450419
-416457
-8006
-493293
95368
-141144
210182
153010
-419123
-42775
365914
-98273
-23328
185909
162450
97182
518711
-8600
81114
455328
-144341
-307254
-403962
240620
-179849
-367796
-516733
479092
-329667
-41076
461584
183939
509531
387670
321968
-167740
-91809
-234961
-54332
305175
420363
263550
307650
250447
201658
-189604
300495
-287070
300893
414215
376205
-135158
-100529
-283156
-26481
132278
-388320
-9275
101805
15896
128709
442610
289304
-516485
42677
-104183
112766
-411319
-270871
346386
238045
-37802
309073
-300431
-426361
49059
-446921
493896
-279271
167582
-160868
408683
104186
-54150
-238233
522520
432436
-220492
-394978
206344
167625
216277
-292517
463495
485376
224683
274429
-414803
376171
-45042
-35524
-324000
-282265
263112
163553
-125269
-458563
42571
75872
-463094
257247
-202270
58244
298989
-161812
518313
-205506
-237734
-349858
-248044
444278
-135217
-488990
-410649
154441
-210376
-467715
519436
433495
-290865
-205044
-470899
-401014
-36852
-320061
-356660
-432207
-221544
97000
421641
201095
316335
396293
-154641
501380
11032
-230456
-239972
502815
299133
74356
417678
256039
505139
-500160
-91474
-414452
216324
-20297
-15384
79185
342110
366457
440982
274886
521427
-270450
-87585
230061
323425
465423
-148748
126159
-7437
233984
200383
287118
-178922
318520
379126
-277556
-263299
-182174
-48648
202037
-238912
-59425
-515433
206948
-193299
-156139
335750
-65490
280666
814
284593
-478035
-301099
289475
-50453
39152
424779
470978
278902
149882
282571
-423872
126892
-252288
-369995
-28269
190216
199241
-112893
138721
-247546
464066
45312
-46658
-306363
-99774
-17704
-308015
262615
-489971
-505716
-156014
38317
196572
93838
476899
73698
283362
226606
-380636
303363
-334006
-492985
-301257
244800
-473567
460212
45367
243608
-396113
-471418
467750
228234
70080
370600
468924
432750
305862
-258517
92979
-245495
449523
-159590
255075
-306102
-459149
-175621
-416614
482322
357579
171885
274605
214416
466938
-92718
-493060
-74265
-188579
-157648
-88475
63925
524196
60907
-130163
207422
319026
504609
-403444
198827
54477
-319700
-300589
30667
276151
5166
-14396
195763
354402
464044
-287459
-114775
-514418
-46604
295675
33051
-467587
-55063
408363
-137159
-157773
500470
-154592
-34217
148084
398280
-378773
-19662
-238213
-253367
45003
31852
278294
-334761
157748
-416379
-502457
312270
513980
74806
-379916
-405653
237013
-103968
-72953
-81185
220087
-403750
-283767
150300
-134300
-287229
379713
-500795
-390231
93553
444349
-258136
302616
-316143
84310
-306559
285170
-508478
-357637
-73765
391885
221189
463903
427943
186456
487833
341237
380132
-462792
-135261
89600
48542
-361451
-197612
-440987
157501
-372546
436773
-215246
-467550
-480137
-480740
-3238
-185918
-369758
-306930
-384494
-379495
343660
-188197
-396081
409442
516742
419669
-89680
-125231
363484
-514032
-49844
410972
-254401
151957
-94914
469448
-13429
-352298
232140
443070
342350
228527
2838
-423386
20614
134494
-18839
-402372
-318552
-247870
345839
-247338
-415737
426035
-168125
500827
333084
-28807
183518
344035
-89105
77662
365935
92642
382641
-252726
-414194
-195518
-158927
502423
502511
-158051
92818
130364
-43551
500357
334953
-156712
493532
379605
273996
119317
179742
-240250
-63086
398760
416794
-112881
-37482
-421975
380680
-336201
-56296
450221
369984
323066
209835
-341062
362268
97865
159779
521067
428905
45584
-247076
-362941
-10126
-267932
-499135
463760
-450146
-274479
501965
-223433
-366869
424341
218311
-445300
-288482
-401688
-62527
171955
-432098
523178
302995
115740
-470031
-99394
-464000
-426142
122203
-209339
164518
-261945
-140176
176688
326254
193943
154766
194013
-267412
372110
334172
109570
39612
-228290
492122
177880
47265
-184814
-365894
-295749
510802
-203561
-173356
301799
-303070
274918
30965
-337431
460287
325087
-54006
-263912
160933
-416552
-316036
-308336
-75001
458882
-94551
258621
-471875
488023
-402652
64922
160280
242818
462858
-411263
-296512
-370688
-177747
-51587
553
191270
341875
412045
241625
123016
-123073
475452
-61431
-227151
-519326
301454
-224424
-220638
-107654
439607
101019
-135483
-93941
-197619
-387828
-217603
256394
-83572
-247773
402738
499870
443433
-203544
-414524
296829
173918
-334248
-230096
405557
503707
390810
124836
414865
375812
-196010
-259233
111304
466142
-249705
-87665
129830
509939
-335261
-310744
93156
213366
-250170
-510281
-39458
185717
-338173
-35871
-276887
-501304
61468
-139327
455675
5752
8477
168563
-370499
511844
-346255
280122
-337586
109376
509674
474743
-386905
42722
54582
140195
-86622
426403
143344
-15290
134936
325629
-430332
-344872
-276469
-83330
-71709
-131465
315446
382165
-298355
401693
-147476
198183
-277375
-92060
511391
-79114
220103
-490968
114389
339744
321955
360358
-362421
407149
164277
94409
-448721
199825
-287916
-213143
-505470
-517756
-269147
483159
-32818
208825
382789
-22790
-96515
-251678
-252706
-91829
63493
186350
505959
-199637
-19345
158488
373825
31416
-96801
-286285
160143
-11297
-2950
-405532
313653
91281
-78533
-147353
-331372
262343
85765
332023
16625
296982
-18249
-117699
-196773
-118716
-9256
-371232
62404
280072
-6900
-471298
-25243
-78889
-248818
-148023
-12474
508232
48028
400089
-10336
-368542
-102140
517223
-195388
140828
-68826
11957
169332
29401
131462
-246544
478078
-160781
-114655
-132642
230915
181571
-194910
360607
-274767
436933
475842
-342507
108348
379210
-25751
325977
240179
-464149
-27820
-393696
55915
313385
-127088
-302129
4857
-410109
-415480
466798
471240
-191575
110045
-426740
254090
206733
-35330
50681
-368341
-441476
-431730
-427348
-398066
471930
-289307
114176
-239581
-451460
-212232
-390570
200232
-258588
49126
-56997
-175527
-226809
-55166
-312633
-340944
402537
-42626
-112817
479795
137516
-1305
161525
230517
62002
-149997
-454945
-59711
135245
-17228
-160466
-489839
-370759
349092
26182
-334497
-391773
372485
253070
102297
274315
118526
-62911
133587
197388
261087
333833
275713
494251
-466140
163904
-489172
-293715
51117
-347889
489972
300236
268170
155674
-73330
-85329
370025
-22151
474567
-230433
-505528
521422
-247486
-137715
-127331
-274327
337571
148473
332984
370075
334390
453440
520710
348984
40586
-167285
241953
400453
385728
-359892
493941
-208010
-491609
253323
-325205
138418
196606
-443123
-466877
-433457
429607
-294684
374884
317691
451025
312175
466684
238935
-370659
-305856
5702
334942
92113
302828
-418085
-183056
-86692
-469009
-447611
228196
-60329
-453346
-75452
-337459
-279214
228629
415312
45766
214890
-280600
-72997
484070
68849
258302
-65097
-492586
-290029
-192538
61932
-394055
-130197
-79517
-507221
-468318
40046
-290271
-448068
17581
-14500
-190283
-8216
-11109
236106
-31100
491913
-395881
447792
421504
-304051
393260
-15535
2446
-91133
403836
-259096
-437228
-424472
-11433
173926
26859
-298017
323590
-172302
393931
-475540
-406836
-243042
-217814
212475
-79282
-403583
-350299
-465224
293329
-185451
-281747
58958
-246841
515503
-99511
-16250
443376
-412793
443765
-308361
130994
-301735
346492
428487
212231
-322807
79506
145967
-432694
-276865
-187291
300148
-43931
-269691
-424021
245771
189185
-247981
-325700
332111
89078
-138390
-336042
417806
395780
-212346
-424270
78700
373214
-83888
-224255
447626
-276139
-75973
-246915
-135829
-367781
364035
-197392
281094
73432
-131653
-348905
301794
-347517
-471945
515495
-497973
-511396
-327777
468739
-251234
437966
426368
-520763
16732
138811
233890
113360
-517970
-348103
202541
-329816
-144477
-322554
-121569
336217
-82962
-492848
-187522
444074
-310591
451354
-95265
-486298
95492
-240823
361077
246282
-464340
502076
30003
198934
-233562
-78118
209728
-169277
181601
316642
500822
-34615
-249456
-376164
-5955
168097
-318361
-515525
441392
-30060
263817
75235
-358501
-309317
-472137
402945
220936
-240916
265081
401883
466383
-10086
-217130
-3330
-80847
-325033
-31242
-438393
-491126
-515418
136518
493455
222704
358373
473637
411463
79808
478466
-19419
225880
-389996
394759
-365515
-11139
258654
-450262
171101
146362
-83000
-43068
-354497
-173635
-228271
485131
152383
368149
-132821
349028
67903
-435824
226125
386966
211816
450518
-77819
-494774
210194
-145068
339756
93837
-257258
255380
-493231
464439
-150929
-415803
142273
510525
275442
-315633
-10156
-512228
-317379
-451575
216995
-121300
-169214
486435
400789
228175
490893
341906
501568
-337825
-323518
-420453
-166316
150412
-15230
416142
-493860
-77900
-87561
222590
86522
-394719
500928
-287161
-504580
122926
-266332
-92152
343682
354184
77992
-102808
-305849
417892
-498702
523914
-85097
7750
-390109
-416172
-193628
-167492
382383
494227
-33220
-483974
461896
115413
175469
-288616
429922
-168585
314605
502479
290757
245324
346281
-310646
137428
319696
-385181
164374
-205636
-449037
8455
-297064
418436
-162835
84671
-143001
350737
-354542
-491270
290778
-403556
509226
-46911
-56963
168520
517435
37958
39041
423853
397639
-96579
62187
-451896
399546
-285477
-25259
-113726
304737
-389641
-351086
108294
278002
238866
65334
-4641
30228
3645
43195
-209751
194593
87334
234119
-3266
-402690
-211468
422370
58878
-439936
-239209
164892
-51593
61630
335016
28706
-62393
477859
-339459
-147710
-40300
-255259
143100
435423
-205217
-60497
-356691
-342364
435925
192720
173774
391596
403441
317549
56357
-392786
-69273
225931
-345222
-496131
16664
513562
48249
264528
179061
-107332
114707
422633
-210199
232508
379334
-132963
237133
361907
108261
272170
-286415
447804
512916
-9886
115754
-67528
80434
30144
513498
97680
-85748
59866
207785
362582
21945
-243592
109203
314111
-471092
-99161
-67893
138102
-48091
311291
147330
522308
-84241
176791
65076
-47827
-140442
196235
-443327
523985
182846
-272300
-152103
508887
332391
-80187
-88302
28825
211846
-339967
-158190
-177024
-309877
15144
338914
245566
-144643
-111769
389639
258472
485420
-8220
-210498
-306523
-474363
505160
216444
427406
140776
356570
-471753
202384
127659
460403
200723
-284736
-391801
98827
306046
234190
259186
-517282
-396064
420862
445438
433503
236002
82394
126318
293122
-331659
-362528
512957
-60077
-188381
409987
374216
-512385
-474505
-13862
-386030
-435196
-80551
194393
-75214
105171
-319624
-310005
-68149
408875
141738
-295124
167162
3216
-515351
-36790
83595
230940
417894
74806
-134159
58549
-443809
-374450
482085
-226574
-269455
-373939
-306720
104400
327107
-339790
155940
-103135
149519
-491572
156965
-151427
433149
489627
-375287
-121478
-260548
221308
-87132
-193640
446774
18558
-399912
295009
-476824
65131
474708
56736
-409475
214039
-138917
-89087
-463985
-497439
271455
-263400
-507859
82561
464563
-429240
-326389
4906
-317696
-205465
124649
-50187
175184
-445681
504735
365410
250850
-309786
-447908
177429
-415600
227148
-34525
-159572
254528
62545
-404470
409703
-44218
-28144
-400077
-184649
95637
22829
269511
-69614
-332508
180477
411546
-1730
402893
380541
-333390
252831
62320
8853
-135977
501592
238304
37943
-208615
-317822
399988
-265683
373320
-366207
510588
420268
-358812
257153
-466118
-39466
71442
-103236
302610
-518800
417441
-39605
-90477
-43728
-257842
-468899
-23123
281044
-21044
285907
307813
194146
-514626
162156
139472
-123128
115182
338073
-18243
399277
-446060
249999
-491147
372522
342061
341856
-123950
178225
-24416
-438414
-507698
434026
-272326
-176927
-447046
-309098
-256438
318756
-455218
476241
100035
-163234
-491190
-433875
321313
-390197
-160495
276634
46167
-156631
-286211
-287124
-231156
-444763
-499208
-92597
-41771
284939
-435239
-265824
-4481
-30545
-208222
-91830
-484464
159202
-523829
438471
-367501
-306578
-434596
21335
-482493
-384744
-400650
283212
164343
7263
-346452
-130409
382897
71718
125255
-218900
-254458
-485251
-22445
-51788
-513350
-159220
512341
232082
339059
-482430
397847
235424
-362132
-421556
188711
448456
267895
-499480
-462940
302475
314587
-240285
-400668
82430
-466524
259818
260941
254227
115773
-47396
-466480
-104301
-379053
-166959
126614
93510
213768
-55359
410502
378336
127590
51911
-308163
146717
224463
224361
362396
-520986
-62204
218898
413666
394098
-117392
319560
236639
-429032
179343
-378882
8303
-382887
-357452
-278444
42266
212377
-200380
334285
-201028
-249746
398595
489152
416799
351892
446108
-458327
254502
-344552
-57603
179781
-123578
61098
-373182
-459317
1880
486833
-78841
-88351
-288459
492153
-522523
-327769
12401
-261770
90741
205975
123283
-105914
517465
-476453
270976
388906
441146
214364
55914
-514357
-377823
351426
-466274
391957
-109620
-143575
180698
64589
-87186
263954
283597
-255259
-149820
-1044
141435
217500
-429224
201008
291863
298725
-356695
408816
-293626
41056
466696
-519277
-134030
491361
-487295
183394
-208115
116995
-201784
-279423
-294823
-90051
-212050
166582
70691
-49372
115949
157669
-385831
346064
-410282
157620
467837
-41918
268608
-267322
309569
-265189
78421
242393
204918
-170201
-109058
148910
-192803
-520111
255499
80042
237864
-241311
-507266
505814
11547
-332302
132541
-477290
-372233
-64431
-433346
463948
270788
222935
386017
494481
-227713
317033
-22106
-226599
25186
-61182
12344
-514530
70525
-317751
-396310
388304
203049
-272557
-59786
-453149
187786
-30999
-112238
465239
-508436
388487
164067
-505217
-354254
226526
-275147
-523475
-513223
215666
-389974
279284
435899
498158
218315
165823
-438150
-148190
-70500
-520873
83784
-453725
-505802
-510253
287610
-358223
272470
-249431
353164
-499400
211910
-115918
235048
82410
358757
285274
299676
212549
135907
-42591
372780
393839
-232125
-151213
484018
-175992
380137
-317412
-411638
-285219
-421791
-306457
463121
136656
47587
87708
-423048
-303654
265907
-438788
-10678
118086
-38863
230377
408592
-418236
-263571
212325
250901
110925
332235
-54067
-296382
-513805
267602
60848
355207
364437
-449289
291989
399866
-66752
203142
340148
-337433
175058
-352136
-316394
453247
-313008
-349985
-287010
-238560
213239
-38756
-98121
222190
-101067
222589
-468332
-308330
155299
221525
48401
349230
59615
205052
101934
-150664
-424576
232311
35284
12779
-266770
-485421
227307
-16231
151352
-42818
-57247
-177915
-437139
-221023
-146204
483843
-75161
-53024
-216158
364706
444973
-18827
278870
323047
-272494
-477927
503877
-135587
517030
42779
255492
133019
-204763
-257650
-506558
-236082
250353
-124086
513525
345066
-171171
379979
85494
168734
308924
122447
350544
491913
36772
381209
-376189
237061
-292008
146476
31037
31306
480933
-242512
-360107
-277663
-30534
-276979
-141666
-138401
-217201
-391032
267684
279869
284085
-516891
44104
-52353
-186125
-425682
-473862
-174382
-314873
-145490
-93551
-451967
256378
475744
468013
-140053
-230056
76653
-459779
-36203
-521768
-463484
-65525
312604
267999
-15458
-458766
129108
-106684
92100
266603
237582
-342508
482224
-448135
179916
238341
-253465
-358524
-106829
-410735
127530
30776
521256
345923
138361
345146
516523
-393343
-405220
-422007
-114936
341664
-433932
447224
3847
-299527
521161
201526
-320327
273145
448754
-290803
-275888
-201875
-470557
479295
174295
-421956
-199787
360468
-448593
-423819
-419149
15688
115017
-14662
-364605
-192559
522911
357757
-68766
-158122
-428957
54527
-14781
417486
9573
-61292
-44077
419685
77584
107734
-335662
-134239
-384287
-221047
208720
-467110
-93380
179879
-150929
-50084
-457930
-452730
-498365
27835
-200053
-167898
28803
-295154
-395629
-272845
-230862
-168756
259390
455143
-77931
116031
523664
-282276
-19816
-455629
198560
219809
-406220
120015
34326
304813
161368
51165
-495799
-465566
97680
230218
212883
301656
407184
491989
-297262
-166799
-35618
246781
-37346
-423234
279602
-146225
-278717
-466086
-432063
299011
124185
122985
-448600
484884
401227
-452239
350375
-113754
-374006
101404
63311
-226745
209171
429453
-62361
340875
27096
-78135
-327465
-127478
429566
273601
-247879
296756
-206714
-94411
89602
506700
-505578
-209010
-443960
301311
-171367
-206882
130235
-478234
163740
508979
103845
346337
-442822
11423
214550
-485924
405773
278255
292206
-249616
295865
336951
132207
408343
-128582
304795
-370749
-278876
-442733
-271241
488067
-114510
-218278
-158429
298761
455106
-480034
845
-109501
383076
-460164
262962
135856
406350
-21496
-227833
-438001
-274128
-310289
-289415
464029
-340846
-225651
-504758
111009
-34357
523214
55001
468452
-216698
-36558
-178523
394089
-336781
-49419
-364085
270320
-422045
-20312
332585
-237326
309142
-161815
91049
292141
-774
-187245
-45483
-390254
111603
-19156
254908
-452565
140596
37851
-300304
-24942
186677
4835
192913
-150442
41491
-317704
268030
-317547
146669
-71253
-447261
458963
-492381
474038
-447288
29455
424374
32284
-371431
-144414
474620
-351282
465316
-126997
-407995
-126002
-236713
-266087
446319
246099
248355
-87174
-221709
282897
-463532
300234
141413
-361517
299407
-73011
-363361
-58663
51118
216561
-18586
428809
168128
266675
-423641
151568
199957
-361937
-177415
-393367
-470060
244391
-355365
261969
208389
-67047
-244731
-212181
82020
-56579
-23814
48493
-483093
85904
-166056
394899
304484
91888
-276875
-265302
-123738
-98100
198636
388293
-61714
-225012
97834
-498628
345764
-131624
-423026
277822
344019
-371173
207884
340309
428751
-435746
311819
107662
491210
-405969
-516684
447370
-53196
425895
484047
-523759
15594
-56922
44891
-278986
-331539
-429483
-463349
413062
185101
228330
-368803
120703
143393
406033
9265
-427518
120719
427417
4528
-22360
67760
498902
398629
-227597
-148481
-2956
187226
-2617
202947
-339203
-133498
-115213
319379
-374259
481899
50082
146621
-388436
-299288
252684
184269
323176
434227
268365
-354149
-164556
397430
497251
191554
-434244
-153268
-268702
-351648
391128
83534
103185
39614
-519574
-430570
198652
356079
198276
405861
-109919
347479
361004
82688
-122487
-42507
157723
-405308
-396312
158537
-436944
36968
262397
-501834
-235979
116081
-99013
359601
259745
313998
340370
-22145
229537
334208
-211397
-246727
365927
140245
255817
145753
-247779
352391
-400393
-121622
357220
-328289
-385563
213517
-351181
69647
-285988
328849
482587
-246341
-160767
167882
466033
-378122
-49910
266351
162678
-262965
-304116
85201
-8019
47831
-381859
111050
-55373
-66510
381601
-277324
18761
370922
-172929
63741
521872
-399691
-215857
398201
41253
-495886
-287204
233119
405606
244713
-470147
-109649
206718
467263
191126
220455
-7777
350824
-336284
-345019
111175
19912
151046
197736
200739
-54041
456826
25626
-144346
330178
-255237
318409
-446166
54664
-409121
44649
425246
-93996
282670
5798
-238221
-97380
-203865
-343663
281950
-417888
-180673
490192
-315364
-173259
-401226
184549
-391312
-235209
49507
-412635
158654
370118
22242
-484058
280348
359551
447219
139611
-335016
153230
-318078
-467329
-207403
-110035
-329972
-308357
441593
71874
-78226
365982
457959
-368794
76634
-373009
-340363
-168132
52257
-242205
-263073
-107155
-375116
137060
-119476
181489
70499
255211
-339967
-331043
-417587
512729
451201
132126
-406509
439059
208239
-504233
362379
-109582
168972
520820
413011
335074
-340953
-918
-375043
245717
-264735
414195
200762
-355432
-312738
-192815
-117188
204575
472471
519277
-461356
115892
-492795
124518
-448546
-182848
342303
-460427
-164296
-186893
-402215
-191152
393797
-449428
-59682
-490796
245500
-303705
-247066
-103613
-147054
130386
249830
405592
286699
-368019
454185
-70599
-405556
292084
314303
101361
-413674
-459913
132023
-270372
295174
146802
489099
506941
292488
164952
47955
107123
25651
-47996
-439535
302966
-167834
-137921
48495
-408795
351460
134660
-6083
-423467
105908
-278892
-134248
29619
276038
290154
174158
158876
519613
122382
56047
-78418
448737
272660
239438
114799
53860
388357
223194
110468
-384424
151759
-321231
-220746
287098
93763
-406712
-364092
-418293
-327225
205960
345462
365092
-423178
152764
513740
-62635
1741
-222633
-247029
-27655
-367234
-261089
142269
194320
55071
-495412
315201
-62694
11221
422372
445625
227907
25108
-471600
-219071
-245999
-227614
-403363
132019
-436106
313324
112615
500180
-88829
-105462
-140058
-254865
334892
338922
143502
425628
23097
193002
-243536
53739
351215
236414
-76738
-14791
-450487
-512580
416289
-158144
394205
-152298
455037
-204222
-11992
98373
-510028
218219
110088
435735
112351
366192
-326544
-499817
57743
-260442
292023
306721
-372630
-241198
448752
-278710
137026
54654
94980
136083
406551
313344
485495
403099
-317756
-367913
-492157
510774
66624
-326428
53647
-133394
-133052
-229761
-13737
-248186
-176652
-149884
-237748
239087
-26462
-190840
354254
-341263
-140594
-106731
-298127
74767
-211698
-370295
510300
400313
74659
-385616
465246
524211
10438
471295
137510
141014
-288887
397604
368574
-107995
120295
-285385
216690
-327982
68371
-320617
-223081
-175754
457172
353922
380162
30309
-336890
193033
-168718
-270076
-16362
166796
341877
412528
148319
322871
-3788
424134
-144378
-469596
49785
-127794
114181
2361
339810
-91409
-367218
-464363
-282785
-451107
-481049
318047
-122622
503661
-172558
-109422
-385330
-382461
-415827
378043
281290
-386129
-472400
-467601
482170
14697
126807
291232
-361695
-159252
-239273
333737
-58817
393788
329452
-510988
320059
386449
-37255
9547
409931
-264584
323045
-226933
334786
514801
57124
-420412
20963
182100
153954
-397118
-246788
-122609
-468013
314205
437812
100180
-446930
241806
-191511
459303
-294503
440988
-333997
-21685
356146
121665
-272259
121740
-405968
128637
444336
41574
-377912
-463257
377396
-71738
-167901
-444038
-100184
446705
-3480
409714
-287402
-89787
-219361
60807
-37668
14984
515222
-307939
-327804
-298097
319110
388501
-240060
200554
-242590
-420557
403369
-266345
-313433
-275110
392450
-185501
-81009
17532
-317738
-454621
-276277
517006
-18719
-245913
-120296
331702
191776
380158
341644
-162828
-19537
241516
-326440
-39231
-47774
20054
14644
13012
285473
-98743
141643
489760
-245725
-166430
202300
-393880
-157587
225052
-192285
444012
335834
432959
452029
82643
137688
502213
112715
-278446
499375
299862
53707
112206
273491
192341
-63238
63144
-382985
-209034
195904
-422230
96104
-49709
-218262
-36318
69350
-201673
-32521
-351970
-447725
-15100
-378037
-121880
-59008
-239291
-298459
-68679
497257
128287
273286
-11137
-319567
8450
383826
179595
-2369
-96247
-207899
-456924
-87921
132585
-78375
364916
163084
-490506
-230562
-269178
-50644
-216620
-361508
25707
201070
-250901
-284815
16902
-197804
151806
-214062
-499269
-12240
291325
-387382
-503378
417481
-371156
310071
-106532
-21994
420357
375515
426817
322920
-186928
33784
240980
-120290
371006
254940
-112513
211495
505997
62650
-362706
286996
-81268
86064
182089
477146
347265
-485680
358586
202813
373583
427129
303579
-29072
344937
-159115
270343
-482669
-149203
-139943
-484020
-255344
333561
-370686
394758
-282753
-292820
-320449
-94228
383564
-291416
262223
189550
-448757
437419
136308
162155
-424005
160074
356502
-58557
114733
459958
-196281
275221
-392683
-75115
-174072
280889
122685
4459
446481
-279901
-319026
-197285
-420090
229123
147522
227715
-291884
-62045
153959
-369239
